,id,text,category
0,460,ARMAGEDDON LONDON  |  http://t.co/CULU2OwIUc,Not a disaster
1,7017,"RETWEET #FOLLOWnGAIN

@TheMGWVboss 

??#FOLLOW?? ?~( ??~Û¢)~? @ynovak @IAmMrCash @Frankies_Style @MamanyaDana @Mayhem_4U",Not a disaster
2,4139,Moderate #drought is spreading rapidly across central Ga. #Macon #WarnerRobins #Dublin #Milledgeville #gawx http://t.co/PHNEZ60cwe,Other disaster
3,7285,Fukushima: The Story of a Nuclear Disaster http://t.co/ikpnGs3dTi http://t.co/lJHgSdRAEZ,Other disaster
4,4998,We found a sunflower explosion on our walk. http://t.co/vLNmkLWWby http://t.co/P769eo49Fj,Explosion
5,10808,"300K exotic car wrecked in train accident 
http://t.co/J49xEuj7Ps",Accident/Crash
6,4375,There was a small earthquake in LA but don't worry Emily Rossum is fine' #difficultpeople is great,Earthquake
7,785,@Mano_twits @Kolaveriboy avast an avalanche of andals,Not a disaster
8,4422,SPOILERS: your phone does not have the power to electrocute you if dropped in the bath,Not a disaster
9,10765,#science Now that a piece of wreckage from flight MH370 has been confirmed on RÌ©union Island is it possible t...  http://t.co/qNVXJ2pAlJ,Accident/Crash
10,2779,everybody like fuck curfew.. and i'm sitting here like i'll be in bed by 12.,Not a disaster
11,4810,Tram travellers evacuated after powerlines come down in Surfers http://t.co/Qsheu3yF0W,Other disaster
12,792,@90sAngelicMalik listen to wtm avalanche and take a deep breath,Not a disaster
13,1620,#SitCTips if you do vlog you WILL get video-bombed.,Explosion
14,9462,Combating #fear of #terrorismturn off your tv &amp;Veterans For Peace Calls 4 an End 2 #NATO #VFP http://t.co/YPPG4kZIpS http://t.co/cBfdI6LF2X,Violence/Attack/Terrorism
15,8167,VIDEO: 'We're picking up bodies from water': Rescuers are searching for hundreds of migrants in the Mediterran... http://t.co/xJm6Snk1G0,Not a disaster
16,8448,@GodOf_Mischief_ -of Loki's daggers she pulled it out and jammed it into Mina's thigh. When Mina screamed and grabbed at her leg sif-,Other disaster
17,6121,@emmap645 @Vickygeex @Zak_Bagans @NickGroff_ @AaronGoodwin A few friends of mine were up investigatin the hellfire last year they had loads,Fire/Wildfire
18,5409,Jacksonville Fire &amp; Rescue Engine 58 - AWESOME TRUCK! - OFFICIAL JADE FL... https://t.co/ybdSlJw7c1 via @YouTube,Fire/Wildfire
19,2584,Time to enjoy summer in a crash course of two weeks... I will never take summer classes again. (That's a lie),Accident/Crash
20,10417,"[VID]150806 Luhan From Luhan Studio Channel on YOUKU Update 

http://t.co/W7yeZkQlCJ http://t.co/C0QWZ0IshR",Not a disaster
21,11086,Authorities confirmed seismic activity near Kathmandu moments ago.,Earthquake
22,513,But if you build an army of 100 dogs and their leader is a lion all dogs will fight like a lion.,Other disaster
23,5774,Q: Why do ducks have big flat feet? A: To stamp out forest fires. Q: Why do elephants have big flat feet? A: To stamp out flaming ducks.,Fire/Wildfire
24,719,#TBT Remember that time Patrick Kane attacked a cab driver over .20,Not a disaster
25,10235,"CLUB GOING UP MIXTAPE (RNB EDITION) 2015 ?? BY DJ VOLCANO X STARZ TEAM

DOWNLOAD: https://t.co/DpBFuU2GD6",Not a disaster
26,458,Patent Pending Stream 'Armageddon' EP http://t.co/BOuaJqi3Lf,Not a disaster
27,1982,Bushfire causes first victim in Albania ::  The multiple fires in Albania have caused the first vict http://t.co/yuba6XmBlq #Bush,Fire/Wildfire
28,10550,NEMA Ekiti distributed relief materials to affected victims of Rain/Windstorm disaster at Ode-Ekiti in Gbonyin LGA.,Storm/Hurricane/Tornado
29,10290,Fur Leather Coats sprite &amp; weapon of choice was a lifestyle chosen back in '02 http://t.co/N9SNJMEVI6,Not a disaster
30,9983,Anyway' the old lady went on 'I have something to ask of you - and you alone.' THE COMING TSUNAMI http://t.co/tYeWZf3hqA,Not a disaster
31,7599,@misslyndaleigh The Original Lust  Angel her self Miss Leigh swooping down to cause mayhem &amp; pandemonium x http://t.co/BAnve2Xw4n,Not a disaster
32,8046,.@PeterDutton_MP Maintaining the integrity of our borders while not maintaining human rights of our refugees. Nice trade off.,Not a disaster
33,10668,and the salt in my wounds isnt burnin any more than it used to its not that i dont feel the pain its just im not afraid of hurting anymore,Not a disaster
34,8527,IM SCREAMING ?????????????????????????????????????????? OMG WTF???????? https://t.co/bfEhX84lrj,Not a disaster
35,2177,Learning from the most destructive volcanic event in U.S. history thirty-five years later: http://t.co/KkjP9KsBst,Other disaster
36,2589,@natethewolf Car vs Motorcycle Crash Fairport Nine https://t.co/SkUQMJq7g2 #BGC14,Accident/Crash
37,6411,@ReinhardBonnke is preaching on the Holy Spirit! Holy Spirit blows atmosphere to pieces! Atmosphere is air in a jar. The HS is a hurricane!,Storm/Hurricane/Tornado
38,10370,NAVY SAYS LT CMDR WHO FIRED SIDEARM IN DEFENSE DURING NOSC CHATTANOOGA TERRORIST ATTACK WILL NOT FACE CHARGES... http://t.co/vCcDKC4qt2,Fire/Wildfire
39,4271,No reported cases of people drowning in sweat...FYI,Other disaster
40,10590,Gunmen open fire on bus near El Salvador's capital killing 4 a week after gang attacks killed 8 bus drivers: http://t.co/Pz56zJSsfT bitÛ_,Fire/Wildfire
41,6866,RedScareBot: Duck and Cover! RT tanstaafl23: noah_anyname Socialism means mass murder. Houze that for 'correlation'?,Not a disaster
42,550,Spokane authorities say they're struggling to solve arson cases like today's on Hamilton. http://t.co/Qbs2k01WzK http://t.co/mvLZIYsGLL,Other disaster
43,5777,Inciweb OR Update:  Rogue River-Siskiyou National Forest Fires  8/5/15 12:00 PM (Rogue River-Siskiyou NF AreaÛ_ http://t.co/LkwxU8QV7n,Fire/Wildfire
44,6683,#Flashflood causes #landslide in Gilgit #Pakistan Damage to 20 homes farmland roads and bridges #365disasters  http://t.co/911F3IXRH0,Flood
45,8256,Leeds fan.... rioting in Embra at a lower tier/ league cup final ... dee dum,Other disaster
46,4549,@POTUS Thx for emergency dec. http://t.co/DyWWNbbYvJ 4 days and no plan to get H20 to those who have no transport. Can you deploy troops?,Other disaster
47,4597,@chrisroth98 @chaselabsports in an emergency situation late in the year. Not as a plan in camp,Other disaster
48,907,To fight bioterrorism sir.,Violence/Attack/Terrorism
49,4751,Just had to evacuate the 100 Oaks Regal theater. I've never been more terrified.,Not a disaster
50,11136,Flooding shut down major roads in Sydney today.,Flood
51,3254,Barton-Le-Clay house owner told to demolish extension - BBC News http://t.co/inxvExrsyV,Not a disaster
52,2187,Stop Extreme Regulations That Hurt The Middle Class http://t.co/ATp5apYxRr,Not a disaster
53,2747,That ball was crushed,Not a disaster
54,813,@JackiSheaffer I have the same battle!,Not a disaster
55,8393,Watch This Airport Get Swallowed Up By A Sandstorm In Under A Minute http://t.co/mkWyvM3i8r,Storm/Hurricane/Tornado
56,3255,Enugu Government to demolish illegal structures at International Conference Centre http://t.co/DaqszZuBUb,Not a disaster
57,674,#volleyball Attack II Volleyball Training Machine - Sets Simulation - http://t.co/dCDeCFv934 http://t.co/dWBC1dUvdk,Violence/Attack/Terrorism
58,2826,Cyclone Komen devastates families in Myanmar this week. We need to help them today: http://t.co/fCujsIOyQO,Storm/Hurricane/Tornado
59,7217,IRIN Asia | Red tape tangles Nepal reconstruction | Nepal | Disaster Risk Reduction | Natural Disasters http://t.co/q7LG6ncf7G,Not a disaster
60,10332,"Lol
Look how tough some people talk that live in some of the most gang infested cities in America
Your mouth isn't a weapon
You fucking wimp",Other disaster
61,1782,@blainescronuts thats what i would do if there were buildings on fire,Fire/Wildfire
62,6069,Heat wave in WB heavy losses and no compensations (report) -  http://t.co/wMDihdiz1r (via PalinfoEn)   #Palestine,Other disaster
63,7448,Why Did God Order Obliteration of Ancient Canaanites? -Bible Scholars Say Dire Warnings for America LieÛ_ http://t.co/3eSqlK8xy1 #NEWS,Not a disaster
64,2535,West Valley I405 N / Us101 S I405 N Con **Trfc Collision-Unkn Inj** http://t.co/jS9EhP88wQ,Accident/Crash
65,7963,The Latest: More homes razed by Northern California wildfire: The latest on wildfires burning in California andÛ_ http://t.co/0Keh2TReNy,Fire/Wildfire
66,1675,Sioux City Fire Officials Believe Bridge Collapse Lead To Cement Truck Roll Over - Siouxland Matters: Siouxlan... http://t.co/sZTGmbkoHG,Fire/Wildfire
67,5994,#alfa #forecast Olap #world pres: http://t.co/YiFXKRQx0C How To Recognize A Hazardous Waste And The Multidimen http://t.co/HO4b3L0KI8,Not a disaster
68,6496,8/5 Arizona Cardinals news: Jaron Brown makes headlines minor injuries continue to build http://t.co/QxKncvlrh1 http://t.co/KJnhNPMxGr,Not a disaster
69,1861,Mad River Complex fires have burned 14028 acres 8% contained: The Mad River Complex fires in Trinity County ... http://t.co/LfNIPpNOtO,Fire/Wildfire
70,7774,@robbiewilliams U fkn asswipe playing for Israeli child killers.. The fkn karma police will get U.,Other disaster
71,4571,Hello Calgary!! Important news!! Please be advised!!! http://t.co/ARKTJ9Qn4S,Other disaster
72,6196,Governor Allows Parole for School Bus Hijacker http://t.co/DzlPNP399x,Other disaster
73,1133,.@WestmdCountyPA land bank targets first #Latrobe building in 20th property acquisition to fight #blight: http://t.co/regDv873Aj,Not a disaster
74,3268,Enugu Government to demolish illegal structures at International Conference Centre: Enugu State government app... http://t.co/bzINn2wXHu,Not a disaster
75,7964,The Latest: More Homes Razed by Northern California Wildfire' by THE ASSOCIATED PRESS via NYT http://t.co/rDF0ZuW7lZ,Fire/Wildfire
76,5741,@gilmanrocks7 wow. Where is this? For the rest of the summer I usually have to worry about forest fires. Calgary is about 8 hours away.,Fire/Wildfire
77,7560,Families to sue over Legionnaires: More than 40 families affected by the fatal outbreak of Legionnaires' disea... http://t.co/3sNyOOhseq,Other disaster
78,62,Had an awesome time visiting the CFC head office the ancop site and ablaze. Thanks to Tita Vida for taking care of us ??,Not a disaster
79,11003,Emergency crews are responding after an earthquake rattled Mexico City.,Earthquake
80,7499,Refugio oil spill may have been costlier bigger than projected - http://t.co/6aUOT9vaIS  http://t.co/j2SyewbHE2,Not a disaster
81,11314,Flash floods swept through Auckland after heavy rainfall.,Flood
82,9905,I'm traumatised???? @megancoopy @laurathorne97 http://t.co/MeSqTVdu63,Not a disaster
83,10557,One thing I wanna see before I die&gt; #Trump standing in a good windstorm with no hat on!!! #Hardball,Not a disaster
84,4882,Kendall Jenner and Nick Jonas Are Dating and the World Might Quite Literally Explode http://t.co/pfvzVPxQGr,Other disaster
85,7953,@Robot_Rainstorm I'm a huge football fan as you know but I've never done fantasy leagues. Patience for a newbie?,Not a disaster
86,2728,@CBSBigBrother ouch Clelli....you could almost hear their hopes and dreams being crushed !,Not a disaster
87,6849,@samanthaturne19 It was... Nagaski another act of mass murder sanctioned and forgiven cause the Allies won... Not by me.,Other disaster
88,4669,He came to a land which was engulfed in tribal war and turned it into a land of peace i.e. Madinah. #ProphetMuhammad #islam,Other disaster
89,11122,Emergency crews are responding after an earthquake rattled Santiago.,Earthquake
90,7401,@AllOutAsh23_sN Heard you got obliterated and also that your brother/boyfriend ran out of the building crying last night. LOL. 'MD/VA!!!!,Not a disaster
91,9815,@RaabChar_28 @DrPhil @MorganLawGrp How do you self-inflict a wound to your side and blunt force trauma not consistent with fall dimensions?!,Not a disaster
92,1172,@justin_fenton Per my Sun piece from last year I think this is the opposite of what should be done: Urban Blight should be monumentalized.,Not a disaster
93,885,@CAgov If 90BLKs&amp;8WHTs colluded 2 take WHT F @USAgov AUTH Hostage&amp;2 make her look BLK w/Bioterrorism&amp;use her lgl/org IDis ID still hers?@VP,Violence/Attack/Terrorism
94,6641,"Punjab government flood relief platform: 

http://t.co/bpG68gXI9k 

realtime information on inundation damages... http://t.co/c8T9ThI7Wd",Flood
95,3799,@HJudeBoudreaux Start your car with it! Or use it to detonate an evil henchman!!,Not a disaster
96,10209,"nside a Dragon's belly. Or an ice cave under
a volcano in Kamchatka | Photography by
å©Daniel Korzhonov
http://t.co/8T36HWgoqd",Other disaster
97,4826,Our mission to see the end of this movie last night @markoturner @annaciclismo after getting fire alarm evacuation http://t.co/5kFOVovjso,Fire/Wildfire
98,9635,OUN issues Severe Thunderstorm Warning for Oklahoma [OK] till 10:30 PM CDT http://t.co/do6H2pVuB4,Storm/Hurricane/Tornado
99,1322,@halfpeachh @CaitlinCavanah I can't deal right now OMG WHO REMEMBERS BLOODY MARY? ????,Not a disaster
100,10097,Saipan has no water electricity in aftermath of typhoon http://t.co/UBAk5uOI48,Storm/Hurricane/Tornado
101,6299,quoted here--&gt;CNN: Purported ISIS video threatens Croatian hostage http://t.co/swVuZxi6gT,Violence/Attack/Terrorism
102,6079,God the past few nights have been awesome but tonight it looks like the heat wave is back ?? can't breathe in my room!,Not a disaster
103,7535,Refugio oil spill may have been costlier bigger than projected http://t.co/7L6bHeXIXv | https://t.co/eMOSrMUvQa,Other disaster
104,10465,Go home California you're drunk. Natural selection has taken affect. Debt extreme wild fires water supply problems. You fail as a state.,Fire/Wildfire
105,11021,Aftershocks continue following the earthquake in Santiago.,Earthquake
106,4861,@wyattmccab you'd throw a can of Copenhagen wintergreen on the ground that would explode on your enemies and give them mouth cancer,Not a disaster
107,7375,mirajane as satan soul could obliterate me and step on my ashes any day,Not a disaster
108,9306,You deserve love but a queen don't need a king to survive??,Not a disaster
109,7642,Pandemonium In Aba As Woman Delivers Baby Without FaceåÊ(Photos) http://t.co/bM0SXzbNKE,Other disaster
110,9642,Strong Thunderstorm 4 Miles East of Pickens Moving NE At 20 MPH. Pea Size Hail and Wind Gusts Up to 40 MPH... #scwx http://t.co/TsaLetFtkt,Storm/Hurricane/Tornado
111,1055,@KrisZellner But Triplemania has the promise of Villano bleeding and Del Rio whooping that Trick Myztiziziziziz.,Not a disaster
112,11069,The ground shook violently during an earthquake in Miami.,Earthquake
113,3570,A new favorite: Desolate 2 by r3do https://t.co/HDv3ZirBCi on #SoundCloud,Not a disaster
114,2804,Happy to report all is quite in the TROPICS. Cyclone Development not expected at this time @CBSMiami @MiamiHerald http://t.co/vI5oVsaHqL,Storm/Hurricane/Tornado
115,4260,Drowning' - Acrylic 08.05.15 https://t.co/X17fUBQBGG,Other disaster
116,2200,As long as my #Baby is blissfully unaware of the catastrophic day happy  fed bathed  cared for...Û_ https://t.co/zMvrjLjoog,Not a disaster
117,8895,you're my snowstorm baby ??,Storm/Hurricane/Tornado
118,4111,Gov. Brown links CA wildfire to drought http://t.co/jEvrCWUdpm,Fire/Wildfire
119,3258,Salvation Army bid to demolish cottages http://t.co/3kuXonOchl #Southend http://t.co/enQaSCGFyw,Not a disaster
120,3557,RT @danielkemp6 Likened to THE 39 STEPS and The GOOD SHEPHERD by the FILM producer THE DESOLATE GARDEN on ALL here  http://t.co/fel4QhWyFD,Not a disaster
121,9968,TheDIYHacks: RT Illusionimagess: A tsunami cloud. http://t.co/H6t4x1EVTx,Not a disaster
122,2364,Roof collapsed a bowling alley many in the community remember going to for more than 30 years @KEZI9 http://t.co/sAhbhLXsSh,Other disaster
123,3647,My Chemical Romance ÛÓ Desolation Row #np,Not a disaster
124,3455,@Ohmygoshi @unsuckdcmetro At this point I expect to hear reports about a Metrobus being derailed.,Other disaster
125,3862,Ignition Knock (Detonation) Sensor-KNOCK SENSOR Delphi AS10004 http://t.co/LMrKgPOrcF http://t.co/6WAdNmsTOv,Not a disaster
126,6988,"@WKRN 
Parents of Colorado theater shooting victim fear copycat massacre

http://t.co/LvlH3W3aWO
#Antioch

http://t.co/vIwXY1XDYK",Violence/Attack/Terrorism
127,6492,"Last time I checked Lots of injuries over the course of time = injury prone. 

@Calum36Chambers am I wrong?",Not a disaster
128,8847,just trying to smoke and get Taco Bell,Not a disaster
129,6783,@Lightning_OOC I AM BEING SUBJECTED TO UNWARRANTED SEXUAL CONVERSATION.,Not a disaster
130,6797,@Followtheblonde @reba RED THUNDER AND BLONDE LIGHTNING BACK IN ACTION??????,Not a disaster
131,6041,Apocalpytic Iran Heat Wave Nearly Breaks World Record http://t.co/Y8WLOcTeVC,Other disaster
132,6758,NWS says thunderstorms with deadly lightning will move across the Black Hills this evening. That assumes there's a safe type. Hmm?,Storm/Hurricane/Tornado
133,8494,Love waking up to my dad screaming at me ??????,Not a disaster
134,9593,@AsimTanvir @NemesisK_PES @KevR_7  Snow? Thunder and lightning?,Other disaster
135,8274,RT : Why Sweden Isn't Venezuela: There have been a few days of rioting in Venezuela with the riots directed at grÛ_ http://t.co/GJfd85vuf2,Other disaster
136,580,Mourning notices for stabbing arson victims stir Û÷politics of griefÛª in Israel http://t.co/Q4L7Dg56JM,Other disaster
137,10060,Find out how your fund was used for Typhoon Haiyan in the Philippines. See @DevPeace Haiyan Relief Funds Report http://t.co/JwxrX1LsqO,Storm/Hurricane/Tornado
138,278,@margaretcho Call me a fag and I'm going to call you an ambulance :) #RainbowPower,Not a disaster
139,8595,Oil and Gas Exploration http://t.co/PckF0nl2yN,Other disaster
140,10435,#HarperANetflixShow  Blazing Saddles  (a show about wild fires in Alberta),Fire/Wildfire
141,1341,White family (supposedly representing America's GREAT values ) gets blown up in a horrible CGI nuclear strike..... LMFAOOOO!!!!!!!!!!!!,Other disaster
142,9973,#sing #tsunami Beginners #computer tutorial.: http://t.co/ukQYbhxMQI Everyone Wants To Learn To Build A Pc. Re http://t.co/iDWS2ZgYsa,Not a disaster
143,1095,Wow social media really blew up after the shania twain concert,Not a disaster
144,4174,@LadyTraining yes I will probably drown her in craft throughout our years but by no means spoiled,Not a disaster
145,7528,news@@ Refugio oil spill may have been costlier bigger than projected http://t.co/jhpdSSVhvE,Other disaster
146,8042,./.....hmm 12000 Nigerian refugees repatriated from Cameroon http://t.co/FVTj8qwJZW /(,Not a disaster
147,6409,Found out a hurricane is brewing for thursday lol ??????,Storm/Hurricane/Tornado
148,10444,Map shows where all of California's wild#fires are burning: This map created by CAL FIREÛ_ http://t.co/0x8jAQToWM http://t.co/m1RoSi2Wcs,Fire/Wildfire
149,5151,Investigators shift focus to cause of fatal Waimate fire http://t.co/ej0mewOupS,Fire/Wildfire
150,7929,major rainstorm happening! I'm gonna lie down and drift away to the storming around me for a little while. bebacksoon.,Storm/Hurricane/Tornado
151,3677,@alexhern he created vr only he can destroy it.,Not a disaster
152,2926,@pukesmoothie I don't understand WHY he would put us in that danger.,Not a disaster
153,10486,"kc5kH mhtw4fnet

Crews gaining on huge Northern California wildfire - CBS News",Fire/Wildfire
154,3751,World of Warcraft: Legion Revealed at gamescom: The Burning Legion returns to bring destruction to Azeroth onc... http://t.co/7n9qqkQIl3,Not a disaster
155,3550,Helping Hand: In Mumbai 2 TTEs take charge of helpline to calm anxious relatives - The Indian Exp... http://t.co/B9KUylcxg4 MumbaiTimes,Other disaster
156,9102,...//..// whao.. Pic of 16yr old PKK suicide bomber who detonated bomb in Turkey Army trench released http://t.co/tuVbR4lEP3,Explosion
157,1979,Slash-and-burn blamed for bush fires in western St Thomas - http://t.co/5dJ6cHjFZP,Fire/Wildfire
158,5858,IG: http://t.co/2WBiVKzJIP 'It's hailing again! #abstorm #yyc #hail #hailstorm #haildamage #yycweather #calgary #captureyyc #alberta #stoÛ_,Storm/Hurricane/Tornado
159,8876,I'm not asking no fee to smoke sumn if we ain't smoking out a ounce that's disrespectful,Not a disaster
160,8323,"@KurtSchlichter Grandpa fought his way across Western Eurpoe mustered out in Guam on his way to the Home Islands.

Bounce the rubble.",Not a disaster
161,9993,I liked a @YouTube video http://t.co/18aAsFMVbl Call Of Duty Ghosts Walktrough Part-8 Tsunami!,Not a disaster
162,11274,People are stranded after sudden flooding hit Delhi.,Flood
163,1551,@jonathanshainin I think the bomb raises all sorts of great questions but this isn't one of them,Explosion
164,4459,Youth electrocuted in Khulna  | http://t.co/3EnyNdXpPm https://t.co/GQpi7jMKan via @sharethis,Other disaster
165,3116,RÌ©union Debris Is Almost Surely From Flight 370 Officials Say - New York Times http://t.co/VFbW3NyO9L,Other disaster
166,9043,Investigators say a fatal Virgin Galactic spaceship crash last year was caused by structural failure after the... http://t.co/FoxpVpTttA,Accident/Crash
167,2470,Two cars collided following shotgun fire in Denton http://t.co/0r03C6njLI,Fire/Wildfire
168,2271,Photographer Brian Ruebs endures 4500-feet climb to capture bride and groom http://t.co/BmWmpOyDIg,Not a disaster
169,1680,New: Two giant cranes holding a bridge collapse into nearby homes http://t.co/ACirPv8Hn4,Not a disaster
170,9115,ll//ll= Pic of 16yr old PKK suicide bomber who detonated bomb in Turkey Army trench released http://t.co/8vBgg9IY7i /,Explosion
171,994,@Blazing_Ben @PattyDs50 @gwfrazee @JoshuaAssaraf Not really. Sadly I have come to expect that from Obama.,Not a disaster
172,975,My big buzzy John BlaZe. Jus Kame home from a 12 year bid. #LoveThyFamily https://t.co/xrEuoNzzbi,Not a disaster
173,8807,and my dad is high I have a dysfunctional family,Not a disaster
174,8150,@Durban_Knight Rescuers are searching for hundreds of migrants in the Mediterranean after a boat carr... http://t.co/cWCVBuBs01 @Nosy_Be,Other disaster
175,722,"That 'attitude problem' is a result of constantly being belittled bashed attacked &amp; demoralized. 
FUCK YOU @HOT97",Violence/Attack/Terrorism
176,10091,Massive Typhoon heads toward Taiwan. http://t.co/Na2Ey64Vsg,Storm/Hurricane/Tornado
177,2105,"?please read casualty fans?
Let us know &amp; help spread the word by retweeting! DM me or @ScriptetteSar for more info?? http://t.co/HDrBTJRoHb",Not a disaster
178,3498,"CNN News August 5 2015 Two trains derailed amid floods ...
Video for india august flooding 2015 video youtube?... http://t.co/MMIyE1k8ZZ",Flood
179,2444,"When transgender Sam takes runaway Lizzie in two very different worlds collide as they explore unjust boundaries and trust.
Sam(uel)
#books",Not a disaster
180,11139,Flooding shut down major roads in Istanbul today.,Flood
181,77,Police: Arsonist Deliberately Set Black Church In North CarolinaåÊAblaze http://t.co/pcXarbH9An,Other disaster
182,2454,Cyclist who collided with runner on Roanoke greenway wins $300000 civil verdict http://t.co/WgasoeNCwc via @roanoketimes,Not a disaster
183,1820,Multiple houses/buildings on fire in Kalispell http://t.co/1iyThVshgF,Fire/Wildfire
184,9422,The second part which focuses on the survivors is really difficult to watch but at the same time is really powerful.,Other disaster
185,9539,RT AbbsWinston: #Zionist #Terrorist kidnapped 15 #Palestinians in overnight terror on Palestinian Villages Û_ http://t.co/J5mKcbKcov,Violence/Attack/Terrorism
186,6931,Has gun law ever dissuaded a potential mass murderer?,Other disaster
187,7067,Craving a triple chocolate meltdown from bees rn,Not a disaster
188,729,Christian Attacked by Muslims at the Temple Mount after Waving Israeli Flag via Pamela Geller - ... http://t.co/mXZ7yX8ld1,Violence/Attack/Terrorism
189,6176,Swansea ?plot hijack transfer move for Southampton target Virgil van Dijk? http://t.co/PYL26NFEn8,Not a disaster
190,3817,Audio: Listen/purchase: Detonate (feat. M.O.P.) by Apollo Brown http://t.co/6ZSWtoKsif,Not a disaster
191,8989,TodayÛªs storm will pass; let tomorrowÛªs light greet you with a kiss. Bask in this loving warmth; let your soul return to bliss.,Storm/Hurricane/Tornado
192,240,I had a airplane accident.,Accident/Crash
193,2260,2Leezy its like you're about to fall down a cliff but you're grabbing my hand but my palms are sweaty ... Why bruh? https://t.co/GrWdr4kuf3,Other disaster
194,6876,Urgent! Save the Salt River #WildHorses! Mass murder by the very ppl supposed to protect them?  --&gt; http://t.co/14wH0pJJ2C @CNN @CBC,Other disaster
195,9675,@SakhalinTribune Calgary area tornado warnings end as thunderstorms move eastward,Storm/Hurricane/Tornado
196,4550,See Aug 4 2015 PoconoRecord @EmergencyMgtMag - How Many Households Have an #Emergency Plan? | http://t.co/7zlsUmIess http://t.co/TdccH01N7q,Other disaster
197,10287,-honey you ain't no angel. You like to scream these words as a weapon. Well go ahead take your best shot woman. I wanna leave you it's,Not a disaster
198,236,#BreakingNews Experts in France begin examining airplane debris found on Reunion Island: French air accident e...  http://t.co/3XIcUvlvlJ,Accident/Crash
199,7402,Damnnnn $GMCR got obliterated -26% ;that should pay HUGE to whomever played accordingly,Not a disaster
200,1018,@asukager magical bag of blazing,Not a disaster
201,6170,#LatestNews: Tension In Bayelsa As Patience Jonathan Plans To Hijack APC PDP,Other disaster
202,8308,China's Stock Market Crash: Are There Gems In The Rubble? http://t.co/EpNju0pZjM #forbes,Accident/Crash
203,4585,Senators calling for emergency housing: Boxer Feinstein back plan to move #homeless vets to VA campus http://t.co/Gm80X3vutf,Other disaster
204,10043,@kady I would pay to watch the leaders play Twister.,Not a disaster
205,6429,@Hurricane_Dolce no prob,Storm/Hurricane/Tornado
206,5897,@ShaunKing HARSH PENALTIES FOR LEGAL FIREARM OWNERS WHO STRAW PURCHASE A FIREARM FOR ANY FELON. GANG MEMBERS ONLY INTEND TO CAUSE HARM!,Fire/Wildfire
207,8603,"Anti-fracking group seeks review over #Lancashire seismic monitoring:
 
http://t.co/ZzbqmGNUsl #fracking http://t.co/Y23Xzl3fZv",Earthquake
208,2057,Afghanistan: sharp rise in women and children casualties in first half of 2015 http://t.co/3sqSErgnI2,Other disaster
209,8825,Photoset: hakogaku: ?åÊI am a kurd. i was born on a battlefield. raised on a battlefield. gunfire sirens... http://t.co/obp595W7tm,Fire/Wildfire
210,1547,@daniglasgow45 Happy birthday big D!!! I miss you girl hope you have a bomb one ???? http://t.co/cFouwPBRCG,Not a disaster
211,9556,@dmassa5 Definite triple crown threat. Him and Harper both.,Other disaster
212,2044,@JimW_in_NM @KurtSchlichter Here's the thing: they were predicting UP TO A MILLION AMERICAN CASUALTIES. Forget the goddamn Japanese.,Not a disaster
213,882,I liked a @YouTube video http://t.co/XO2ZbPBJB3 FEMA REGION III TARGETED for BIOTERRORISM !!! NASA - JAPAN ROCKET LAUNCH with LITHIUM,Violence/Attack/Terrorism
214,3305,A demolished Palestinian village comes back to life http://t.co/Jsf5OFB3m6 via @wagingnv http://t.co/Hskd5MUosM,Not a disaster
215,9390,Trapped a bee in my shoe only one of us survived I just ran 0.15 mi @ a 13'46'' pace with Nike+. http://t.co/IbG4ynJsw8 #nikeplus,Not a disaster
216,6823,Jrowah: Breaking news! Unconfirmed! I just heard a loud bang nearby. in what appears to be a blast of wind from my neighbour's ass.,Explosion
217,3343,@OpTic_DKarma dude they demolished you!,Not a disaster
218,10820,@stighefootball Begovic has been garbage. He got wrecked by a Red Bull reserve team and everyone else this preseason,Accident/Crash
219,632,Suspected serial arsonist arrested in NorCal http://t.co/Dty4t75CGu http://t.co/MjxbygejyL,Not a disaster
220,9938,why is it trouble@niallhariss / @simply_vain live on http://t.co/iAhJj0agq6,Not a disaster
221,6377,Sinjar Massacre Yazidis Blast Lack of Action Over Hostages http://t.co/fdU8aCnC2W #denver #billings #rapidcity #seattle #cheyenne #lasvegas,Explosion
222,7387,(rubs lamp greets genie) just need the 1 wish thanks. pls obliterate anyone who has used the hashtag #youcantsitwithus,Not a disaster
223,1086,@idkimnotfunny this quickly blew up and my mom doesn't get why it's so popular,Not a disaster
224,1153,http://t.co/ETkd58Un8n - Cleveland Heights Shaker Heights fight blight: The House Next Door http://t.co/LRelVrm06w,Not a disaster
225,1659,The 'sanitised narrative' of Hiroshima's atomic bombing. #Hiroshima70 #japan http://t.co/zsyj6sqYCn,Explosion
226,5373,@BrookTekle_ didn't look like a murder scene just 1 cops a fire truck and 2 fire assistance cars along with a helicopter,Fire/Wildfire
227,3110,Debris Found in Indian Ocean could be Malaysia Flight 370! http://t.co/VUoJPrKUAX,Not a disaster
228,7920,Severe rainstorm in Italian Alps causes landslide killing three near ski resort http://t.co/DzKOKka1Eh,Storm/Hurricane/Tornado
229,4790,"Trafford Centre film fans angry after Odeon cinema evacuated following false fire alarm: 
 Twi... http://t.co/RYEQMxIrj8 #manchesterlite",Fire/Wildfire
230,3749,@Warcraft weapon of destruction!,Not a disaster
231,6057,#Jackson #ms Longest Streak of Triple-Digit Heat Since 2013 Forecast in Dallas http://t.co/Ih0Awv3L1O,Other disaster
232,10631,@wocowae Officer Wounded Suspect Killed in Exchange of Gunfire http://t.co/QI2BDvkab7 ushed,Fire/Wildfire
233,11290,Authorities issued a flood warning for Manila.,Flood
234,3261,Enugu Government to demolish illegal structures at International Conference Centre http://t.co/9Hq5miwXFU,Not a disaster
235,3099,Walmart is taking steps to keep children safe in hot vehicles. Take a look at the innovative car seat here! http://t.co/z3nEvGlUFm,Not a disaster
236,130,Accident left lane blocked in #Manchester on Rt 293 NB before Eddy Rd stop and go traffic back to NH-3A delay of 4 mins #traffic,Accident/Crash
237,2529,Marin Sr37 / Sr121 **Trfc Collision-Unkn Inj** http://t.co/yqJVEVhSzx,Accident/Crash
238,2023,disinfo: Warfighting Robots Could Reduce Civilian Casualties So Calling for a Ban Now Is ... -... http://t.co/yUinMErQ2s #criticalmedia,Other disaster
239,1983,@DoriCreates @alhanda seems gov moonbeam between tokes blames bush for all the fires.,Fire/Wildfire
240,3748,New RAN report from the frontlines of human rights abuses and forest destruction for fashion.: http://t.co/tYDXauuEnQ,Other disaster
241,10480,when there's 35 wild fires in the US and 21 of them are in California....AND we're in a drought.....this state is so sad,Fire/Wildfire
242,5085,@FinancialTimes Ethiopian regimes continue receiving foreign aid when famine struck for 2 years eastern Ethiopia  https://t.co/2fGgzQn1v4,Other disaster
243,6126,Fel Lord Zakuun is about to DIE ! #Hellfire #WOD http://t.co/x1oNV3d5uX,Fire/Wildfire
244,8104,10-Month-Old Baby Girl was Rescued by Coastguard after She Floated HALF A MILE Out to Sea! http://t.co/kJUzJC6iGD,Not a disaster
245,4801,Green Line train derails on South Side passengers safely evacuated CTA says http://t.co/w6F7ZiS3KA http://t.co/t7L8jCjyq3,Not a disaster
246,7003,Slayer Reflects on Low Mayhem Festival Attendance King Diamond &amp; Jeff Hanneman's Passing http://t.co/E4hcbQSltu,Not a disaster
247,4937,#news #science London warship exploded in 1665 because sailors were recycling artillery cartridges: A dive to ... http://t.co/r4WGXrA59M,Not a disaster
248,4803,Is it seclusion when a class is evacuated and a child is left alone in the class to force compliance?  #MoreVoices,Other disaster
249,2849,WFP - WFP Delivers Food To 165000 Bangladesh Flood Victims After Tropical Cyclone Komen: DHAKA ÛÒThe United Na... http://t.co/fukbBeDfGx,Flood
250,10163,Rather violent storm. Possibility of no stream tonight.,Storm/Hurricane/Tornado
251,4342,Going to a fest? Bring swimming goggles for the dust storm in the circle pit,Storm/Hurricane/Tornado
252,772,2 TIX 10/3 Frozen Fury XVII: Los Angeles Kings v Avalanche 216 Row:L MGM Grand http://t.co/qyCwho8guN,Not a disaster
253,11114,The earthquake in Kathmandu caused power outages and road damage.,Earthquake
254,4301,NASA MODIS image: Dust storm over Morocco and the Straits of Gibraltar http://t.co/QWQnni7VMZ #duststorm,Storm/Hurricane/Tornado
255,521,5 Seconds of Summer Is my pick for http://t.co/qcHV3JqOVK Fan Army #5SOSFAM http://t.co/gc0uDfnFgg  ÌÑ1,Not a disaster
256,4379,[GPV Wind] As of 06JST 6AUG: WNW 06JST 6AUG / E 12JST 6AUG / S 18JST 6AUG. http://t.co/l6jBjAj8dm,Not a disaster
257,2233,Emergency units simulate a chemical explosion at NU: Suppose a student in the research labs at NorthwesternÛ_ http://t.co/0NR4DPjgyL,Explosion
258,6862,"@noah_anyname That's where the concentration camps and mass murder come in. 
 
EVERY. FUCKING. TIME.",Not a disaster
259,1812,I just wanted to watch Paper Towns but the buildings on fire ?????,Fire/Wildfire
260,255,http://t.co/Q5XTkaKM08 I'M DYING SEND AN AMBULANCE @M__Belly @brightasastar_,Not a disaster
261,701,Aus need career best of @davidwarner31 along with Steve smith to even try competing.. SURA virus has attacked team Australia brutally,Violence/Attack/Terrorism
262,9978,Earthquake and tsunami that occurred in Japan 'free speech' is also swallowed. http://t.co/TJyyFT6NV0,Earthquake
263,9530,I always wonder why and how media is capable to meet or get details of terrorist? Cops dont even get to know them primarily? Strange,Violence/Attack/Terrorism
264,4609,We're #hiring! Read about our latest #job opening here: RN Nurse Shift Manager Emergency Services - Full time... - http://t.co/sNuBZA6KSC,Not a disaster
265,9754,Rly tragedy in MP: Some live to recount horror: ÛÏWhen I saw coaches of my train plunging into water I called ... http://t.co/xtlJz7BjgL,Other disaster
266,1397,Louis Vuitton Monogram Sophie Limited Edition Clutch Cross body Bag - Full read by eBay http://t.co/YC2FYXiKBA http://t.co/Pv8wRAvNZQ,Not a disaster
267,9431,Û÷Faceless body belonged to my sisterÛª: #Hiroshima #Nagasaki #nuke survivors recall horrors 70 years on ÛÓ RT News http://t.co/918EQmTkrL,Other disaster
268,10148,"Medieval Upheaval (Hardy Boys: The Secret Files)
Franklin W. Dixon - Aladdin. http://t.co/Yb7ijKtlnB",Not a disaster
269,6237,The Murderous Story Of AmericaÛªs First Hijacking http://t.co/VgBOpxb6Wg,Not a disaster
270,10426,@ckosova Read Whirlwind about this subject amongst others. The bomb saved millions of lives yes that's true.,Explosion
271,8690,There's a sinkhole in Brooklyn ?!,Other disaster
272,6574,Enter the world of extreme diving ÛÓ 9 stories up and into the Volga River http://t.co/gptysALfKi,Not a disaster
273,8710,"@AP 
 Too slow report the sinking boat in the Mediterranean sea what a shame",Other disaster
274,4126,You can't use as much water in a drought as you can with a flood!,Flood
275,6581,Ben Heenan carted off the field at @Colts training camp.. No word on how serious the injury is #colts #nfl,Not a disaster
276,3053,#vaxshill 2 deaths from measles complications in 10 yrs everyone looses their shit. 8 dead from Legionnaires in a month &amp; crickets,Other disaster
277,877,FedEx no longer to transport bioterror germs in wake of anthrax lab mishaps http://t.co/4M5UHeyfDo via @USATODAY,Violence/Attack/Terrorism
278,105,BigRigRadio Live Accident Awareness,Accident/Crash
279,1972,@POTUS Would you please explain what you are going to do about the volcanoes &amp; bush fires spouting all that CO2 into the air?,Fire/Wildfire
280,431,I added a video to a @YouTube playlist http://t.co/OCurjyDRcn FUTURISTIC HOUSE (Built To Survive The Apocalypse!) - Minecraft Maps,Not a disaster
281,846,FedEx not willing to transport research specimens of potential bioterror pathogens in wake of anthrax lab mishaps  http://t.co/cM8UnI1mRG,Violence/Attack/Terrorism
282,8142,VIDEO: 'We're picking up bodies from water': Rescuers are searching for hundreds of migrants in ... http://t.co/bS6PjT09Tc #Africa #News,Other disaster
283,1816,1943: Poland - work party prisoners in the Nazi death camp Treblinka rebelled seizing small arms and setting buildings on fire. #history,Fire/Wildfire
284,6021,#triangle #peter Olap #world pres: http://t.co/JeHTQAqDFh How To Recognize A Hazardous Waste And The Multidime http://t.co/gwXdjd8nGu,Not a disaster
285,401,RT: janenelson097: RT StephenSCIFI: Adaptation Watch: Charlie Human's APOCALYPSE NOW NOW Optioned for Film #sciencefiction Û_,Not a disaster
286,7293,@Lacci Yes it's a disaster. To shut down all nuclear power plants would be to reverse ALL the gains from renewables so far.,Not a disaster
287,6084,weather warfare Follow the Money This Government Is What Our Founding Fathers Were Warning Us About The Weather... http://t.co/TgtCRU8jiO,Other disaster
288,3457,@FixWMATA @AdamTuss Do you know about path of derailed train? Doesn't make sense. If it was coming from yard why turning at Smithsonian?,Not a disaster
289,8952,kesabaran membuahkan hasil indah pada saat tepat! life isn't about waiting for the storm to pass it's about learning to dance in the rain.,Storm/Hurricane/Tornado
290,5939,Choking Hazard Prompts Recall Of Kraft Cheese Singles http://t.co/nJLqRqcnL9,Other disaster
291,986,This bowl got me thinking... Damn I've been blazing for so damn long,Not a disaster
292,10773,Wreckage 'Conclusively Confirmed' as From MH370: Malaysia PM http://t.co/MN130C4e2D via @ndtv,Accident/Crash
293,3503,Madhya Pradesh Train Derailment: Village Youth Saved Many Lives,Other disaster
294,9142,Suicide bomber kills 15 in Saudi security site mosque http://t.co/ETyZY8GB2A #mercados,Explosion
295,2365,I used to have a good time from June to about July 10th then my summer just collapsed smh,Not a disaster
296,8897,Tess was almost born in a snowstorm. I was 39 years ago. Here's her birth story. http://t.co/UnyuRR8baw #VBAC #NaturalBirth,Storm/Hurricane/Tornado
297,10072,Typhoon Soudelor: When will it hit Taiwan ÛÒ and how bad will it be? #GeneralNews http://t.co/cWZHgEzAJ4,Storm/Hurricane/Tornado
298,6952,1 TRILLION Dollar Lawsuit Filed Against MSM For 'Staging Sandy Hook Massacre' http://t.co/qutzvk9xoP,Not a disaster
299,10751,CIA plot! *rolling eyes* RT @ajabrown: Chinese relatives of MH370 victims say reunion island wreckage was planted http://t.co/wmNb5ITa5P,Accident/Crash
300,10154,This week we received the sad news of our friends daughters cancer prognosis. This is the second upheaval in this... http://t.co/tpOptWMWFR,Not a disaster
301,7537,Refugio oil spill may have been costlier bigger than projected http://t.co/EFCn9IVNfg A Plains All American Pipeline oil spill off the SÛ_,Other disaster
302,5391,Trident 90225 Chevy fire Truck w/ Pumper  IMS Fire Dept. Red HO 1:87  plastic http://t.co/FAQNFUpeGn http://t.co/mQfOfKXtyh,Not a disaster
303,10130,Ancient Mayan Tablet Found in Jungle Temple http://t.co/qp6q8RS8ON,Other disaster
304,509,Salvation Army hosts rally to reconnect fathers with children: The Salvation Army is hosting a back to school rallyÛ_ http://t.co/rDjpor3AZg,Other disaster
305,2686,@sandy0013 dude i have a crush on hockey players but Paul will always give me butterflies...he's just an angel!!,Not a disaster
306,6732,When the game tells you to stop going to the Nether by spawning you right over lava. GG @AlienatePlays http://t.co/rGc1afqLmN,Not a disaster
307,10612,Police Officer Wounded Suspect Dead After Exchanging Shots - http://t.co/iPHaZV47g7,Other disaster
308,6077,@facilitydude shares how to handle the heat and keep your cool http://t.co/ekEd6BulsZ  #facilitiesmanagement,Not a disaster
309,6399,Them shootas be so hungry with bodies on they burner ??,Not a disaster
310,11154,Rivers overflowed causing widespread flooding in London.,Flood
311,2726,WRAPUP 2-U.S. cable TV companies' shares crushed after Disney disappoints http://t.co/wWFACu6NFt,Not a disaster
312,11131,Emergency services are responding to flood damage in Los Angeles.,Flood
313,8668,Sinkhole Disrupts Downtown Trolley Service #SanDiego - http://t.co/9tb82ZMr2X,Other disaster
314,9900,sunakawa is gonna be like traumatised forever i think lol,Not a disaster
315,7621,@KhalidKKazi mate they've taken another 2 since I posted this tweet it's pandemonium,Other disaster
316,2923,@TheElmagoo @GOPTeens @FoxNews @pattonoswalt anyone who actually plays that drinking game is in serious danger of alcohol poisoning,Not a disaster
317,11096,The ground shook violently during an earthquake in Los Angeles.,Earthquake
318,4339,Pickathon dust storm is sadly over but we have @sunsetballard in Seattle tonight to look forward to w/ @tomonakayama http://t.co/RtgGzWCAix,Storm/Hurricane/Tornado
319,4514,AlaskaÛªs Prince of Wales #ArchipelagoWolves are nearing #Extinction. Demand emergency protection! #StandForWolves  http://t.co/hBWoivJqkD,Other disaster
320,6447,Man injured in Radcliff shooting http://t.co/3iYXOoaCW6,Violence/Attack/Terrorism
321,3705,Hero you can 't swim lonely guy help me my solution is not yours lifeguard i hated killing people how destroyed it http://t.co/pAztDblgYk,Not a disaster
322,2827,"SEVERE WEATHER BULLETIN #6
TROPICAL CYCLONE WARNING: TYPHOON 'HANNA' 
Issued at 11:00 p.m. Thursday 06 August... http://t.co/FQV47OB8gE",Storm/Hurricane/Tornado
323,7167,@SophieWisey I couldn't. #mudslide,Other disaster
324,3925,@MikeParrActor omg I cant believe they killed off ross he was my favourite character with aaron @DannyBMiller im devastated.  Top acting ??,Not a disaster
325,10022,@lizjillies it's such a tongue twister,Not a disaster
326,5360,When your likes your Fire IG selfie ????,Fire/Wildfire
327,4784,#WorldNews Fallen powerlines on G:link tram: UPDATE: FIRE crews have evacuated up to 30 passengers who were tr...  http://t.co/EYSVvzA7Qm,Fire/Wildfire
328,6966,Petition/No Medals for 1890 Massacre Justice for Wounded Knee Killings of Native Americans! http://t.co/UilPg8i1ev http://t.co/m9pXTo2kwW,Other disaster
329,4516,@newyorkcity for the #international emergency medicine conference w/ Lennox Hill hospital and #drjustinmazur,Not a disaster
330,5846,#yyc #hailstorm #christmas came early https://t.co/f0A2IIzx3A,Storm/Hurricane/Tornado
331,10705,Anyone know if Fox ÛÏNewsÛ will be live-streaming tonightÛªs Republican debate online? I want to watch the train wreck.,Not a disaster
332,2059,Train derailment: In Patna no news of any casualty so far http://t.co/Yg697fcQGr,Other disaster
333,9639,Severe Thunderstorm Warning for Oklahoma County until 10:30pm. http://t.co/RsdkWZRc8g #okwx,Storm/Hurricane/Tornado
334,3038,#Cyprus: News Analysis: Mullah Omar's death may split Taliban's ranks - ..Omar's demise would certainly lead... http://t.co/AJkmcusWHo,Other disaster
335,9456,Cross-border terrorism: Pakistan caught red-handed again http://t.co/uDj50J3MV4,Violence/Attack/Terrorism
336,8197,"@AlexandBondarev Discovered by @NickCannon 
 Listen/Buy @realmandyrain #RIOT on @iTunesMusic @iTunes https://t.co/dehMym5lpk Û_ #BlowMandyUp",Not a disaster
337,6437,I'm thinking maybe just wait til after all the preseason games just in case somebody gets injured.,Not a disaster
338,11056,The earthquake in Houston caused power outages and road damage.,Earthquake
339,5927,@news4buffalo yes a lot more harm then good if there are guardrails up now why cant we go 50. Their will be a big problem when school starts,Not a disaster
340,3488,Also there is no estimate of damage yet from #WMATA/#Metro on the six-car train that derailed ~5 a.m. Shuttle service available. @CQnow,Not a disaster
341,3436,Dozens dead as two trains derail over river in India http://t.co/zkKn6mSE1n http://t.co/FzHJF8BXlD,Other disaster
342,139,#BREAKING: there was a deadly motorcycle car accident that happened to #Hagerstown today. I'll have more details at 5 @Your4State. #WHAG,Accident/Crash
343,4125,Thought it was a drought!,Not a disaster
344,5479,@gilderoy i wish i was good enough to add flames to my nails im on fire,Fire/Wildfire
345,8819,why is this reminding me of dan's collab with tyler when he complained about the sirens and they stopped i'm trash,Not a disaster
346,2326,@fouseyTUBE @zaynmalik I would collapse,Not a disaster
347,4623,"A mended finger
When a finger is cut there is an immediate reaction from the bodyÛªs emergency services occurs:
Û¢... http://t.co/UwmPRV0UD5",Not a disaster
348,8838,I added a video to a @YouTube playlist http://t.co/f2TqMFh1Yb Cher Lloyd - Sirens,Not a disaster
349,10771,Wreckage 'Conclusively Confirmed' as From MH370: Malaysia PM,Accident/Crash
350,822,STAR WARS POWER OF THE JEDI COLLECTION 1 BATTLE DROID HASBRO - Full read by eBay http://t.co/yI30ZgiZsW http://t.co/2jGVhw7YZs,Not a disaster
351,9241,MUST-SEE: Massive ISIS Suicide Truck Bombing Caught On Tape http://t.co/hMsPYpozLn via @GabbyOgbechie1TPGazette,Explosion
352,1437, Dear Lord Forgive Me For Body Bagging @MeekMill Not Once But Twice. Amen ' - @Drake http://t.co/dPBz1PYvFF,Not a disaster
353,6752,Science Info #JGF Lightning reshapes rocks at the atomic level http://t.co/R5MwlzvVHA,Not a disaster
354,5996,#foodscare #offers2go #NestleIndia slips into loss after #Magginoodle #ban unsafe and hazardous for #humanconsumption,Other disaster
355,2035,"Students at Sutherland remember Australian casualties at Lone Pine Gallipoli
 http://t.co/d50oRfXoFB via @theleadernews",Other disaster
356,5951,OEM 2001 Volvo XC70 Center Dashboard Hazard Lamps Control Switch w/Vent Panel http://t.co/VXixYcbbtH http://t.co/HSDonZ49hd,Not a disaster
357,9803,1961 LES WOZNI In Hospital After He Broke His Leg Trapped in CAVE IN Press Photo http://t.co/7Rr4lo1lfW http://t.co/IOLOFaphsv,Not a disaster
358,4795,Evacuation order lifted for town of Roosevelt - Washington Times http://t.co/Kue48Nmjxh,Other disaster
359,7606,This time next week there will be absolute pandemonium in several homes around Westmeath with some carefully... http://t.co/nwfNxs4rIE,Not a disaster
360,8499,I WAS WATCHING SHAWN ON YOUTUBE AND MY MUM WAS JUST LIKE 'HE'S QUITE HOT ISN'T HE' I AM SCREAMING AKFNEJF,Not a disaster
361,1792,They are evacuating buildings in that area of State Road 20. We still don't have confirmation of what is on fire.,Fire/Wildfire
362,2066,@5SOSFamUpdater social casualty,Not a disaster
363,3371,Canberra's Currong Apartments marked for demolition in September http://t.co/ZyRR8DzJx6,Not a disaster
364,381,Stop the Annihilation of the Salt River Wild Horses! http://t.co/wVobVVtXKg via @Change,Other disaster
365,4530,Gonna call up tomorrow with the aul 'emergency dental appointment' excuse just like the whole tooth falling out incident of last year,Other disaster
366,7446,Kontrolled Media say 'US good. Putin bad. #WW3 good Peace bad'. TOTAL BS! Leave Russia alone. DON'T DICE WITH OBLITERATION. #demonization,Other disaster
367,3319,Why is CHURCH media and #Media420 silent when #PapiCongress has demolished the house of a journo in UK @pragnik,Other disaster
368,10498,Drones Under Fire: Officials Offer $75000 Reward Leading To Pilots Who Flew Over Wildfire http://t.co/d2vEppeh8S #photography #arts,Fire/Wildfire
369,9189,17 dead as suicide bomber attacks Saudi Arabian mosque http://t.co/d5cUDwuhww | https://t.co/twnsWk0hFJ,Explosion
370,7819,Reddit Will Now Quarantine Offensive Content http://t.co/KDc97PrQcc,Not a disaster
371,4326,The answer my friend is yelling in the wind-my latest article for http://t.co/LbMeKYphM5.Pls read and share - thanks! http://t.co/9NwAJLi9cr,Not a disaster
372,10606,One man fatally shot another wounded on Vermont Street #Buffalo - http://t.co/8ACDF4Zui6,Other disaster
373,10891,Emergency crews are responding after an earthquake rattled Toronto.,Earthquake
374,10964,A shallow earthquake has been detected in Bangkok.,Earthquake
375,11150,Rivers overflowed causing widespread flooding in Tokyo.,Flood
376,1945,I will never support looting or the burning of buildings but when seeing the people fight back against the police. I was proud,Other disaster
377,8995,Renewing Your Kitchen Cabinets for $100 http://t.co/lYs6p5BmDL http://t.co/ELfzsRGxRo,Not a disaster
378,10521,Reuters Top News: PHOTOS: The Rocky Fire has grown into California's most ... - http://t.co/qwrRfDGXCc #NewsInTweets http://t.co/sstj2bEpqn,Fire/Wildfire
379,5706,Floods cause damage and death across Asia | All media content | http://t.co/a2myUTpDiQ | 05.08.2015 http://t.co/XrSkT0s9lz,Flood
380,789,Colorado Avalanche @ Anaheim Ducks 1-7 tickets 10/1 preseason http://t.co/XRU1WowZYG,Not a disaster
381,2072,"ÛÏ@MacCocktail: 'The first casualty of war is truth.'
? Hiram Johnson (died this day) - in Tony Blairs case it died before the war! ??",Not a disaster
382,2178,The Catastrophic Effects of Hiroshima and Nagasaki Atomic Bombings Still Being Felt Today http://t.co/W1iFF7ddvy,Explosion
383,5744,A little concerned about the number of forest fires where I'll be living,Fire/Wildfire
384,2502,Can't watch PVRIS I'm so sad bc it collided with another set,Other disaster
385,1781,I'm security so they want me to help out in case of emergency like the buildings on fire or a shooter's in the building. I'm leaving tho..,Fire/Wildfire
386,8011,imagine an entire aisle dedicated to making people look like serbian refugees.' - director of whole foods clothing section,Not a disaster
387,346,@rvfriedmann Hell is just a fraction of his belief of total annihilation destruction of USA @LodiSilverado @ritzy_jewels,Other disaster
388,7741,"Sitc 

Make sure everyone can enjoy themselves without panicking and having bad anxiety due to bad organisation skills and shocking security",Not a disaster
389,454,@KatieKatCubs you already know how this shit goes. World Series or Armageddon.,Not a disaster
390,10095,"#WorldNews #World
 Saipan Has No Water Electricity in Typhoon Aftermath - Voice of America - World - Google News.. http://t.co/5sUdXgNdA3",Storm/Hurricane/Tornado
391,552,Add Familia to the arson squad.,Not a disaster
392,9276,Aquarium Ornament Wreck Sailing Boat Sunk Ship Destroyer Fish Tank Cave Decor - Full read Û_ http://t.co/nosA8JJjiN http://t.co/WUKvdavUJu,Accident/Crash
393,6480,#BreakingNews Militants attack Udhampur police post; 2 SPOs injured http://t.co/EqCCrTlnbd,Violence/Attack/Terrorism
394,4485,@SHGames Please fix the problem where zombies disable your Eco suit and the floor is electrocuted so u die auto magically plz,Not a disaster
395,6586,@Lenn_Len Probably. We are inundated with them most years!,Not a disaster
396,6844,matako_milk: Breaking news! Unconfirmed! I just heard a loud bang nearby. in what appears to be a blast of wind from my neighbour's ass.,Not a disaster
397,5345,California been shaking...catching on fire....and overcharging ppl on rent for the past 150+ years it ain't going nowhere.,Fire/Wildfire
398,7769,DT @georgegalloway: RT @Galloway4Mayor: ÛÏThe CoL police can catch a pickpocket in Liverpool Stree... http://t.co/vXIn1gOq4Q,Other disaster
399,8896,Hi yall this poem is called is the one about the snowstorm when we meet in space and that one time it rained. Thx. Ur watching disney chann,Not a disaster
400,3270,Enugu Government to demolish illegal structures at International Conference Centre http://t.co/ouYLwuIXcs,Other disaster
401,5352,In the words of Charlie Daniels 'Fire on the mountain run boys run.'Û_ https://t.co/fz1HAEj255,Fire/Wildfire
402,4145,LLF TALK  WORLD NEWS U.S. in record hurricane drought - The United States hasn't been hit by a major hurricane in ... http://t.co/ML8IrhWg7O,Storm/Hurricane/Tornado
403,2572,I let another love crash and burn,Not a disaster
404,936,See a virtual tour of one of our listings on 547 Fir St Cannon Beach OR listed by Dorrie Caruana. http://t.co/nF46PAYTvw,Not a disaster
405,1842,Burned dog finds new home with young burn victim http://t.co/Pqrjvgvgxg,Other disaster
406,10343,@JPens4Real21 Geno has weapons now I'll give him the benefit of the doubt this year. I'm just not a huge believer. Still not mature enough.,Not a disaster
407,3452,Sound judgement by MPC - premature rises could derail recovery #Business http://t.co/fvLgU1naYr,Other disaster
408,7715,it's 11:30 and I'm already panicking and crying bc I'm so stressed NICE,Not a disaster
409,11018,Aftershocks continue following the earthquake in Tokyo.,Earthquake
410,829,News: FedEx no longer to transport bioterror germs in wake of anthrax lab mishaps http://t.co/xteZGjfs8A,Violence/Attack/Terrorism
411,9001,How to restore vinyl siding and make it look new again http://t.co/MHL7Pfr7kb http://t.co/lou8lbLA1f,Not a disaster
412,9012,Homemade frozen yogurt pops? Have you had luck making them? http://t.co/YzaZF4CEOa http://t.co/X5RC5Nuamh,Not a disaster
413,1115,We were fucking around on Google maps at work and I pulled up Boise and it blew their minds. Yeah Idaho isn't what you think at all.?,Not a disaster
414,9578,I don't wake up until another 2 hours &amp;&amp; I get interrupted . ????? I hate thunder .. ??,Not a disaster
415,8400,Watch This Airport Get Swallowed Up By A Sandstorm In Under A Minute http://t.co/brctMNybjy,Storm/Hurricane/Tornado
416,7778,Police: Tennessee theater shooting suspect was 29 http://t.co/CthoDZpLW3 #Philadelphia #News,Violence/Attack/Terrorism
417,8923,Transportation panel showing a video of a pileup of 18-wheelers in a snowstorm in WY. Crash crash crash ÛÏMake it stop!Û #AMSsummer,Storm/Hurricane/Tornado
418,4756,Town of Roosevelt Washington ordered to evacuate again as fire worsens http://t.co/Xkh5s1DR8d,Fire/Wildfire
419,2706,this Popeyes bout to get crushed ??,Not a disaster
420,10626,.@wwp is serving more than 75k veterans. 52k OIF/OEF vets have physical wounds; many more have invisible ones http://t.co/sHHLV4dPlz #client,Other disaster
421,7235,Savings and sewing in Guatemala: Savings and sewing in Guatemala. When a natural disaster hit seamstress Elvia...  http://t.co/jdx9OX2kIk,Other disaster
422,5191,Govt allocating 1.3 bn for flood action: Issue takes centre stage after fatalities in Veneto http://t.co/w3esX6Ud8t,Flood
423,9740,jiwa mines Rly tragedy in MP: Some live to recount horror: ÛÏWhen I saw coaches of my train plunging into water... http://t.co/LOEPKBS38J,Not a disaster
424,4693,Men escape car engulfed in flames in Parley's Canyon crews investigating cause - http://t.co/YfAVSuOgvl http://t.co/ISI1rLLCt0,Other disaster
425,9704,I feel like a tornado http://t.co/iZJK6kpWiZ,Storm/Hurricane/Tornado
426,6455,"http://t.co/qr3YPEkfOe 
Seems they declared war against government..",Other disaster
427,8925,New #photo Oak in a snowstorm http://t.co/gWOKZELq5Q taken in #winter on the #SouthDowns #Hampshire #photography #art #tree #treeporn,Storm/Hurricane/Tornado
428,5970,"HOLD ON' 
Batman in Hazard suit. http://t.co/fSPLv8Inwr",Not a disaster
429,4047,@Youssefyamani add Fez weather to the equation and you have the best recipe for disaster.,Not a disaster
430,6114,Hellfire! We donÛªt even want to think about it or mention it so letÛªs not do anything that leads to it!,Fire/Wildfire
431,2613,almost crashed while listening to walk the moon bUT I DONT CARE I LOVE IT,Accident/Crash
432,10331,03/08/11: Police stop a 41-year-old in the Bronx citing 'casing a victim or location.' No weapon is found.,Other disaster
433,10889,People evacuated buildings after feeling a strong quake in Auckland.,Earthquake
434,893,@O_Magazine satan's daughter shadow warrior in 50ft women aka transgender mode ps nyc is about to fold extra extra center of bioterrorism,Violence/Attack/Terrorism
435,6310,Related News: 'ISIS video' threatens hostage - Europe - CNN |  http://t.co/Wk6B5z803o,Violence/Attack/Terrorism
436,4328,Storm headed towards Idaho Falls with blowing dust &amp; winds to 60 mph.  US HWY 20 &amp; I15 look out.  #idwx http://t.co/0cR74m1Uxm,Storm/Hurricane/Tornado
437,9809,Students suffering from trauma ÛÓ like divorce violence &amp; poverty ÛÓ often act out. Schools are trying a new approach. http://t.co/mDaCuJ9W1q,Not a disaster
438,8163,VIDEO: 'We're picking up bodies from water': Rescuers are searching for hundreds of migrants in the Mediterranean after a boat carryi...,Other disaster
439,3017,#Obama: Don't worry the 'good' Iranians are just kidding with the 'death to America' chants. The 'bad' ones are those just like Republicans.,Not a disaster
440,11038,Emergency crews are responding after an earthquake rattled Bangkok.,Earthquake
441,10067,Obama Declares Disaster for Typhoon-Devastated Saipan: Obama signs disaster declaration for Northern Marians a... http://t.co/Q3DtOqO04c,Storm/Hurricane/Tornado
442,9630,Just woke up to the loudest thunderstorm I've ever heard,Storm/Hurricane/Tornado
443,3599,Now Playing Desolation Wilderness by Kodak To Graph,Not a disaster
444,377,U.S National Park Services Tonto National Forest: Stop the Annihilation of the Salt River Wild Horse... https://t.co/d82wlcP49S via @Change,Not a disaster
445,5125,Winnipeg police seek witnesses in Arlington and William fatal crash http://t.co/N2bCf4M64V,Accident/Crash
446,4165,@dolphfan36 I made it...Didnt drown,Not a disaster
447,6555,@AdamRubinESPN Familia: arm injury or head case?,Other disaster
448,10875,#CityofCalgary has activated its Municipal Emergency Plan. #yycstorm,Storm/Hurricane/Tornado
449,4007,Reade this and see how are politicians are leading us to disaster all for the #GreedyRich https://t.co/2bFliBD2sh,Not a disaster
450,1324,I came to kill Indians...for FUN': Video of smirking and remorseless Pakistani killer shows him boasting. http://t.co/FPjLwOXKlg,Other disaster
451,2796,When you're 5 hours late for curfew and have to pray your dog doesn't bark when unlocking the door,Not a disaster
452,3151,Interesting MH370: Aircraft debris found on La Reunion is from missing Malaysia Airlines ... - ABC O... http://t.co/q0OjWnY4Kc Please RT,Not a disaster
453,2019,"Afghanistan: U.N. Reports 'Record-High Levels' of Civilian Casualties
    
In news from Afghanistan the United... http://t.co/YMcZyVKfmE",Other disaster
454,10594,"The South Korean army wounded 44 persons' Takeshima's Japanese fisherman and occupies the island.  
http://t.co/mJCXgKU8Yt",Not a disaster
455,2495,@AlyssaSpencer28 remember when beau and i collided on the slip and slide and I died ??????,Not a disaster
456,3142,Malaysia confirms Reunion Island debris is from MH370 http://t.co/1bEeGWRsis @SCMP_News http://t.co/drcuLIYp0T,Other disaster
457,10114,Series finale of #TheGame :( It survived so much upheaval but the audience got so much good story.,Not a disaster
458,6380,#hot  C-130 specially modified to land in a stadium and rescue hostages in Iran in 1980 http://t.co/FLqxd3q5pY #prebreak #best,Violence/Attack/Terrorism
459,664,Delhi Government to Provide Free Treatment to Acid Attack Victims in Private Hospitals http://t.co/H6PM1W7elL,Violence/Attack/Terrorism
460,5638,So grateful for all the support flooding in from @NetkiCorp dinner guests! THANK YOU ALL! https://t.co/ELTne5v1Qn,Flood
461,6570,@Sport_EN Just being linked to Arsenal causes injury.,Other disaster
462,1856,"@kennethbauer_ more like coffee and noodles 

Burned",Not a disaster
463,9786,Eric is 18 trapped in a 48 year olds buddy,Not a disaster
464,731,Christian Attacked by Muslims at the Temple Mount after Waving Israeli Flag via Pamela Geller - ... http://t.co/T1aa5Ov7Eg,Violence/Attack/Terrorism
465,5639,"@caseyliss def - and donÛªt even fathom when there is bad weather / flooding ??

#byebyeroad",Flood
466,5597,12' 72W CREE LED Work Light Bar Alloy Spot Flood Combo Diving Offroad 4WD Boat - Full readÛ_ http://t.co/8Mk9TD4RRL http://t.co/W20rH3Ai9J,Flood
467,4057,#KCA #VoteJKT48ID 12News: UPDATE: A family of 3 has been displaced after fired damaged housed near 90th and Osborn. Fire extinguished no iÛ_,Fire/Wildfire
468,9459,Online Homeland security: An Appraisal of #PakistanÛªs #Anti-Terrorism #Act http://t.co/aeRU3nStpN,Violence/Attack/Terrorism
469,1694,#TrainTragedy - Happened in MP due to collapse of bridge now I m afraid to take a long distance train. http://t.co/JthusynJaH,Other disaster
470,5253,@GodHunt_sltv FATALITY,Not a disaster
471,16,Three people died from the heat wave so far,Other disaster
472,7858,Top link: Reddit's new content policy goes into effect many horrible subreddits banned or quarantined http://t.co/HyCmg4ZKY1,Not a disaster
473,566,RT Saginaw - Police sketches of 2 'persons of interest' in Saginaw arson http://t.co/a2tZJ07nId http://t.co/LvtP5MHjaG,Not a disaster
474,11234,Authorities issued a flood warning for Rome.,Flood
475,6174,Bayelsa poll: Tension in Bayelsa as Patience Jonathan plans to hijack APC PDP: Plans by former First Lady and... http://t.co/3eJL9lZlCH,Not a disaster
476,7597,What scenes at Trent Bridge England could win the #Ashes today at this rate! #Pandemonium,Not a disaster
477,6975,Tunisia beach massacre linked to March terror attack on museum http://t.co/kuRqLxFiHL,Violence/Attack/Terrorism
478,4837,Evacuation drill at work. The fire doors wouldn't open so i got to smash the emergency release glass #feelingmanly,Fire/Wildfire
479,1606,@allenpeacock the deal is clear.Iran either agrees to the deal and abandons it program or gets bombed.it's a deal the right wing should love,Explosion
480,4101,U.S. record hurricane drought. http://t.co/fE9hIVfMxq,Storm/Hurricane/Tornado
481,4805,Valley building evacuated after fire http://t.co/nyqF8GqMzg #queensland,Fire/Wildfire
482,121,Accident in #Ashville on US 23 SB before SR 752 #traffic http://t.co/hylMo0WgFI,Accident/Crash
483,3392,Photo: mothernaturenetwork: SeattleÛªs demolition-dodging Û÷UpÛª house to live on as affordable housing But... http://t.co/szG0HsNJEw,Not a disaster
484,5554,Imagine getting flattened by Kurt Zouma,Not a disaster
485,6456,Harper Woods policeman injured in fight after dead man found in garage: Ronnie Karjo 46 of Macomb Township http://t.co/tUoTICilBi,Not a disaster
486,259,@disneyxrowbrina the ambulance isn't even parked well like its nearly on top of someone's car I'm laughing,Not a disaster
487,5703,69 die in Myanmar floods 250000 affected http://t.co/LxjjGyv86A | https://t.co/U9x3perXCO,Flood
488,4131,@KarinaGarciaxo_ me &amp; you both &amp; I'll be dam if I get any of that drought bud,Not a disaster
489,11121,Residents reported strong tremors after an earthquake hit Auckland.,Earthquake
490,8143,VIDEO: 'We're picking up bodies from water': Rescuers are searching for hundreds of migrants in the Mediterran... http://t.co/s5NuEGSwYj,Other disaster
491,5866,here is goes again #abstorm #hailstorm #yychail stay safe everyone!,Storm/Hurricane/Tornado
492,107,I-77 Mile Marker 31 South Mooresville  Iredell Vehicle Accident Ramp Closed at 8/6 1:18 PM,Accident/Crash
493,7558,Families to sue over Legionnaires: More than 40 families affected by the fatal outbreak of Legionnaires' disea... http://t.co/2AO97o2a9D,Other disaster
494,3069,Bigamist and his 'first' wife are charged in the deaths of his 'second' pregnant wife her child 8 her motherÛ_ http://t.co/t5HwUnjK7g,Not a disaster
495,6101,Hellfire is surrounded by desires so be careful and donÛªt let your desires control you! #Afterlife,Fire/Wildfire
496,64,I wanted to set Chicago ablaze with my preaching... But not my hotel! http://t.co/o9qknbfOFX,Not a disaster
497,1814,Charred remains of homes on 2nd St in Manchester NH after fire rips through 2 buildings damaging neighboring homes http://t.co/Ja3W1S3tmr,Fire/Wildfire
498,2869,Storm damage reported in West Tennessee http://t.co/90L2lB5WMr,Storm/Hurricane/Tornado
499,467,Armageddon https://t.co/uCSUDk3q1d,Other disaster
500,9839,Hiroshima: They told me to paint my story: Eighty-nine year old man recalls the terror and the trauma when the... http://t.co/VhMbN4bn0b,Violence/Attack/Terrorism
501,9328,did harry survive the show,Not a disaster
502,10363,Abe proposed a new plan for abolishing nuclear weapons. Yesterday his defense minister made clear nukes are fine. http://t.co/A6IR8rKuwS,Not a disaster
503,10255,Thank you to @scegnews! Our neighborhood looks like a war zone but we had power back in 4 hours!,Other disaster
504,2424,but even if the stars and moon collide i never want u back into my life #MTVHottest Justin Bieber,Not a disaster
505,4319,@christinaperri #askceeps have you seen @colinodonoghue1 in his new movie trailer for The Dust Storm?,Storm/Hurricane/Tornado
506,343,$GMCR no longe rGreen mountain now Red Mountain...stock annihilated after hours,Not a disaster
507,1568,Flat out bomb by @FlavaFraz21 #whatcanthedo,Not a disaster
508,5207,.@KurtSchlichter Yep considering that *millions* of Japanese fatalities were projected for Downfall. @_FreeMarketeer @dibang,Other disaster
509,367,U.S National Park Services Tonto National Forest: Stop the Annihilation of the Salt River Wild Horse... https://t.co/W5Rhtuey90 via @Change,Not a disaster
510,8313,ChinaÛªs e-commerce firms Alibaba (BABA) Tencent http://t.co/7VcChEIC5g (JD) are still growing revenue at 40% http://t.co/GQgE7weM3W,Not a disaster
511,3672,GOP Plan to Destroy Public Education - Cut Teacher Pay and Even Make Them Buy Their Own School Supplies: Pure Evil - http://t.co/WST2tWqS8D,Not a disaster
512,6374,Nigerian Military Rescue 178 Hostages From Boko Haram - Florida Sentinel Bulletin: Florid... http://t.co/KcTiGYMahl #security #terrorism,Violence/Attack/Terrorism
513,6230,Medieval airplane hijacker hard shell: casting the star deviating: dYxTmrYDu,Other disaster
514,9444,Judges considering fate of children as young as two amid radicalisation fears http://t.co/EgWU4mJV0a,Not a disaster
515,9677,(AL)  Severe Thunderstorm Warning issued August 05 at 8:44PM CDT until August 05 at 9:15PM CDT by NWS http://t.co/bviYy8BMsb #alwx,Storm/Hurricane/Tornado
516,4572,Do you have an emergency drinking water plan? Download guide in English Spanish French Arabic or Vietnamese. http://t.co/S0ktilisKq,Not a disaster
517,2369,i remember when i was little and i didnt want to say the pledge and the school collapsed and pit to hell opened,Not a disaster
518,4652,Become so engulfed in your own success- you forget it ever happened.,Not a disaster
519,1384,Louis Vuitton Monogram Sophie Limited Edition Clutch Cross body Bag - Full read by eBay http://t.co/JrxgoLnPqw http://t.co/Lin16KvZbn,Not a disaster
520,10627,[#Latestnews] Police officer wounded suspect dead after exchanging shots: RICHMOND Va. (AP) ÛÓ A Richmond pol... http://t.co/ia1HnGnHVB,Other disaster
521,1701,#computers #gadgets Two giant cranes holding a bridge collapse into nearby homes http://t.co/UZIWgZRynY #slingnews,Other disaster
522,211,Experts in France begin examining airplane debris found on Reunion Island: French air accident experts on Wednesday began examining t...,Accident/Crash
523,1850,@BlackHatWriter Yeah I'm going to be at home by a computer for the next two weekends. :( Getting really burned out really quick.,Not a disaster
524,5691,VIDEO Facing Up To Persecution ÛÒ Pastors Silenced ÛÒ MB Obama holds Iraqi Christian asylumÛ_ https://t.co/qrtUzfHOdw http://t.co/xBNRPS8xHO,Not a disaster
525,10230,?? @ KETEP VOLCANO CENTRE ketep PASS https://t.co/IdBnKxu80L,Not a disaster
526,10856,See the 16yr old PKK suicide bomber who detonated bomb in Turkey Army trench released: Harun Ìàekdar ... http://t.co/hKuT5mSdtP @MsOreo_,Explosion
527,7746,America said it had a war on terrorism. Then police took my AR-15 when I was ready to start shooting the enemies!,Violence/Attack/Terrorism
528,3422,BBC News - India rail crash: Trains derail in Madhya Pradesh flash flood http://t.co/9UFemKfIiv,Flood
529,639,Serial arsonist gets no bail not jail release http://t.co/rozs6aumsS,Not a disaster
530,10160,Dramatic Video Shows Plane Landing During Violent Storm http://t.co/YX8OdrrINr,Storm/Hurricane/Tornado
531,6489,4 Common Running Injuries and How to Avoid Them http://t.co/26HWLpWmXr,Not a disaster
532,1550,@joshrogin @slwsew379 @jimsciutto @NatSecCNN As suspected. Kerry and Barry got taken for a ride. Iran was making a bomb while talks went on.,Explosion
533,8487,I just screamed what the fuck is a hond,Not a disaster
534,9405,Haunting memories drawn by survivors http://t.co/pRAro2OWia,Other disaster
535,1650,Japan Marks 70th Anniversary of Hiroshima Atomic Bombing http://t.co/3EV07PPaPn,Explosion
536,1936,Firefighters are some brave people in my opinion bc I clare I don't know I could save ppl from burning buildings and houses I salute them ???,Fire/Wildfire
537,1065,@beckyfeigin I defs will when it stops bleeding!,Other disaster
538,7806,@kirillzubovsky your Tweet was quoted by @WIRED  http://t.co/E90J3vJOLc,Not a disaster
539,6508,cmon injury bug this shit aint funny we suffered enough injuries last year...,Not a disaster
540,8103,10-Month-Old Baby Girl was Rescued by Coastguard after She Floated HALF A MILE Out to Sea! #socialnews http://t.co/kJUzJC6iGD,Other disaster
541,10870,@aria_ahrary @TheTawniest The out of control wild fires in California even in the Northern part of the state. Very troubling.,Fire/Wildfire
542,4234,pretty sure i almost drowned 26 times in the pool today thanks to abrianna,Not a disaster
543,5406,Evening Sun article on NNO: http://t.co/7cMf3noYNc,Not a disaster
544,9843,@AngstAttack Dating a woman does NOT make you a Lesbian. However Lesbians are in fact caused by experiencing trauma involving a man.,Violence/Attack/Terrorism
545,120,#TruckCrash Overturns On #FortWorth Interstate http://t.co/Rs22LJ4qFp Click here if you've been in a crash&gt;http://t.co/Ld0unIYw4k,Accident/Crash
546,10956,Emergency crews are responding after an earthquake rattled Bangkok.,Earthquake
547,9383,Wow that was a tough final. I barely survived ??,Not a disaster
548,5217,Flourishing sleigh bell an toothsome transit fatality: oNrhPz http://t.co/gB4W3T7b3T,Not a disaster
549,7168,"#GBBO The difference between Paul and Mary my dears
Paul: 'it looks like a mudslide'
Mary: 'I have a feeling it's going to taste great",Not a disaster
550,7531,Refugio oil spill may have been costlier bigger than projected http://t.co/xcoLwUGFjg,Other disaster
551,2322,Interview on The Collapse of Materialism Best #TalkRadio Listen Live: http://t.co/Qn8vTXZJzB,Not a disaster
552,1667,Japan marks 70th anniversary of Hiroshima atomic bombing http://t.co/MLZxmGVuIh,Explosion
553,2873,@BradleyBrad47 yeah but being fast and doing extremely high damage is what its all about if you want fast then im gonna have to get u the-,Other disaster
554,1019,#website #hosting Get blazing speeds professional management and unlimited options @nyndesigns http://t.co/d1F7wi7FMr,Not a disaster
555,4010,@Tim_A_Roberts w/o giving up too much of Nana France reminds me of America right before the war in Iraq. A restlessness leading to disaster,Other disaster
556,750,if this fucking is true i will be decapitated and throw my head into a avalanche  https://t.co/4cw6Nmmw1O,Not a disaster
557,7513,Plains All American Pipeline company may have spilled 40% more crude oil than previously estimated #KSBYNews @lilitan http://t.co/PegibIqk2w,Other disaster
558,9496,Signing a petition to seek mercy on a death punishment for a convivted terrorist is a job well done in India. But asking a foreign govt 1/n,Violence/Attack/Terrorism
559,3676,@SarniamakChris @Hromadske @kasiadear33  how silly that one of only two countries that can destroy the world has a say about world security,Other disaster
560,5751,This is the first year the Forest Service spent more than half its annual budget on fighting fires. #climatechange http://t.co/D62zfZy0Mi,Fire/Wildfire
561,756,One glance and the avalanche drops. One look and my heartbeat stops.' Oh WALK THE MOON how you get me.. I couldn't have said it better.,Not a disaster
562,2832,Talent: Misdirection Cyclone Pass Ignite Pass Vanishing Drive Phantom Shot  #KurokoBot,Storm/Hurricane/Tornado
563,6595,Mexican beaches inundated with algae http://t.co/Kcm4sgrceR,Not a disaster
564,5438,"SPD OFFICER SHOT - PLEASE PRAY

Please pray for the Shreveport Police Department and other first responders... http://t.co/Kx1YnSME5T",Not a disaster
565,10583,TWIA board approves 5 percent rate hike: The Texas Windstorm Insurance Association (TWIA) Board of Directors v... http://t.co/TWPl0NL8cx,Storm/Hurricane/Tornado
566,3495,Sad that biker beatdown derailed his pro-democracy work as @NYPDnews undercover: http://t.co/iHHRKG4V1S. http://t.co/aryU5qNgJJ,Other disaster
567,3100,As of 2010 there were 17 Beluga deaths reported at #SeaWorld their average age 15 1/2 years #OpSeaWorld http://t.co/MZk5UjlFCV,Other disaster
568,3504,Service on the Green Line has resumed after an earlier derailment near Garfield with residual delays.,Other disaster
569,4506,No matter the dilemma emergency nor set-back; The Righteousness of JAH shall prevail! http://t.co/n0tIy7SU1C,Not a disaster
570,5862,JPLocalFirst RT eliotschool: Yesterday's #hailstorm in #Boston. Wow. Thunder lightning. Artful awesome. http://t.co/YsvE1SEAko,Storm/Hurricane/Tornado
571,8872,@BillMcCabe  sky looks clear.... No smoke from the fires. Enjoy your time in Tahoe. One of my favorite places!,Fire/Wildfire
572,3962,70 Years After Atomic Bombs Japan Still Struggles With War Past: The anniversary of the devastation wrought b... http://t.co/LtVVPfLSg8,Explosion
573,3029,Ted Cruz Bashes Obama Comparison GOP To Iranians Shouting 'Death To America' http://t.co/cuFGVupKzi,Not a disaster
574,3941,@_Gags_ My Mommy will be devastated lol #NoMorePod,Not a disaster
575,3913,Obama Declares Disaster for Typhoon-Devastated Saipan: Obama signs disaster declaration for Northern Marians a... http://t.co/1i19CuOv7L,Storm/Hurricane/Tornado
576,5478,*NEW* Snap On Tools Black baseball Hat/Cap Silver/Gray Embroidered S Logo Flames - Full reÛ_ http://t.co/F30F9V0aSI http://t.co/5B5a1HDzF6,Not a disaster
577,10782,Wreckage 'Conclusively Confirmed' as From MH370: Malaysia PM: Investigators and the families of those who were... http://t.co/1YIxFG1Hdy,Accident/Crash
578,2950,Honestly tho Modibo Maiga is stealing a living - fuck all about him - im past my best but still more of a danger than that fucktard #coyi,Other disaster
579,5077,Ukraine famine memorial in progress since 2006 goes up in Washington: http://t.co/Td7VIEoODi,Not a disaster
580,10451,Catastrophic wild fires threatening U.S. Mid west &amp; Republicans fighting new climate change rules I guess this is the ultimate in Darwinism,Fire/Wildfire
581,1655,Japan marks the 70th anniversary of the atomic bombing of Hiroshima. http://t.co/YmKn1IwPvF http://t.co/mMmJ8Bo9y3,Explosion
582,8484,@ThatWitchEm @EmmaChosenOne @JessieNovoaRP @Jessie_Novoa_ @Liana_Novoa why you screamed,Not a disaster
583,3961,Classic WWW ÛÓ Hiroshima/Nagasaki: Atomic Devastation Hidden for Decades: The people of Hiroshima and Nagasaki ... http://t.co/pLo2QkrWHu,Other disaster
584,9119,11 soldiers killed in ISIS suicide bomb in air base east Homs SYRIA NEWS | ZAMAN ALWSL  - http://t.co/V8juC5eK1A  #ISIS #Homs,Explosion
585,1314,Bloody nurses waking me up just when I eventually fall asleep lol #Hospital,Not a disaster
586,1890,Flames visible from fire in Tucson mountains: A lightning-caused fire burning in steep rocky terrain in mountainsÛ_ http://t.co/zRTRPL77QV,Fire/Wildfire
587,4321,Good way to end the day!!! Geyser plus dust storm! http://t.co/l5VakLR59M,Storm/Hurricane/Tornado
588,11282,Flooding shut down major roads in New Orleans today.,Flood
589,2822,The cyclone derives its powers from a calm center. So does a person.' - Norman Vincent Peale,Storm/Hurricane/Tornado
590,2431,Perez Hilton forever Niley shipper lol https://t.co/qQ1pIJK2dA,Not a disaster
591,788,The possible new jerseys for the Avalanche next year. ???? http://t.co/nruzhR5XQu,Not a disaster
592,7100,New Boonie Hat USMC Airsoft Paintball Military Cap Woodland Camo CP030 http://t.co/EGqE35I5pI http://t.co/uaBRYnHkn7,Not a disaster
593,10915,Residents reported strong tremors after an earthquake hit Toronto.,Earthquake
594,3716,Black Eye 9: A space battle occurred at Star O784 involving 2 fleets totaling 3936 ships with 5 destroyed,Not a disaster
595,6755,It doesn't get any closer. Heavy rain just barely missed @TontitownGrape festival but lightning TOO CLOSE #TGF2015 http://t.co/d9PQIXaTX6,Not a disaster
596,1779,Buildings are on fire and they have time for a business meeting #TheStrain,Fire/Wildfire
597,5946,@feroze17 @WarAndSetPiece No one's said Depay's gonna overtake Hazard......,Not a disaster
598,9557,Meek Mill responds to DrakeÛªs OVO Fest set with wedgie threat http://t.co/qqSKYbARNg,Other disaster
599,10987,Aftershocks continue following the earthquake in Auckland.,Earthquake
600,2625,Intact+MH370+Part+Lifts+Odds+Plane+Glided+Not+Crashed+Into+Sea http://t.co/MjTN3qbgOS via @YahooFinance#Hope for answers.,Accident/Crash
601,1483,Child Shoulder Bags PVC Shoulder Book Bag Cartoon Cross Body Bags for Girls http://t.co/7l9qAzLjVg http://t.co/Q0hSyfrwEC,Not a disaster
602,2886,Beach did damage to my shit,Other disaster
603,7905,Radioactive Box Quarantined - IsraelÛªs Ashdod Port was evacuated when emergency teams discovered radiation emittin... http://t.co/swQ5lMyDka,Other disaster
604,11237,Flooding shut down major roads in Bangkok today.,Flood
605,4488,#pakistan#news# NANKANA SAHIB City News: Electrocuted From Our Correspondent NANKANA SAHIB: A youth was electr... http://t.co/WERK9qibVV,Other disaster
606,11097,Residents reported strong tremors after an earthquake hit New Orleans.,Earthquake
607,4906,My head is gonna explode,Not a disaster
608,6309,Islamic State group threatens to kill hostage if 'Muslim women' aren't let go - Press Herald http://t.co/yKM6qfRh98,Violence/Attack/Terrorism
609,5116,Fatal attraction is common n what we have common is 'pain'......,Not a disaster
610,5142,Investigators shift focus to cause of fatal Waimate fire http://t.co/a6Ro9bmXcy,Fire/Wildfire
611,11215,Flash floods swept through New Orleans after heavy rainfall.,Flood
612,1892,We will be burning up like neon lights??????,Other disaster
613,8820,There was also a calm. Something was going to happen. Suddenly a crash of lightning came through the sky and with it the wails of sirens. --,Accident/Crash
614,8322,Hiroshima never recovered and all the evidence was smothered under a thick cloud of rubble..' #jayElectronica,Not a disaster
615,4804,Why does the secret bunker used by Cheney during 9/11 look like it was catered when ktchn staff had been evacuated?,Not a disaster
616,9615,Severe Thunderstorm Warning until 10:30 PM local for Oklahoma County in OK. 60 Mph Wind Gusts And Half Dollar Size Hail. #okwx #myswc,Storm/Hurricane/Tornado
617,7290,If U care about life on land sea &amp; in air then dont pretend &amp; ignore the nuclear disaster in #Japan #Fukushima this is a #global problem,Other disaster
618,10906,The earthquake in Rome caused power outages and road damage.,Earthquake
619,6258,Û÷Good SamaritansÛª shot in horror hijacking  JOHANNESBURG. &amp;mdash; Four men were shot dead in Bronville Free StateÛ_ http://t.co/6jjvCDN4TI,Other disaster
620,473,#Turkey invades #Israel - Halfway to #Armageddon http://t.co/xUOh3sJNXF,Not a disaster
621,2606,My son didn't sleep all night! ?? so finally at 4am I laid him with me on my bed and he crashed out ????,Not a disaster
622,6805,iBliz140: Breaking news! Unconfirmed! I just heard a loud bang nearby. in what appears to be a blast of wind from my neighbour's ass.,Explosion
623,10373,Any attempt to sell weapons to #Nigeria is an attempt to upgrad #Bokoharm army #USA must know this now @UN,Not a disaster
624,10063,Obama Declares Disaster for Typhoon-Devastated Saipan: Obama signs disaster declaration for Northern Marians a... http://t.co/Hni4v2ZUk3,Storm/Hurricane/Tornado
625,10291,@RogueWatson Nothing wrong with that. The Lethal Weapon series is great. Yes they're ALL great.,Not a disaster
626,8340,China's Stock Market Crash: Are There Gems In The Rubble?: ChinaÛªs stock market crash this summer has sparked ... http://t.co/vZDqQ9yPN1,Accident/Crash
627,5064,#Russia 'food crematoria' provoke outrage in country w/soaring poverty +Soviet famine memory http://t.co/vymOuZjZRe http://t.co/eNRJh5Qkve,Other disaster
628,9784,"Then @slrqxcrls on this trapped out evil monster!

https://t.co/n3I79QLBsS",Not a disaster
629,5861,Summer heat drives bobcats to Calgary backyards ~ 3 http://t.co/kEstuUYc4t http://t.co/PzFBb1P1mj,Other disaster
630,10904,The earthquake in Rome caused power outages and road damage.,Earthquake
631,3174,the fifth pre-dynastic #king in the legendary period before the #Deluge https://t.co/yr8knEpHGU #Dumuzid ''the Shepherd,Not a disaster
632,11130,Authorities issued a flood warning for Bangkok.,Flood
633,7825,Reddit Will Now Quarantine Offensive Content: Reddit co-founder and CEO Steve Huffman has unveiled more specif... http://t.co/EkZmMxU9GN,Not a disaster
634,1266,seeing more blood and surgery than a regular GP behind a desk and they say dentists aren't  real doctors .... Ok,Not a disaster
635,9199,AFP: #PKK said it carried out suicide bombing against troops in eastern #Turkey as a reprisal for 'bombing of a civilian village,Explosion
636,9117,./.....hmm Pic of 16yr old PKK suicide bomber who detonated bomb in Turkey Army trench released http://t.co/5v29w19tFX /(,Explosion
637,265,AMBULANCE SPRINTER AUTOMATIC FRONTLINE VEHICLE CHOICE OF 14 LEZ COMPLIANT | eBay http://t.co/q8IVrzOJZv,Not a disaster
638,476,@Karnythia my niece is gaining the ability to stand. I'm getting prepared for toddler apocalypse Armageddon,Not a disaster
639,8365,every time I have a really good day someone just has to ruin it,Not a disaster
640,7022,Tonight It's Going To Be Mayhem @ #4PlayThursdays. Everybody Free w/ Text. 1716 I ST NW (18+) http://t.co/wDefhbkF9g,Not a disaster
641,5070,Russian 'Food Crematoria' Provoke Outrage Amid Crisis Famine Memories' by REUTERS via NYT http://t.co/jbYjbQEoiK #Ukraine,Not a disaster
642,8117,British trekkers rescued amid flash floods in Himalayas - BBC News,Flood
643,9483,@Daggy1 Maybe reagan giving weapons to Iran's regime in the 1980s is terrorism no?,Violence/Attack/Terrorism
644,3251,The horror community is deluged with cruddy ostensibly macabre photography. Don't contribute to the pandemic.,Not a disaster
645,1429,@matt_bez oh I'm not bagging her at all! Her body be bangin'. I'm saying she's going to get the rose.,Not a disaster
646,10778,Wreckage 'Conclusively Confirmed' as From MH370: Malaysia PM: Investigators and the families of those who were... http://t.co/mzB0MKuUo7,Accident/Crash
647,8696,@supernovalester I feel so bad for them. I can literally feel that feeling of your heart sinking bc you didn't get anyone ugh jfc,Not a disaster
648,4939,At this moment 70 years ago (local time) the 'Little Boy' atomic bomb exploded over Hiroshima instantly killing at least 70-80000 people.,Explosion
649,11049,Authorities confirmed seismic activity near Houston moments ago.,Earthquake
650,1591,@CyhiThePrynce bombed on Kanye in that #ElephantInTheRoom ????????,Explosion
651,5689,PAGASA 7:12am: YELLOW warning - Panay Island Guimaras Negros. Possible floods in low-lying areas &amp; landslides in mountainous areas.,Flood
652,1602,@BrodyFrieling @hanna_brooksie photo bombed,Not a disaster
653,5764,A group of Florida Forest Service firefighters could be deployed to California to help contain fires. Details at 10! http://t.co/fwuP9YURzY,Fire/Wildfire
654,9284,"Check out my Lightroom collection ÛÏJordyne Sr Photos Lincoln Hay Col SunkÛ:
more of the results from Sunday

http://t.co/KvBEdKGlgw",Not a disaster
655,6633,.@38_degrees Hello. I have been inundated by people Tweeting me about some Unilever thing in India I know nothing about.,Not a disaster
656,5874,"This is why I am scared to leave my car under trees in a storm

#jamaicaplain #boston #hailstormÛ_ https://t.co/MJ8rEZOXlJ",Storm/Hurricane/Tornado
657,8449,Oh my god Rosie OÛªDonnell is on The Fosters and I screamed her name in a fit of shock and awe,Not a disaster
658,5491,Maryland mansion fire that killed 6 caused by damaged plug under Christmas tree report says - Into the flames: Firefighter's bravery...,Fire/Wildfire
659,8661,150-Foot Sinkhole Opens in Lowndes County Residential Area http://t.co/0YAxrJICRR,Other disaster
660,3162,Towboat trek sympathy deluge falls: VTc http://t.co/eaaQUMkkc9,Other disaster
661,7428,Uribe just obliterated a baseball.,Not a disaster
662,11158,Severe flooding has submerged roads in Istanbul.,Flood
663,7514,SYD traffic HAZARD Oil spill - BANKSTOWN Stacey St at Wattle St http://t.co/TZyHdBW9f5,Other disaster
664,8979,"NASAHurricane? EASTERN PACIFIC *Full Update* Satellite Sees Formation of Eastern Pacific's Tropical Storm Hilda
ThÛ_ http://t.co/KsXTo8NKNl",Storm/Hurricane/Tornado
665,8126,Migrants Rescued After Boat Capsizes Off Libya http://t.co/pmGgavtokP,Other disaster
666,4732,The EFAK would be designed for building occupants once they evacuate and report to their evacuation assembly sites,Other disaster
667,10543,IJ: Texas Seeks Comment on Rules for Changes to Windstorm Insurer http://t.co/h132iuL7MU,Storm/Hurricane/Tornado
668,2601,The Crash And A New Depression ÛÒ The Seeds For The Next Crisis Have Already Been Sown http://t.co/IsN9HdZ4cp,Accident/Crash
669,3031,This wall is going to be the death of me...due to the years of water leaks and lack of maintenanceÛ_ https://t.co/PVd2fYBa0q,Not a disaster
670,3492,Fun with my girls! @ Joe Cools - Durban Main Page https://t.co/AbnZQWlig1,Not a disaster
671,6509,#BreakingNews Mva / Multiple Injuries - Saint Petersburg FL: E7 requesting R7 &amp; 2 sunstar units for injuriesÛ_ http://t.co/0XRysEpQhL,Not a disaster
672,8211,@Live_Workshop selfie at booth or riot Kappa,Other disaster
673,11012,Aftershocks continue following the earthquake in Istanbul.,Earthquake
674,6185,Governor Allows Parole for School Bus Hijacker http://t.co/JwfiiLJ8Wr liveleakfun ? http://t.co/IONWArVRFy,Other disaster
675,4038,"Keeps askin me what this means
Not like i got the answers
Plus if i say the wrong thing
This might just turn into a disaster",Other disaster
676,10197,This is one violent and belligerent storm. I'm enjoying watching it unfold,Storm/Hurricane/Tornado
677,9202,#ISIS claims credit for suicide bombing 'with 6 tons of explosives' at the central command of #Syria(n) T4 airbase http://t.co/QOaU2QLJ3B,Explosion
678,3775,We are so arrogant in our destruction that we think the Earth needs us. She doesn't.,Not a disaster
679,9511,Pakistan Disowned Kasab Now Disowns Naved: State of Denial?: Naved the terrorist captured alive after anÛ_ http://t.co/HGDrK81sN4,Violence/Attack/Terrorism
680,844,Unsurprising/still dismaying consequences of how we went about securing pathogen access: http://t.co/D8EFmGyR2d,Not a disaster
681,10710,act my age was a MESS everyone was so wild it was so fun my videos a wreck,Not a disaster
682,5328,But put 'Flood of Fire' at the top of the list.  https://t.co/p5JPjgiipW,Fire/Wildfire
683,6907,Mass murderer Che Guevara greeting a woman in North Korea http://t.co/GlJBNSFGLl,Other disaster
684,6112,Hellfire is surrounded by desires so be careful and donÛªt let your desires control you! #Afterlife,Fire/Wildfire
685,10878,Emergency crews are responding after an earthquake rattled Mexico City.,Earthquake
686,5129,Trim error led to fatal Greek F-16 crash: ?A NATO safety investigation board report has determined that the ma... http://t.co/YhSahLKQo4,Accident/Crash
687,659,@etribune  US Drone attack kills 4-suspected militants in North Waziristan @AceBreakingNews https://t.co/jB038rdFAK,Violence/Attack/Terrorism
688,3644,Emotional Desolation the effect of alcoholism/addiction on family - http://t.co/31tGtLz3YA Forgiving is hard http://t.co/1labI2Sg2b,Not a disaster
689,5342,#news Politifiact: Harry Reid's '30 Percent of Women Served' Planned Parenthood Claim Is a 'Pants on Fire' Lie... http://t.co/bMSeDZOfSV,Not a disaster
690,390,World Annihilation vs Self Transformation http://t.co/pyehwodWun Aliens Attack to Exterminate Humans http://t.co/8jxqL8Cv8Z,Violence/Attack/Terrorism
691,4540,Emergency hop kit? ;) jk  https://t.co/MkbQ2YE4Wq,Not a disaster
692,1961,"dog rendered a kitten from burning buildings
https://t.co/9cpWIEcEGv http://t.co/rZLYtneZ2u",Other disaster
693,4629,Emergency Plumber Emergency Plumbing Services. #plumber #localplumber #Australia https://t.co/V3LZWkqSO7,Not a disaster
694,8075,Last Chance Animal Rescue has 3 new posts. http://t.co/qtEqA5kvpy #animalrescue | https://t.co/ec46LyQQc6,Not a disaster
695,5652,Myanmar: MSF assisting thousands as worst flooding in decades hits parts of Myanmar http://t.co/PiJG5w2L2u,Flood
696,7521,Refugio oil spill may have been costlier bigger than projected (LA Times) http://t.co/TCSoLvwhXq,Other disaster
697,8008,Vassalboro house to be razed to make way for public gazebo @PeteL_McGuire reports. http://t.co/uUEwccdTow,Not a disaster
698,6390,AngelRiveraLibÛ_ #Snowden 'may have' broken laws? Hurricane Katrina may have caused some damage. http://t.co/jAaWuiOvdc Without Snowden hÛ_,Storm/Hurricane/Tornado
699,3234,I can't believe it never occurred to me that I could *not* be deluged with Kickstarter emails.,Not a disaster
700,8220,@Riot_Sweet @jfwong @MtgoDoc @JoshLeeKwai wait.. what dates?? ill be at MSG and PAX =(,Not a disaster
701,933,@_AfroJazz I'll add you (i dont even know what you talking about),Not a disaster
702,7776,EFF and MuckRock run census to find out how local police track your biometrics http://t.co/vA9PvpS9Dj,Not a disaster
703,10919,Residents reported strong tremors after an earthquake hit Auckland.,Earthquake
704,7119,@SocialJerkBlog My husband was in the military and he does that. It ends up in seat shuffling sometimes. ;),Not a disaster
705,9091,@GazelleBundchen different materials etc. Just because a closer building stayed intact doesn't negate a structural failure in building 7.,Not a disaster
706,11159,Severe flooding has submerged roads in Kathmandu.,Flood
707,8514,CAMILA'S DOING A FOLLOW SPREE TONIGHT IM SCREAMING OF HAPPINESS,Not a disaster
708,354,:StarMade: :Stardate 3: :Planetary Annihilation:: http://t.co/I2hHvIUmTm via @YouTube,Other disaster
709,824,After a long battle @Spurs Matt Bonner took care of Brian Scalabrine in knockout this after... (Vine by @NBA) https://t.co/Q3mGYRDHSF,Not a disaster
710,2652,The last few days have proven how popular the #BBC is. Over 9m watched Bake Off and iplayer crashed due to cricket commentary.,Accident/Crash
711,5649,@PopMech ANOTHER tweet double posted within 4 hrs. Flooding my timeline with the duplicate tweets.,Flood
712,136,Suffield Alberta Accident https://t.co/bPTmlF4P10,Accident/Crash
713,702,@messeymetoo I feel attacked,Not a disaster
714,2838,I'm a cyclone passion overblown' https://t.co/MmZgpHNKNP,Not a disaster
715,9875,Yessum I'm traumatised ??,Not a disaster
716,7726,this is from my show last night and im still panicking over the fact i saw sweaty ashton with my own two eyes http://t.co/yyJ76WBC9y,Not a disaster
717,8975,IGN: A Warcraft 3-inspired mode is likely coming to Heroes of the Storm http://t.co/2qVgImRo0R http://t.co/VTRoCiHSne,Storm/Hurricane/Tornado
718,7866,[Serious]Now the Admins have banned certain volatile subreddits which ones are you surprised haven't been removed/quarantined yet? Û_,Not a disaster
719,730,Christian Attacked by Muslims at the Temple Mount after Waving Israeli Flag via Pamela Geller - ... http://t.co/e4YDbM4Dx6,Violence/Attack/Terrorism
720,3971,My father walked through the devastation the day after and refuses to speak about it to this day https://t.co/oFu6DANJZC,Not a disaster
721,2891,#Glaucoma occurs when fluid builds up pressure inside #eye to a level that may damage optic nerve #eyefacts,Other disaster
722,7520,Refugio oil spill may have been costlier bigger than projected http://t.co/aP30psZkVx,Other disaster
723,7349,It is insanity to call Climate Change more dangerous than Muslims wanting to obliterate America and Israel.  https://t.co/aA6S66huXh,Not a disaster
724,6488,@EdmontonEsks SB Adarius Bowman says team leadership and depth have helped through some key injuries https://t.co/hCnmZsfNcI #yeg,Not a disaster
725,4758,AND MY FAM HAD TO EVACUATE BC WE NEED POWER,Other disaster
726,7127,Ford : Other Military VERY NICE M151A1 MUTT with matching M416 Trailer - Full read by eBay http://t.co/RJ83YE5c1S http://t.co/2rWRU0jP0U,Not a disaster
727,6554,Dante Exum's knee injury could stem Jazz's hoped-for surge back to ... http://t.co/8PIFutrB5U,Other disaster
728,10743,#Australia #News ; RT janeenorman: 'High probability' aircraft wreckage is from #MH370 according to Deputy Prime Û_ http://t.co/cdOHgnJmsT,Accident/Crash
729,9139,16yr old boy pic PKK suicide bomber who detonated bomb in Turkey Army trench http://t.co/H3SXfV5mtC http://t.co/IEWDreNauK,Explosion
730,6712,waiting for my chocolate lava cakes to get here ??????,Not a disaster
731,10660,Having your wounds kissed by Someone who doesn't see them as disasters in your soul but rather cracks to pour their love into is amazing.,Not a disaster
732,9304,theyre training all the celebrities 2 b  superheroes so wen the apocalypse occurs theyll survive/repopulate earth w/ superior/hot beings,Not a disaster
733,9443,@BBCNewsAsia State sponsored terrorism.,Violence/Attack/Terrorism
734,5281,Help me win $$$$ by having the most shares on my article! A Lifetime Of Fear http://t.co/9eh2lCQkxl  Thanks! #BlackInAmerica #GrowingUpBlack,Not a disaster
735,737,Christian Attacked by Muslims at the Temple Mount after Waving Israeli Flag via Pamela Geller - ... http://t.co/ETg0prBP4G,Violence/Attack/Terrorism
736,5421,Community first responders #CFR The Radio Ham: Tony Hancock http://t.co/MMSoOOOa70,Not a disaster
737,4091,@PhelimKine: #Myanmar 's Displaced #Rohingya at #Sittwe point of no return http://t.co/8gO68KjE4b  http://t.co/0KrW1zYaHM,Other disaster
738,8130,Trust us to get rescued by the dopey ones.  #Emmerdale  #SummerFate,Not a disaster
739,5762,A group of Florida Forest Service firefighters could be deployed to California to help contain fires. Details at 10! http://t.co/tRrig5J1Re,Fire/Wildfire
740,5533,Zouma! Runaway train. Absolutely flattened the Fiorentina player there...,Not a disaster
741,6142,Biggest security update in history coming up: Google patches Android hijack bug Stagefright http://t.co/bFoZaptqCo,Not a disaster
742,8010,Police Monitoring 200 Jihadis in Poland http://t.co/1wCOfmLUb9 via @freedomoutpost,Other disaster
743,3221,Why are you deluged with low self-image? Take the quiz: http://t.co/XsPqdOrIqj http://t.co/CQYvFR4UCy,Other disaster
744,5614,@Warlord_queen he thrusts a little more before he jams his cock deep inside her flooding her womb and pussy with his hot thick cum,Not a disaster
745,11250,Authorities issued a flood warning for New Orleans.,Flood
746,1957,@_minimehh @cjoyner I must be overlooking the burning buildings? #BlackLivesMatter,Other disaster
747,10613,Police Officer Wounded Suspect Dead After Exchanging Shots http://t.co/brE2lGmn7C #ABC #News #AN247,Other disaster
748,7568,@SenateMajLdr let's try to do our best to prevent another outbreak of violence by talking to each other both the people and the politics,Other disaster
749,1056,Looks like Reynolds and Montano coming in. Need to stop the bleeding. Not the best performance so far.,Not a disaster
750,661,Militants attack police post in Udhampur; 2 SPOs injured | LiveMint http://t.co/Rptouz2iJs | http://t.co/69mLhfefhr #AllTheNews,Violence/Attack/Terrorism
751,1557,What if your hometown were hit by the Hiroshima atomic bomb? http://t.co/XuWN4McgYp #safemode,Explosion
752,3918,Thanks @MartinBarrow - and yes definitely something that affects men as well. My husband just as devastated.,Not a disaster
753,10485,Does the #FingerRockFire make you wonder 'am I prepared for a wildfire'. Find out at http://t.co/eX8A5JYZm5 #azwx http://t.co/DeEeKobmXa,Fire/Wildfire
754,8987,Doves - The Storm + Greatest Denier (Electric Proms Pt4) http://t.co/xjTpV4OydL,Storm/Hurricane/Tornado
755,8171,http://t.co/XlFi7ovhFJ VIDEO: 'We're picking up bodies from water': Rescuers are searching for hundredsÛ_ http://t.co/rAq4ZpdvKe,Other disaster
756,6521,Let's be thankful most of these injuries are minor &amp; it's still camp. Relax a little #birdgang. No one is cursed &amp; no injury bug hit.,Not a disaster
757,3769,We should do a hand in the destruction of an INNOCENT young man's life.,Not a disaster
758,1081,I blew up #oomf instagrams cause she's cute and she's an active follower,Not a disaster
759,618,Hotel arsonist who caused å£70000 damage was Û÷crying for helpÛª: An arsonist has been jailed after a court hear... http://t.co/HNGDdBhewa,Not a disaster
760,3047,The first trial in the death of #CecilTheLion was just postponed http://t.co/fnmJE8GF7m http://t.co/nYe8ae2ifr,Not a disaster
761,1496,Hot Ladies Handbag Leather Shoulder Tote Satchel messenger Cross Body Bags Green http://t.co/c7XBjRhNbi #Handbags http://t.co/1dmoLajv1Z,Not a disaster
762,3441,HillaryÛªs Bimbo Eruptions and Questionable Financial Dealings Should Derail Campaign http://t.co/kAL1s5mg2z via @politicsisdirty,Not a disaster
763,835,Jacksonville Busines FedEx stops shipping potential bioterror pathogens http://t.co/sHzsYmaUSi,Violence/Attack/Terrorism
764,4429,Morning Metro Late train? Check. Crazy guy who tells people the doors will electrocute them? Check.,Not a disaster
765,5110,Russian 'food crematoria' provoke outrage amid crisis famine memories - Yahoo News http://t.co/6siiRlnV6z,Other disaster
766,94,@PhilippaEilhart @DhuBlath hurt but her eyes ablaze with insulted anger.,Not a disaster
767,263,@TanSlash waiting for an ambulance,Not a disaster
768,10901,The earthquake in New Orleans caused power outages and road damage.,Earthquake
769,8007,The Latest: More Homes Razed by Northern California Wildfire - ABC News http://t.co/VP6wbXMZmj,Fire/Wildfire
770,6151,Tension In Bayelsa As Patience Jonathan Plans To Hijack APC PDP http://t.co/epABiNcZmJ http://t.co/1SgzGtgfw9,Other disaster
771,425,@5SOStag honestly he could say an apocalypse is coming and i would be exited hes so enthusiastic about everything,Not a disaster
772,5354,When your heart is bigger than the obstacles  in front of you #euro #dontexpectnothing #july #fire @euro,Not a disaster
773,4026,Top insurer blasts lack of Australian Govt action on disaster mitigation http://t.co/sDgOUtWNtb via @smh,Explosion
774,412,Julie + R is the apocalypse version of Romeo + Juliet #warmbodies,Not a disaster
775,10645,ME: gun shot wounds 3 4 6 7 'rapidly lethal' would have killed in 30-60 seconds or few minutes max. #kerricktrial,Not a disaster
776,9088,Investigators rule catastrophic structural failure resulted in 2014 Virg.. Related Articles: http://t.co/Cy1LFeNyV8,Other disaster
777,5964,Kenya News (Chelsea talisman Eden Hazard keen to match Cristiano Ronaldo and Lionel Messi.)  Mipasho http://t.co/LxvLqVbc8r,Not a disaster
778,3770,How American war planners singled out Hiroshima for destruction http://t.co/B5OKgpSpbH,Other disaster
779,7987,The Latest: More Homes Razed by Northern California Wildfire - ABC News http://t.co/Rg9yaybOSA,Fire/Wildfire
780,5658,"Flooding kills 166 displace over one million in Pakistan http://t.co/iCFQl7I9oP

At least 166 people have been killed and nearly 11 lakhÛ_",Flood
781,3919,Obama Declares Disaster for Typhoon-Devastated Saipan: Obama signs disaster declaration for Northern Marians a... http://t.co/a1MoeJxqyA,Storm/Hurricane/Tornado
782,4401,@devon_breneman hopefully it doesn't electrocute your heated blanket lmao,Not a disaster
783,10857,To conference attendees! The blue line from the airport has DERAILED - please look into taking a taxi to the hotel! See you soon!,Not a disaster
784,10510,Be careful out there. http://t.co/KoBavdEKWn,Not a disaster
785,8911,That organic freestyle with Casey veggies is cold as an ice cream cone in a Iceland snowstorm,Storm/Hurricane/Tornado
786,3126,#??? #?? #??? #??? MH370: Aircraft debris found on La Reunion is from missing Malaysia Airlines ...  http://t.co/zxCORQ0A3a,Other disaster
787,10582,@rangerkaitimay had major windstorm thunder and some rain down here near Jackson...calm now.,Storm/Hurricane/Tornado
788,1300,You call them weekends. I call them Bloody Mary times. This summer's been full of them. My newÛ_ https://t.co/VnNi3zzuZ6,Not a disaster
789,2648,TTW Today's News: Bin Laden family plane crashed after 'avoiding microlight and landing too far down runway'  http://t.co/BUMzvmwAM3,Accident/Crash
790,5422,First responders tell me he is lucky.... had someone riding with him today. http://t.co/jc16CZn0NC,Not a disaster
791,716,Telnet attacked from 124.13.172.40 (STREAMYX-HOME-SOUTHERN MY),Violence/Attack/Terrorism
792,7417,This Davies is why you don't play FM tired. Obliterated my budget http://t.co/CZ65rUoGXB,Not a disaster
793,3762,New RAN report from the frontlines of human rights abuses and forest destruction for fashion.: http://t.co/OmpzUyAsle,Not a disaster
794,9880,@wrongdejavu I'm traumatised,Not a disaster
795,1637,@moscow_ghost @sayed_ridha @Amin_Akh congratulations on capturing a besieged city after 3 months of indiscriminate bombing by land &amp; air,Explosion
796,6524,If Tyuler Collins could become Andy Dirks before the 58 injuries..that would be uiseful,Not a disaster
797,5026,@EdmundAdamus @CampionJoanne Pres Carter's notes in '79 meeting w/ JPII show Latin on his mind http://t.co/7nt13HIrTK http://t.co/4gCmQ4oWen,Not a disaster
798,1885,.@StacDemon with five burning questions for Chris Mullin and St. JohnÛªs in 2015-16: http://t.co/NmRVTHkvAh #SJUBB,Other disaster
799,9937,When there's trouble you know who to caaaaaall,Not a disaster
800,7348,The  People's  Republic  Of  China  (  PROC  ): Abandon the West Philippine Sea and all the ... https://t.co/pD14GsrfSC via @ChangePilipinas,Not a disaster
801,7043,I liked a @YouTube video from @itsjustinstuart http://t.co/Mnkaji2Q1N GUN RANGE MAYHEM!,Not a disaster
802,6869,Prompt and utter' mass murder  https://t.co/BRU7t5UzUy,Not a disaster
803,7203,Some people are really natural disaster too,Other disaster
804,9015,Mind salivation stretcher beds: KEGm,Not a disaster
805,3965,#CNNHoTD soccer mom wild swimming handcuffed child teen hookup case nuclear devastation showers Miss Piggy... http://t.co/XG9s40AFtZ,Not a disaster
806,915,@HowardU If 90BLKs&amp;8WHTs colluded 2 take WHT F @USAgov AUTH Hostage&amp;2 make her look BLK w/Bioterrorism&amp;use her lgl/org IDis ID still hers?,Violence/Attack/Terrorism
807,9343,"Update: I survived. No canoe. 

May have been the fastest feed out in history though.",Other disaster
808,3091,@mathew_is_angry @Z3KE_SK1 @saladinahmed they died horrible deaths trapped in the ships but they knew that was a risk.,Other disaster
809,8085,Flood-zone : General Raheel Sharif visits Chitral: He  also lauded the efforts of  FWO army troops and army aviation in rescue opera...,Flood
810,572,Fire That Destroyed Charlton Winery Ruled To Be Arson http://t.co/4a9l0jrMYB,Fire/Wildfire
811,665,New post from @darkreading http://t.co/8eIJDXApnp New SMB Relay Attack Steals User Credentials Over Internet,Violence/Attack/Terrorism
812,3345,5000 year old ring fort to be demolished http://t.co/1PxpoqKTjo,Not a disaster
813,9643,Severe Thunderstorm Warning for Oklahoma County in OK until 10:30pm CDT. #okwx,Storm/Hurricane/Tornado
814,7855,Reddit's new content policy goes into effect many horrible subreddits banned or quarantined http://t.co/M4TcZaawpT,Not a disaster
815,10472,Man selling WILD MORELS at Ambleside Farmr Mart.Sun.-MUSHROOM forageSECRET IS TO KNOW WHAT TREES they grow under &amp; BEST AFTER FOREST FIRES,Not a disaster
816,4386,#USGS M 1.9 - 15km E of Anchorage Alaska: Time2015-08-06 00:11:16 UTC2015-08-05 16:11:16 -08:00 at epicen... http://t.co/HkIiPyX5jL #SM,Not a disaster
817,2165,Something Catastrophic Is Coming: Should We Tune Out? http://t.co/iTkCRpqgn0,Not a disaster
818,6742,Check This Deal : http://t.co/uOoYgBb6aZ Sivan Health and Fitness Basalt Lava Hot Stone Massage Kit with 36 PieceÛ_ http://t.co/JJxcnwBp15,Not a disaster
819,10979,People evacuated buildings after feeling a strong quake in New Orleans.,Earthquake
820,1764,Two buildings burn in 3-alarm Antioch fire: Two buildings are burning in a 3-alarm fire at the Delta PinesÛ_ http://t.co/GQgF2ygpX2,Fire/Wildfire
821,1849,Corey White talking all dat shit but he got burned more than curlin irons on black women necks,Not a disaster
822,4475,@EllaEMusic_ You should have just simply let on that you had electrocuted yourself while plugging in your phone charger. It works for me...,Not a disaster
823,2471,Major accident causes life-threatening injuries closes highway: An 18-wheeler and an SUV collided and thenÛ_ http://t.co/ajTXUafOEM,Accident/Crash
824,8971,The Storm Prediction Center has expanded the 'Slight Risk' area to include more of central NC. #TWCNews #ncwx http://t.co/DgBeH5L9DS,Storm/Hurricane/Tornado
825,7607,I'll be at SFA very soon....#Pandemonium http://t.co/RW8b50xz9m,Other disaster
826,10008,It's alil twister at Tha end to! I was like oh nah ??,Other disaster
827,10551,Reality Training: Train falls off elevated tracks during windstorm http://t.co/etgQf28MgE,Storm/Hurricane/Tornado
828,8922,#LakeEffect #Snowstorm Twill Denim Jackets   *** ALL MY PROCEEDS FOR ITEMS WITH THIS DESIGN WILL GO TO HELP THE... http://t.co/QmtDXuYktY,Storm/Hurricane/Tornado
829,6776,Dry thunderstorms with lightning possible in the Pinpoint Valley Forecast. http://t.co/IdASYJybrO http://t.co/gdoAOLPq91,Storm/Hurricane/Tornado
830,9073,The NTSB reports that last year's crash of a Virgin Galactic spaceship was caused by structural failure after the Û_ http://t.co/vSAPkWJTEA,Accident/Crash
831,7538,"NSW - BANKSTOWN Stacey St at Wattle St
HAZARD Oil spill
Started today 11:38am last checked today 11:54am
Impact:... http://t.co/5ze5Z6BjLi",Not a disaster
832,6078,Longest Streak of Triple-Digit Heat Since 2013 Forecast in Dallas http://t.co/xc96rWUSZb http://t.co/XM9stfzcpV,Other disaster
833,8693,After a Few Years Afloat Pension Plans Start Sinking Again http://t.co/4cEEuzWHvf,Other disaster
834,2062,@Rx_Casualty @Vpzedd @Daintt_M call,Not a disaster
835,6789,Lightning strike in the distance via /r/pics http://t.co/iDmhSwewQw #pics,Other disaster
836,9625,THE NATIONAL WEATHER SERVICE IN LITTLE ROCK HAS ISSUED A * SEVERE THUNDERSTORM WARNING FOR... VAN BUREN COUNTY IN Û_ http://t.co/KJsvW06GBV,Storm/Hurricane/Tornado
837,3267,Contractor hired to demolish Goodrich plant in Miami files for bankruptcy - Tulsa World: Manufacturing http://t.co/uk7YwsvMgA,Not a disaster
838,127,ACCIDENT - HIT AND RUN - COLD at 500 BLOCK OF SE VISTA TER GRESHAM OR [Gresham Police #PG15000044357] 10:35 #pdx911,Accident/Crash
839,2042,@CounterMoonbat @Voodoo_Ben I've heard we're still using Purple Hearts manufactured then bc of the # of casualties we expected.,Other disaster
840,8045,Newlyweds feed thousands of Syrian refugees instead of hosting a banquet wedding dinner -  http://t.co/XZV0lT9ZZk via @smh,Other disaster
841,249,Twelve feared killed in Pakistani air ambulance helicopter crash - Reuters http://t.co/mDnUGVuBwN #yugvani,Accident/Crash
842,6839,@Bang_Me_Up_Guk he was ;-; like he was singing so loud ;-;,Not a disaster
843,1874,Geoengineering and burning of fossil fuels is making our global weather unstable. With temps up to 165å¡ and biggest flood in past 200 years,Flood
844,5632,If Flooding occurs in your home - How to stop mold growth via @ProudGreenHome http://t.co/KAVAovJz2V,Flood
845,4228,Jeff was bullied Sally was raped Ben was drowned Hoodie was betrayed LJ was abandoned EJ was a sacrifice Lost S.. (http://t.co/mFl7jzspOu),Not a disaster
846,10001,Meet Brinco your own personal earthquake snd tsunami early warning beacon. http://t.co/NXkUM9h7wD,Earthquake
847,10642,@GoogleFacts: Wounds heal faster if you lick them. Tears also help them heal as well.'  I know right even thou it seems stupid when lickin,Not a disaster
848,6113,Hellfire! We donÛªt even want to think about it or mention it so letÛªs not do anything that leads to it #islam!,Not a disaster
849,10155,This Is How Retailers Intend to Survive Upheaval http://t.co/WOcpJi5uq1 #retail #consumers http://t.co/JelXFtOpu5,Not a disaster
850,7254,Physical sense helps preserve memories of 2011 triple disaster (8/4 AJW) http://t.co/X5jGKjV6Ma #jishin_e #nuclear #Minamisoma,Other disaster
851,3207,Businesses are deluged with invoices. Make yours stand out with colour or shape anq it's likely to rise to the top of the pay' pile.,Not a disaster
852,10476,one of them wild fires in cali or something or in the mid west or where ever they show up..shit dont pop up around me,Fire/Wildfire
853,4686,Why are you engulfed by low self-image? Take the quiz: http://t.co/7V7YTEjL3J http://t.co/xJJU7MEN8f,Not a disaster
854,10028,"Check out 'Want Twister Tickets AND A VIP EXPERIENCE To See SHANIA? CLICK HERE:' at  http://t.co/3GEROQ49o1
I would Love Love Love!! To win",Not a disaster
855,857,FedEx no longer will ship potential bioterror pathogens - FedEx Corp. (NYSE: FDX) will no longer deliver packages ... http://t.co/2kdq56xTWs,Violence/Attack/Terrorism
856,8657,Large sinkhole swallows entire pond in Lowndes County Georgia http://t.co/wKPzp1JCAu #YoNews,Other disaster
857,779,Chiasson Sens can't come to deal #ColoradoAvalanche #Avalanche http://t.co/2bk7laGMa9 http://t.co/bkDGCfsuiQ,Other disaster
858,1223,Market News: Activision Blizzard Cognizant Technology First Solar http://t.co/gkNRP0e8Qs,Not a disaster
859,7041,@RaynbowAffair Editor In Chief @DiamondKesawn Releases Issue #7 http://t.co/fa0Jt1Yqru of #RAmag. #Fashion #Models and #Mayhem,Not a disaster
860,3867,Ignition Knock (Detonation) Sensor-Senso BECK/ARNLEY 158-0992 http://t.co/tk9HnxZNSl http://t.co/UhBUwbeQ0O,Not a disaster
861,4600,@Glenstannard @EssexWeather do you know where abouts as I heard emergency services near by,Other disaster
862,11267,Authorities issued a flood warning for Sydney.,Flood
863,1660,#Japan marks 70th anniversary of #Hiroshima atomic bombing (from @AP) http://t.co/qREInWg0GS,Explosion
864,10768,"Wreckage is MH370: Najib
http://t.co/iidKC0jSBx #MH370 #najibrazak #MalaysiaAirlines",Accident/Crash
865,10392,HELP I'M IN A WHIRLWIND OF NOSTALGIA,Not a disaster
866,3314,It was finally demolished in the spring of 2013 and the property has sat vacant since. The justÛ_: saddlebrooke... http://t.co/MDKV7c3el4,Not a disaster
867,4367,@lizXy_ IMAGINE IF AN EARTHQUAKE HAPPENED,Earthquake
868,5633,http://t.co/XJkRXrNWNv Flooding of tracks caused derailment sa #INSubcontinent @INSubcontinent http://t.co/JlWGshYY3N,Flood
869,3253,Rand Paul's Debate Strategy 'demolish Some other bad ideas out there or point out maybe that there are some em... http://t.co/qzdqRBr4Lh,Other disaster
870,973,"@Blizzard_draco I saw

let's eat blaze @BlazinSmasher",Not a disaster
871,340,"ANNIHILATED IN DAMASCUS: SYRIAN ARMY GRINDS Û÷ALLOOSH AND HIS GANG INTO THE MANURE PILE
http://t.co/7rakhP3bWm",Other disaster
872,405,@thomasa56 Just ONE of my major reasons not to live in *Big City*. If RR's *miss 9 meals* ever comes to pass Cue ANY 'Apocalypse' script.,Not a disaster
873,2434,Nigga This Is The First Time I Heard A Song By Justine Sky Other Than Collide,Not a disaster
874,2534,Motorcyclist bicyclist injured in Denver collision on Broadway http://t.co/UpPwxDA4yd,Accident/Crash
875,3037,Ted Cruz Bashes Obama Comparison GOP To Iranians Shouting 'Death To America' http://t.co/tXETcysm1H | #tcot,Other disaster
876,84,SETTING MYSELF ABLAZE http://t.co/6vMe7P5XhC,Not a disaster
877,4476,I was blow drying my hair &amp; the cable caught on fire. I let go of it as soon as I realized. Just before I could get electrocuted ??,Fire/Wildfire
878,9570,was that thunder?,Not a disaster
879,452,Bed time. Don't wake me up unless revolution or Armageddon start.,Not a disaster
880,5099,UPDATE 1-Russian 'food crematoria' provoke outrage amid crisis famine memories: * Russian society still recal... http://t.co/J2erZbMjQD,Other disaster
881,6302,@susanj357 @msnbc @allinwithchris it's like watching a hostage video sometimes ... But not always ( at least not yet),Not a disaster
882,1584,When you get a call back from the interview you thought you bombed &gt;&gt;&gt;,Explosion
883,7347,Watch Sarah Palin OBLITERATE Planned Parenthood For Targeting Minority Women! ÛÒ BB4SP http://t.co/JWfAAu1my5,Not a disaster
884,8158,VIDEO: 'We're picking up bodies from water': Rescuers are searching for hundreds of migrants in the Mediterranean after a boat carryi...,Other disaster
885,3102,@MayorofLondon pls reduce cyclist deaths with a compulsory highway code test as with EVERY OTHER VEHICLE that uses a road. #notrocketscience,Other disaster
886,11055,A shallow earthquake has been detected in Jakarta.,Earthquake
887,10807,Smackdown tyme this should put me in a good mood again since it got wrecked smh,Accident/Crash
888,339,BROOO HE JUST GOT ANNIHILATED https://t.co/UR7QkqG1wf,Not a disaster
889,8704,4 equipment ego break upon dig your family internet hoke excepting versus a sinking term: dfLJEV,Other disaster
890,8481,@mo_ganwilson Verrry mad. like I just screamed I'm so pissed,Not a disaster
891,1766,saving babies from burning buildings soaking cake in a shit tonne of alcohol mat is a man after my own heart ?? #GBBO,Not a disaster
892,261,#news Twelve feared killed in Pakistani air ambulance helicopter crash http://t.co/bFeS5tWBzt #til_now #DNA,Accident/Crash
893,6439,4 dead dozens injured in Gaza blast near house leveled in summer war - Washington Post: New York Times4 dead... http://t.co/7C2qhMwtv5,Explosion
894,3802,Apollo Brown ft. M.O.P- Detonate - http://t.co/OMfGv9ma1W,Other disaster
895,6205,Remove http://t.co/GYcBuXfYGP Browser Hijack... http://t.co/FuQH0yKsdg,Not a disaster
896,3333,Before &amp; After #underconstruction #demolished #Melbourne #Residential #commercial #builder #luxuryhomes #townhouses ?? http://t.co/6iD7CZvMEd,Not a disaster
897,4528,Setting Up An Emergency Fund In 3 Easy Steps: You never know when a surprise expense will pop up. So work up t... http://t.co/Iz17kLelZC,Not a disaster
898,909,Anthony Kimery Discusses #BioTerrorism on SyFy Channel's 'Joe Rogan Questions Everything' http://t.co/zckJWAcRCs,Violence/Attack/Terrorism
899,6803,Soon to be loud bang as backpack detonated.,Not a disaster
900,10898,A sudden quake caused damage to structures in Houston.,Earthquake
901,9314,A country Chim can survive!,Other disaster
902,8798,@BobbyCakes50 so far miss may I sleeping with sirens August burns red Memphis May Fire Attila &amp; all were so good ??,Fire/Wildfire
903,7804,Reddit Will Now Quarantine Offensive Content http://t.co/WosYPVQUFI http://t.co/XW8SDS1Tjp,Other disaster
904,6367,@IndiaToday @Iamtssudhir Time for India to join global war against ISIS cant sacrifice national interest to save hostages! #NationFirst,Violence/Attack/Terrorism
905,3480,Going to starbs it's only 70 degrees part of the metro derailed it's a beautiful morning in Washington D.C.,Other disaster
906,5122,Police: man in his early 30s dies after shooting on Vermont St.: http://t.co/HteZ4z48Od http://t.co/Eq4rXC9bb3,Violence/Attack/Terrorism
907,7346,@TrinityFox_ he would obliterate anyone who gets in the way of sleep,Not a disaster
908,3375,Buzzing: Billy Joel Brings Down the House for Final Show at New YorkÛªs Nassau ColiseumÛ_ http://t.co/Xj3ASw5Okj http://t.co/Epca4OXAq2,Not a disaster
909,10384,In memory of the victims of Hiroshima and Nagasaki. Never again! Ban nuclear weapons! : https://t.co/J3cIRXjFa6,Other disaster
910,198,@crobscarla your lifetime odds of dying from an airplane accident are 1 in 8015.,Not a disaster
911,2295,Mega keen for hiking tomorrow! Hope i don't fall off a cliff haha!  #keen #fitness #yay #excitedmuch,Not a disaster
912,7994,The Latest: More Homes Razed by Northern California Wildfire - ABC News http://t.co/bKsYymvIsg #GN,Fire/Wildfire
913,1143,@todd_calfee so @mattburgener wanted to see that info on blight u got,Other disaster
914,7189,@melindahaunton mudslide lady is a good shout,Not a disaster
915,81,Set our hearts ablaze and every city was a gift And every skyline was like a kiss upon the lips @Û_ https://t.co/cYoMPZ1A0Z,Not a disaster
916,7172,Loving this!!! Who watched tonight's #greatbritishbakeoff what did you think? #ineedcake #mudslide ?????? http://t.co/c743tLryWd,Not a disaster
917,10942,A sudden quake caused damage to structures in Auckland.,Earthquake
918,1690,Two giant cranes holding a bridge collapse into nearby homes http://t.co/UmANaaHwMI,Other disaster
919,1097,* I'm always one phone call away but too many people done blew up they chances with me.,Not a disaster
920,4884,After having two cans explode I wanted to drink the rest but these ... (Kaldi Coffee Stout) http://t.co/u6isXv2F3V #photo,Not a disaster
921,10474,WILD FIRES! http://t.co/EgrMdkXpOi,Fire/Wildfire
922,1589,70 years ago nowish America bombed #Hiroshima. Was it justified? All I can say is #noMOREHiroshimas #VJDay70 #FEPOW http://t.co/SYADSa6QeS,Explosion
923,4809,Gold Coast tram hit by fallen powerlines: UP to 30 people have been evacuated from a tram on the Gold Coast af... http://t.co/xpPQnYHiWC,Other disaster
924,11289,Rivers overflowed causing widespread flooding in New Orleans.,Flood
925,8977,Another next day #ThrowbackThursday of Kinky Kristy and @KyleSalive rehearsing up a storm! #DoingHashtagsRight http://t.co/UJ9hxUg7QS,Storm/Hurricane/Tornado
926,10512,"Wolverine Fire Update - Thursday August 6 - 9:00 Am

Incident: Wolverine Fire Wildfire
Released: 41 min. ago... http://t.co/8WDTTzpTXH",Fire/Wildfire
927,5902,If anything happens I will fucking fly 2 MetLife which is 3 hours away from me&amp;beat d crap out of any1 who tries 2 harm d boys #OTRATMETLIFE,Not a disaster
928,4236,@BenWunsch I ALMOST DROWNED AT SEA,Not a disaster
929,10876,A sudden quake caused damage to structures in Houston.,Earthquake
930,11005,Residents reported strong tremors after an earthquake hit Los Angeles.,Earthquake
931,7154,Hope Dorett's 'mudslide' cake wins?? #GBBO,Not a disaster
932,8072,@X_Man_Kitty @WolvenBeauty @_NickWilson__ //Shit...alright time to launch a black ops mission to rescue my alpha,Not a disaster
933,441,I liked a @YouTube video http://t.co/uJrIaIVqln Minecraft: NIGHT LUCKY BLOCK MOD (BOB APOCALYPSE WITHER 2.0 &amp; MORE!) Mod Showcase,Not a disaster
934,6236,#hot  Funtenna: hijacking computers to send data as sound waves [Black Hat 2015] http://t.co/EZ1TpCzJzo #prebreak #best,Not a disaster
935,3964,#HungerArticles: Nepal: Rebuilding Lives and Livelihoods After Quake Devastation http://t.co/LROuWjMbIx,Other disaster
936,11165,Emergency services are responding to flood damage in Kathmandu.,Flood
937,10958,Authorities confirmed seismic activity near New Orleans moments ago.,Earthquake
938,10396,"life can wild when... 
you're caught in a whirlwind ??",Other disaster
939,223,@god if an accident were to happen on this airplane idc if the rest of my luggage is completely destroyed just please save my makeup,Accident/Crash
940,5419,[News] Saint Louis University lowers tuition for first responders http://t.co/VJRHkmHpu2,Not a disaster
941,10389,I've officially been a St. Louisan for one full year. What a crazy awesome overwhelming whirlwind year it has been. Here's to another!,Not a disaster
942,7857,"Here we go again. EBOLA! Run for your lives! aaarrrgghhh!

http://t.co/G2UIMBeKgE",Other disaster
943,5076,New article: Russian 'food crematoria' provoke outrage amid crisis famine memories read more at here http://t.co/9HiEiFHSmC,Other disaster
944,11306,People are stranded after sudden flooding hit Manila.,Flood
945,761,Beautiful Sweet Avalanche Faith and Akito roses with lots of frothy gyp. http://t.co/RaqUpzFkJY #weddinghour http://t.co/quNxocXCgA,Not a disaster
946,5512,why would anyone want to hear some type of shin cup noodle flattened by a rolling pin sing https://t.co/IuEm2g1Nzp,Not a disaster
947,6194,Governor allows parole for California school bus hijacker http://t.co/0aQBZmrvLQ via @abc7newsbayarea,Not a disaster
948,5377,Former Township fire truck being used in Philippines: Township of Langley assistant fire chief Pat Walker spen... http://t.co/r6YJw4xcKY,Fire/Wildfire
949,1140,@colemcfadyean fuck off cole ??????,Not a disaster
950,8850,And all you girls that smoke.... have you notice that you started to lose ALOT OF WEIGHT ??? HMMM Don't know body want no thin girl tf,Not a disaster
951,10852,#??? #?? #??? #??? MH370: Aircraft debris found on La Reunion is from missing Malaysia Airlines ... http://t.co/5B7qT2YxdA,Other disaster
952,4050,Crews were out all day boarding up windows at the park at the Galleria apts. where fire displaced 55 this AM. http://t.co/NMPN2mqZgE,Fire/Wildfire
953,9335,Survive! ???? no sleep as in!,Not a disaster
954,8302,#360WiseNews : China's Stock Market Crash: Are There Gems In The Rubble? http://t.co/QDwRjmmk89,Accident/Crash
955,5818,Heavy rain and lightning overhead in Oakridge SW Calgary - at least it will melt the hail......#yycstorm #ABStorm,Storm/Hurricane/Tornado
956,2814,"SEVERE WEATHER BULLETIN No. 6
FOR: TYPHOON ÛÏ#HannaPHÛ (SOUDELOR)
TROPICAL CYCLONE: WARNING

ISSUED AT 11:00 PM... http://t.co/fKoJd0YqK0",Storm/Hurricane/Tornado
957,6490,@TayIorrMade @MegatronAFC possibly he's had injuries on both ankles though. 2011 one worse but regardless both.,Not a disaster
958,6351,Militant 'Overpowered' By Hostages After Attack http://t.co/xWnp8a1JOn,Violence/Attack/Terrorism
959,3879,Detonation fashionable mountaineering electronic watch water-resistant couples leisure tabÛ_ http://t.co/7dYOgLhMRe http://t.co/HKm3rtD4ZF,Other disaster
960,8144,VIDEO: 'We're picking up bodies from water': Rescuers are searching for hundreds of migrants in the Mediterran... http://t.co/ciwwUQthin,Other disaster
961,9065,Virgin galactic crash: early unlocking of brakes triggered structural failure http://t.co/3YLSQ1fSEf http://t.co/ABpMLymHNK,Accident/Crash
962,6874,http://t.co/c1H7JECFrV @RoyalCarribean do your passengers know about the mass murder that takes place in the #FaroeIslands every year?,Other disaster
963,8044,wowo--=== 12000 Nigerian refugees repatriated from Cameroon,Not a disaster
964,8994,Free Ebay Sniping RT? http://t.co/B231Ul1O1K Lumbar Extender Back Stretcher Excellent Condition!! ?Please Favorite &amp; Share,Not a disaster
965,4071,It's crazy how far in advance you feel the air displaced by a subway car before the train itself shows up.,Not a disaster
966,620,suspected serial arsonist in east bay under arrest @christinKPIX5 @NightBeatTV 10pm @KBCWtv @VeronicaDLCruz,Not a disaster
967,2362,@organicallyrude @1ROCKSTAR62 #wish Mattingly &amp; Bundy &amp; McGwire were standing on it when it collapsed!,Other disaster
968,4753,@MeetKakarotto 'Don't bother while you were offline I managed to evacuate everyone out of here including Hinata so so go ahead and cause--,Other disaster
969,7507,Refugio oil spill may have been costlier bigger than projected http://t.co/lzob8qOH1B,Other disaster
970,8720,So happy to be exercised of the demon of @ATT. Price kept rising service kept sinking. #goodbye,Not a disaster
971,5523,@johndavidblake Winds me up to see 95% 'whites' held up as 'black' as if just a trace of flattened nose or curly hair is impure.,Not a disaster
972,4580,#Biztip We recommend all businesses to get an alternative source of electricity. #Solar Wind and Batteries. Have an emergency plan! Now!,Other disaster
973,2546,Motorcyclist bicyclist injured in Denver collision on Broadway http://t.co/ZL7ojdAj3u,Accident/Crash
974,1561,I came up with an idea of a fragrance concept for a bath bomb called The Blood of my Enemies. So you can say that's what you bathe in.,Explosion
975,3737,@DavidVitter Hi David in 2003 I saw the USA walk into a war that destroyed the lives of millions. You can prevent a repeat. #IranDeal,Other disaster
976,5905,ÛÏFor I know the plans I have for youÛ declares the Lord ÛÏplans to prosper you and not to harm you plans to... http://t.co/cIrTVml9Vp,Not a disaster
977,1916,If YouÛªre Not Paying Attention to Your Influencers YouÛªre Burning Money | SocialTimes http://t.co/Ptc0xcRAGY,Not a disaster
978,2282,I accidentally killed an 87 day snap streak and now I wanna accidentally fall off a cliff ????????????????????,Accident/Crash
979,9243,According to the tabloids Cilla could've been saved. In the sense that Titanic wouldn't have sunk had it avoided the iceberg.,Not a disaster
980,9157,News: 'Islamic State claims suicide bombing at Saudi Arabian mosque' http://t.co/vIJfNHl630,Explosion
981,5608,Flood Advisory issued August 05 at 7:10PM CDT until August 05 at 8:00PM CDT by NWS: ...THE URBAN AND ... http://t.co/SeMw5cQ7Dg #weather,Flood
982,5132,California man facing manslaughter charge in Sunday's wrong-way fatal crash in ... - http://t.co/1vz3RmjHy4: Ca... http://t.co/xevUEEfQBZ,Accident/Crash
983,1715,Leicester_Merc : ICYMI - #Ashes 2015: Australia collapse at Trent Bridge - how Twitter reaÛ_ http://t.co/HqeWMREysO) http://t.co/y4y8fclJED,Not a disaster
984,10357,@deray @marstu67 Cop Benefits:Great Salary Free Car Free Rent Free Food.Free Weapons License to Kill &amp; Rape with Impunity.,Not a disaster
985,2396,@flickershowell oh wow my heart collapsed cool im crying cool cool,Other disaster
986,5782,#RiverComplex #CA #CASHF http://t.co/37iYHPPNr4 River Complex: Six Rivers National Forest lightning fires ÛÒ Morning Update,Fire/Wildfire
987,6893,"#DebateQuestionsWeWantToHear Why does #Saudi arabia and #Israel get away with mass murder?
#Wahhabism #Zionism",Other disaster
988,3160,ÛÏ@Liquidslap Name Ja Rule's best song.Û &lt;-- My guess is a song I've never heard because nothing I have heard could possibly be a candidate.,Not a disaster
989,4207,Hundreds feared drowned as migrant boat capsizes off Libya: Hundreds of migrants are feared to have drowned af... http://t.co/bF3OhacB1r,Not a disaster
990,10102,Please recover from the Typhoon. ????,Storm/Hurricane/Tornado
991,6137,"#GamerGate 'Our entire attempt to hijack your community destroy your industry and scam everyone in sight was just sarcastic'.

Drop dead.",Not a disaster
992,6865,Watching Murder in the First and you get the perspective from the family of the mass shooter person...it's crazy the pain they're in...,Not a disaster
993,9638,RT @LivingSafely: NWS posts Severe #Thunderstorm Warnings for parts of #AR #NC #OK. Seek strong shelter if at risk: http://t.co/kEa5l3b1AE,Storm/Hurricane/Tornado
994,4472,MT @Earths_Voice Treatment of #tigers in #China is appalling: electrocuted in front of businessmen &amp; eaten http://t.co/JlWhaOwFQA #SaveTi...,Other disaster
995,6972,The Fake of Nanking Massacre-4 Eyewitnesses (English): http://t.co/TiPnDEmPuz  #Obama #Clinton #Bush #GOP #ABC #CBS #BBC #CNN #WSJ #WPO,Other disaster
996,124,On the #M42 northbound between junctions J3 and J3A there are currently delays of 10 mins due to an accident c... http://t.co/LwI3prBa31,Accident/Crash
997,615,Video Captures Man Removing American Flag From Long Beach CA Home Burning It; Arsonist Sought http://t.co/JP2QlrunjJ http://t.co/jbpgkGOwSi,Not a disaster
998,3542,Train derailment: In Patna no news of any casualty so far - The Indian Express http://t.co/YH5VETm0YZ http://t.co/17Wgug8z0M,Other disaster
999,6421,HURRICANE GUILLERMO LIVE NOAA TRACKING / LOOPING WED.AUG.5TH ~ http://t.co/AuruGJEGIQ ~  http://t.co/L3w8miPvnT http://t.co/O85M1bJFRW,Storm/Hurricane/Tornado
1000,2045,News Wrap: UN warns female and child casualties are on the rise in Afghanistan http://t.co/vSvY1qe69t #pbs #iraq,Other disaster
1001,878,Biolab safety concerns grow: FedEx stops transporting certain specimens. Research facilities 'dumbfounded' by action. http://t.co/RUjV4VPnBV,Not a disaster
1002,1072,@ColoicCarnality You were bleeding my instincts kicked in. *She looks away and scratches the back of her head*,Not a disaster
1003,4351,#3Novices : Renison mine sees seismic event http://t.co/2i4EOGGO5j A small earthquake at Tasmania's Renison tin project has created a temÛ_,Earthquake
1004,9209,13 security personnel killed in Iraq suicide bombing | http://t.co/IbAZRHlSUr http://t.co/B6wWq2nYQI,Explosion
1005,2940,@Fresenius  Said I put patients lives in danger and at the same time this is whats happening. Same like this is a bigger violation than PPE,Not a disaster
1006,11105,"A 6.3 earthquake just struck near San Francisco, shaking buildings.",Earthquake
1007,8431,Watch This Airport Get Swallowed Up By A Sandstorm In Under A Minute http://t.co/87H5MbA3N1,Storm/Hurricane/Tornado
1008,2776,WHEN YOUR PARENTS TRY TO PUT A CURFEW ON YOU AND YOU'RE ALMOST 19 ????????????,Not a disaster
1009,6964,@stefsy14 the birthday massacre!!!,Not a disaster
1010,8413,Watch This Airport Get Swallowed Up By A Sandstorm In Under A Minute http://t.co/ELDcP3vO7C,Storm/Hurricane/Tornado
1011,1161,ok. but important question: how are the inquisition fighting darkspawn and NO ONE gets the blight in the entire game,Not a disaster
1012,2748,Remember how Nora Jones crushed it in Two Weeks Notice?,Not a disaster
1013,1634,Japan on Thursday marks the 70th anniversary of the atomic bombing of Hiroshima with the most senior official from Washington ever scheduleÛ_,Explosion
1014,910,@HarvardU If 90BLKs&amp;8WHTs colluded 2 take WHT F @USAgov AUTH Hostage&amp;2 make her look BLK w/Bioterrorism&amp;use her lgl/org IDis ID still hers?,Violence/Attack/Terrorism
1015,9975,When tsunami says your order will take 40 minutes and you placed your order when you were on your way ????,Not a disaster
1016,5550,I see a flattened Cyberman. Do I watch way too much Doctor Who??? http://t.co/XMKVhW2RS0,Not a disaster
1017,3637,Hey girl you must be Toe Hobbit: Part Two: ghe Desolation of Smaug because I'm not interested in seeing you. Sorry.,Not a disaster
1018,4052,300000 Dead 1200000 injured 11000000 Displaced this is #Syria 2015 visit  http://t.co/prCI76hOwu  #US #Canada http://t.co/rTCuFaG0au,Other disaster
1019,554,@pnuts_mama Be strong. It's at times like this that arson happens. Push thru past the felony stage.,Not a disaster
1020,9702,Illinois Tornado Slipped Under The Radar Emergency Officials Say http://t.co/P4KOfYtkdx,Storm/Hurricane/Tornado
1021,3010,Adult dies of plague in Colorado http://t.co/yoHVuwuMZS,Other disaster
1022,15,I'm afraid that the tornado is coming to our area...,Storm/Hurricane/Tornado
1023,10006,@Eric_Tsunami worry about yourself,Not a disaster
1024,1614,.@Vagersedolla visits villages recently bombed by Turkey and finds people fed up with the PKK http://t.co/UUWEiKD7sP,Explosion
1025,5496,@AWickedAssassin want to burst into flames! *Anna hugged him tightly*,Not a disaster
1026,4574,I liked a @YouTube video from @prosyndicate http://t.co/mLvBg6sEka Minecraft: Hunting OpTic - Emergency Exit Plan! (Episode 13),Not a disaster
1027,270,Twelve feared killed in Pakistani air ambulance helicopter crash http://t.co/3bRme6Sn4t,Accident/Crash
1028,7329,Rolling sandunes the gentle lapping of the sea the call of gulls and a nuclear reactor #sizewell http://t.co/X9CUiHIb5n,Other disaster
1029,2476,Car vs motorcycle in Harwich Port' HARWICH PORT ÛÒ A car and motorcycle collided around 5:30 p.m. The crash happenÛ_ http://t.co/ljxCE1QW2p,Accident/Crash
1030,2000,SMH photographer Wolter Peeters was on the front line with NSW Rural Fire Service crews laÛ_ http://t.co/gXe7nHwZ3e http://t.co/sRbqlMuwbV,Fire/Wildfire
1031,7620,On the Christie Hillside: Game 4 - Pandemonium at the Pits http://t.co/sRCKaWAndm @IBLMapleLeafs @IBL1919 http://t.co/dtImtSQu7z,Not a disaster
1032,10735,Wreckage 'Conclusively Confirmed' as From MH370: Malaysia PM: Investigators and the families of those who were... http://t.co/SfAKQNveta,Accident/Crash
1033,10936,Authorities confirmed seismic activity near Istanbul moments ago.,Earthquake
1034,10880,The ground shook violently during an earthquake in Istanbul.,Earthquake
1035,10753,Wreckage 'Conclusively Confirmed' as From MH370: Malaysia PM: Investigators and the families of those who were... http://t.co/leDmVEZCoL,Accident/Crash
1036,3558,who sank all night in submarine light of BickfordÛªs floated out and sat through the stale beer afternoon in desolate FugazziÛªs,Not a disaster
1037,11193,People are stranded after sudden flooding hit Jakarta.,Flood
1038,3972,Despite past devastation fortunately #forgiveness mutual #respect and #peace emerged.  #Remember #Hiroshima and #Nagasaki,Not a disaster
1039,5089,Russian Û÷food crematoriaÛª provoke outrage amid crisis famineåÊmemories http://t.co/sGECNKFThU,Other disaster
1040,3598,? This Weekend: Stockholm Sweden - Aug 8 at Copperfields http://t.co/6un7xC9Sve,Other disaster
1041,10288,Abe government said the missiles were not 'weapon' so JSDF could provide them to the ally when collective self defense right was exercised.,Other disaster
1042,6530,Diego Costa needs to stop getting injuries urg,Not a disaster
1043,8262,#BHRAMABULL Watch Run The Jewels Use Facts to Defend Rioting in Ferguson: The socially minded duo takes on the... http://t.co/Ld5P1sIa2N,Other disaster
1044,9954,Click Share in minute info-technews The Trouble With RedditÛªs Content Policy Update | Re/code Û_ http://t.co/wS0xohNb7v,Not a disaster
1045,7880,"0nPzp mhtw4fnet

Officials: Alabama Home Quarantined Over Possible Ebola Case - ABC News",Other disaster
1046,8903,@Groupon_UK it won't let me as you don't follow me,Not a disaster
1047,2255,@D33munni @JeanNamibian noooooooo ... *proceeds to fall off a cliff*,Not a disaster
1048,5356,It may seem like our fire has been a little burnt out....,Not a disaster
1049,8822,@jassy_curtis wait I'm fckng obsessed with your song sirens,Not a disaster
1050,1230,@Chief__CG nah young blood that cook is gone I'm cut now .haha,Not a disaster
1051,7234,@BookTubeAThon A world in which people aren't dying from natural and supernatural disaster and war most likely.,Not a disaster
1052,7534,Refugio oil spill may have been costlier bigger than projected http://t.co/GusrAmzp1s #news,Other disaster
1053,1828,I burned 3 of my fingers!! http://t.co/Gs2W38CSJn,Not a disaster
1054,2549,Techerit: Anti Collision Rear- #gadget #technology http://t.co/v3a5ZQaRFg,Accident/Crash
1055,9764,@onihimedesu the whole city is trapped! You can't leave the city! This was supposed to be a normal sports manga wit a love triangle (c),Other disaster
1056,9426,No text is worth your life. Hear stories of survivors and pledge not to text and drive. http://t.co/xkAfgsGmZ5,Not a disaster
1057,3804,"Apollo Brown-Detonate Featuring M.O.P.
http://t.co/JnoE2r2EIN",Not a disaster
1058,1934,@mrjamesob U're not getting rid me until every last drop of life has gone... I crawl into burning buildings because all Life matters. Jakey,Not a disaster
1059,292,Why should a helicopter ambulance ride to transfer to a hospital 21 miles away cost $29800? http://t.co/7ZqIreY7Te http://t.co/9Qp3PqPwZv,Not a disaster
1060,7532,Refugio oil spill may have been costlier bigger than projected http://t.co/FPaouLWU3N,Other disaster
1061,9151,#saudiarabia 13 confirmed dead as suicide bomber attacks Saudi Arabian mosque - The I... http://t.co/LwAnE9vupg - http://t.co/CpQguFZB28,Explosion
1062,4665,@FlameCored colliding with her projectile as a cloud of smoke engulfed the area. Not a moment later Shadow propelled himself through it --,Not a disaster
1063,9521,To whom we shld ask tht from where this bldy PAK terrorist has entered in our country...?,Violence/Attack/Terrorism
1064,6138,Bayelsa poll: Tension in Bayelsa as Patience Jonathan plans to hijack APC PDP: Plans by former First Lady and... http://t.co/86RSYy2tng,Other disaster
1065,10421,Richard returns after whirlwind few days http://t.co/L8W30WFW3R #MLB,Other disaster
1066,1522,Womens Handbags Cross Body Geometric Pattern Satchel Totes Shoulder Bags White http://t.co/L1GFXgOZvx http://t.co/TKJYbjjsKl,Not a disaster
1067,3614,I want to be free from desolation and despair,Not a disaster
1068,5325,Sitting around a fire sounds great right about now,Not a disaster
1069,9394,Haunting memories drawn by survivors http://t.co/a4H2e5xhiK via CNN,Not a disaster
1070,9450,Preacher faces UK terrorism charges http://t.co/daPlllFuqK,Violence/Attack/Terrorism
1071,575,RelaxInPR: miprv: RT latimes: Arson suspect linked to 30 fires caught in Northern California http://t.co/ylhAyfaOOu,Fire/Wildfire
1072,1648,Japan Marks 70th Anniversary of Hiroshima Atomic Bombing http://t.co/93vqkdFgnr,Explosion
1073,9412,#orlando Survivors of Shanghai Ghetto reunite after 70 years http://t.co/f8pE52ZeyX,Not a disaster
1074,2637,Army sources say 12 persons on board including a team of doctors die in helicopter crashed near Mansehra. weather seems to be cause of crash,Accident/Crash
1075,1801,"Agricultural Buildings on Fire - Aldwark - NYorks Fire &amp; Rescue Service 

Still grim news but fewer piglets caught up http://t.co/0kjCWG6pN9",Fire/Wildfire
1076,6614,As a result of heavy rains in #Bangladeshaffected lands are inundated by flood waters-land looks like rivers at high tide #BangladeshFlood,Flood
1077,1531,beforeitsnews : Global Derivatives: $1.5 Quadrillion Time Bomb http://t.co/GhmmUj7GbE (vÛ_ http://t.co/u9LvvLzhYe) http://t.co/LyJ57pq3yX,Not a disaster
1078,4299,Some poor sods arriving in Amman during yesterday's dust storm were diverted to Ben Gurion airport: http://t.co/jkpjpcH9i6,Storm/Hurricane/Tornado
1079,5924,@Norcinu @TheBodyShopAust @thomaldo tiny plastic beads used in cosmetics (scrubs toothpaste) doing great harm to aquatic ecosystems.,Not a disaster
1080,2609,Bin Laden family plane crashed after 'avoiding microlight and landing too far down runway': Three members of t... http://t.co/mFJxh4p51U,Accident/Crash
1081,9532,#Congi &amp; Indian News Presstitutes must be sympathising on the Terrorist caught alive in Jammu.If they can do for Yakub Sonia must be feeling,Violence/Attack/Terrorism
1082,4153,Save me from my self don't let me drown'.,Not a disaster
1083,5887,"sticks and stones may break my bones
but words will never harm me",Not a disaster
1084,10776,Wreckage 'Conclusively Confirmed' as From MH370: Malaysia PM,Accident/Crash
1085,5931,Father we come 2u &amp; lift up this nation America as well as other countries 2 keep it calm &amp; deliver us from harm in Jesus name??Amen #12K??,Not a disaster
1086,6855,@samanthaturne19 IIt may logically have been the right call... maybe... But it's an act of mass murder and I can't sanction it.,Other disaster
1087,11115,"A 5.8 earthquake just struck near Istanbul, shaking buildings.",Earthquake
1088,9067,NTSB: Virgin Galactic's SpaceshipTwo crash due to structural failure when braking system unlocked early http://t.co/EYSbLYX6L6 via @KPCC @AP,Accident/Crash
1089,8643,MRW when a sinkhole opens up beneath my friends and I... #gif #funny #lol #comedy #iFunny #video #image #RT http://t.co/XiYdYfptru,Other disaster
1090,1976,OMFG there are bush fires all over this tiny island. Our freaking house is gonna burn down.,Fire/Wildfire
1091,9964,omfg Johnny tsunami commercial,Not a disaster
1092,7079,CommoditiesåÊAre Crashing Like It's 2008 All Over Again http://t.co/EM1cN7alGk,Accident/Crash
1093,10586,Police Officer Wounded Suspect Dead After Exchanging Shots http://t.co/e4wvXQItV4,Not a disaster
1094,5458,As firefighters make gains on #RockyFire Jerry Brown is heading to the area to meet with first responders tomorrow morning,Fire/Wildfire
1095,10101,I think a Typhoon just passed through here lol,Storm/Hurricane/Tornado
1096,4072,.POTUS #StrategicPatience is a strategy for #Genocide; refugees; IDP Internally displaced people; horror; etc. https://t.co/rqWuoy1fm4,Other disaster
1097,10319,"True strength is forgiveness. Love the most powerful weapon. .@vickysuewrites' Broken Circle'

#giveaway #boyxboy http://t.co/Zgc3EsLNPS",Not a disaster
1098,8051,Refugees as citizens - The Hindu http://t.co/GJSaAf3U6K,Not a disaster
1099,9497,Udhampur terror attack: NIA takes over probe Pakistani terrorist quizzed; Pak denies link  http://t.co/i3gLzABeGl,Violence/Attack/Terrorism
1100,3382,Seattle's demolition-dodging 'Up' house to live on as affordable housing http://t.co/krGNNXj2sA,Not a disaster
1101,6767,Wolforth with a two-out single up the middle. Fourth hit of the night for Altamonte Springs.,Not a disaster
1102,7072,"@GRAMZD It would be an honor meeting you at the meltdown on Friday. 

Hope you like #dabs. http://t.co/MpJ2u4QSYi",Not a disaster
1103,5220,Hibernating pbx irrespective of pitch fatality careerism pan: crbZFZ,Not a disaster
1104,1926,15 Amp is common 120V breaker trip threshold to protect 14 AWG wire (commonly used in buildings) from burning. 1800W power outlets results..,Not a disaster
1105,6357,#hot  C-130 specially modified to land in a stadium and rescue hostages in Iran in 1980 http://t.co/PtAI4zBpbI #prebreak #best,Violence/Attack/Terrorism
1106,4184,We are getting some reports of flooding near Jonesboro High School. Please use caution when driving in the area. Turn around don't drown!,Flood
1107,7790,Oops: Bounty hunters try to raid Phoenix police chief's home: A group of armed bounty hunters surrounded the h... http://t.co/dGELJ8rYt9,Other disaster
1108,1783,fucking apartments across the street are on fire right now. 5 fuckin firetrucks wtf. this is the second time those buildings caught on fire,Fire/Wildfire
1109,855,FedEx stops shipping potential bioterror pathogens: FedEx Corp. (NYSE: FDX) will no longer deliver packages thatÛ_ http://t.co/CRD6tgIZhG,Violence/Attack/Terrorism
1110,9751,Rly tragedy in MP: Some live to recount horror: ÛÏWhen I saw coaches of my train plunging into water I called ... http://t.co/HR4GNyGSiC,Not a disaster
1111,2669,Aramis will crush 1 pitch strop,Not a disaster
1112,2130,@ShaneRyanHere CATASTROPHE on Amazon Prime.,Not a disaster
1113,6637,Oh no. The Boots &amp; hearts social media inundation is starting . Please no,Not a disaster
1114,5338,WCW @catsandsyrup THA BITCH IS FIRE,Not a disaster
1115,9879,Watching Casino Royale. She's clearly traumatised! Sucking her fingers work! Right?! #JamesBond,Not a disaster
1116,9195,@sonofbobBOB @Shimmyfab @trickxie usually I'd agree. Once the whole chopping heads off throwing gays off rooftops &amp; suicide bombing start,Explosion
1117,2392,@JessicaLauraxo grandma collapsed and died,Not a disaster
1118,5092,Bolshevik government monopolized food supply to seize power over hunhry population. Artificial famine was the result https://t.co/0xOUv7DHWz,Other disaster
1119,8058,CHPSRE: RT: Refugees: For our followers in Paris do visit 'A Dream of Humanity' exhibition by rezaphotography Û_ Û_ http://t.co/RPmTROPsVr,Other disaster
1120,2997,@_ToneDidIt this can't be real nah ?? her mother is dead wrong ????,Not a disaster
1121,1653,@rinkydnk2 @ZaibatsuNews @NeoProgressive1 When push2Left talk='ecology'&amp;'human rts'&amp;'democracy'. War Afghetc='Left' humanitarian bombing,Explosion
1122,8317,China's Stock Market Crash: Are There Gems In The Rubble? http://t.co/j4ggmKINEy #forbesasia,Accident/Crash
1123,9985,"?#FUKUSHIMA?#TEPCO?
Mountains of debris from the Japanese tsunami have floated to the West Coast
http://t.co/y518jYrZav",Other disaster
1124,8311,@JasonPope2 @JohnFugelsang again I didn't say it was. I was referring to the main 2 buildings. 7 was hit by rubble,Other disaster
1125,11252,Homes were damaged as floodwaters surged through Miami.,Flood
1126,11296,Emergency services are responding to flood damage in Los Angeles.,Flood
1127,721,IK Only Troll His Pol Rivals Never Literally Abused Them Or Attacked Their Families. While All Of Them Literally Abuse IK. Loosers,Not a disaster
1128,5819,@HeyItsEpark heavy rain and hail,Other disaster
1129,8495,@camilacabello97 now  I'm the one screaming internally and externally,Not a disaster
1130,3262,Enugu State government appears set to recover some portion of the Enugu International Conference Ce... http://t.co/w56CF75mXE #badotweet,Not a disaster
1131,2576,cPanel Crash Course http://t.co/bIRKbje23e #course http://t.co/buZWJmW49e,Not a disaster
1132,3991,70 Years After Atomic Bombs Japan Still Struggles With Wartime Past: The anniversary of the devastation wroug... http://t.co/AU6Sm5FaMq,Explosion
1133,9180,IS claims suicide bombing against Saudi police: An Islamic State group suicide bomber on Thursday detonated an... http://t.co/Dn5Buo7GSK,Explosion
1134,4100,U.S. in record hurricane drought http://t.co/8JvQI9UspL,Storm/Hurricane/Tornado
1135,10676,@IcyMagistrate ÛÓher upper armÛÒ those /friggin/ icicle projectilesÛÒ and leg from various other wounds the girl looks like a miniature moreÛÓ,Other disaster
1136,9349,"Grandma's friends survived to the attack in Hiroshima but they died with cancer when kids/teenagers??
#BombEffects",Explosion
1137,5468,"if you can't summon the flames directly from hell store bought is fine'-me 
mom-*dies*",Not a disaster
1138,2264,I might go losing it n drive off a cliff fall in the void,Not a disaster
1139,6756,The Lightning out here is something serious!,Other disaster
1140,9777,(#TeambrianMundial) Hollywood Movie About Trapped Miners Released in Chile: 'The 33' Holly... http://t.co/Ama6AVULnA (#TeambrianMundial),Not a disaster
1141,6043,Japan Heat Wave Intensifies ÛÒ Death Toll Surges To 55  http://t.co/irpSSresRq,Other disaster
1142,9376,Only one man Tsutomi Yamaguchi is said to have survived both atomic bomb blasts at #Hiroshima and #Nagasaki. #OTD http://t.co/DaalPeNZp0,Explosion
1143,9181,@bbclaurak Why is no one talking about the risk of a suicide bomber hiding amongst the migrants stowing aboard the Eurotunnel  trains?,Explosion
1144,1247,I ain't a crip or a blood....I'm doin my own thing,Not a disaster
1145,4562,.@CityofCalgary activates emergency plan amid severe thunderstorm warning http://t.co/pc7S8NxJ6Q #yyc #abstorm http://t.co/9xoHmMlMDY,Storm/Hurricane/Tornado
1146,1194,@EddieTrunk Blizzard of Ozz,Not a disaster
1147,6686,Italy: Three dead after landslide in the Italian Alps: http://t.co/42MawZb8T9 via @YouTube,Other disaster
1148,8027,Wow! Some powerful thoughts on the language we use to talk about groups of people on the move:  https://t.co/KRbpf4Tp4I,Not a disaster
1149,6070,Heat wave adding to the misery of internally-displaced Gazans http://t.co/jW3hN9ewFT via @PressTV http://t.co/NYWrkRQ7Kn,Other disaster
1150,5090,#Ukraine #Kyiv #News Radio Free Europe/Radio Liberty: Ukraine famine monument erected in ... http://t.co/ME5u1YqH4i #Kiev #Ukrainian #Ua,Not a disaster
1151,10080,(#LosDelSonido) Obama Declares Disaster for Typhoon-Devastated Saipan: Obama signs disaster declaration for Northern Ma...  (#IvanBerroa),Storm/Hurricane/Tornado
1152,2219,USA: BREAKING NEWS: CHEMICAL SPILL/EVACUATIONS/RED CROSS EMERGENCY http://t.co/007Npen6LG,Other disaster
1153,3150,Interesting: MH370: Aircraft debris found on La Reunion is from missing Malaysia Airlines ... - ABC ... http://t.co/950xIJhnVH Please RT,Other disaster
1154,7351,@RondaRousey Though I am certain that you would obliterate me fighting you would be pretty cool,Not a disaster
1155,7951,rainstorm??,Storm/Hurricane/Tornado
1156,4743,my father fucking died when the north tower collapsed ON HIM as he was trying to evacuate more people from the building.,Not a disaster
1157,3810,Detonate (feat. M.O.P.) by Apollo Brown http://t.co/fllaBzGCRc,Other disaster
1158,10649,Do You Let Your Emotional Wounds Fester? http://t.co/yDWhMgIMOE ? Powerful story andåÊword picture. via @forgivenwife,Not a disaster
1159,2162,@VaunWilmott - @PaysTara agrees that with the catastrophic loss of the love in the barn scene we are short 1 shirtless Michael. #Dominion,Not a disaster
1160,3095,Critters climate and two plague deaths in Colorado http://t.co/DXkt2Shuj2,Other disaster
1161,3063,Deaths 2 http://t.co/4A1fSwePpg,Not a disaster
1162,5831,Hail Mary. ????,Not a disaster
1163,1817,17 people displaced after 3-alarm fire tore through 2 apartment buildings on Second Street in Manchester. -- http://t.co/NzqwTCYidv #MHT,Fire/Wildfire
1164,10688,Season 3 of New Girl was such a emotional train wreck I just wanted to cry laugh and eat a lot of ice cream,Not a disaster
1165,8964,Storm &amp; Family tonight http://t.co/0aP7MoNtjF,Storm/Hurricane/Tornado
1166,11125,Homes were damaged as floodwaters surged through Delhi.,Flood
1167,4333,Raw Video: Dust Storm Rolls Through Texas http://t.co/QllkOfdyzX http://t.co/rGjJuMnNah,Storm/Hurricane/Tornado
1168,7879,http://t.co/AyLATPE073 Reddit's new content policy goes into effect many horrible subreddits banned or quarantined http://t.co/lNJD4Ey40J,Not a disaster
1169,76,SANTA CRUZ ÛÓ Head of the St Elizabeth Police Superintendent Lanford Salmon has r ... - http://t.co/vplR5Hka2u http://t.co/SxHW2TNNLf,Not a disaster
1170,8649,Some Evansville residents told to limit water usage due to sinkhole construction http://t.co/Lw6NeQJRoT,Not a disaster
1171,7004,@ESWEnrage I was a fan back then sadly and even went as her for Halloween in 2007. But I got better. LOL.,Not a disaster
1172,10632,Police Officer Wounded Suspect Dead After Exchanging Shots: Richmond police officer wounded suspect killed a... http://t.co/w0r8EAOKA0,Other disaster
1173,3987,At least 18 houses 5 bridges destroyed in flash #floods in #Gilgit-#Baltistan on Wednesday. http://t.co/HSJcR45SIS http://t.co/dQ931ea6Pr,Flood
1174,1789,Such beautiful architecture in #NYC I love those fire escape routes on the buildings. #newyorkÛ_ https://t.co/fW1PtaElgV,Fire/Wildfire
1175,6762,Expect gusty winds heavy downpours and lightning moving northeast toward VA now. http://t.co/jyxafD4knK,Other disaster
1176,3795,RSS: Russia begins mass destruction of illegally imported food   http://t.co/r6JDj9kIGm,Other disaster
1177,10707,First wreck today. So so glad me and mom are okay. Could've been a lot worse. So happy the lord was with us today ??????,Not a disaster
1178,11092,"A 5.1 earthquake just struck near Berlin, shaking buildings.",Earthquake
1179,10192,Dramatic Video Shows Plane Landing During Violent Storm http://t.co/XRgPdlSWfD,Storm/Hurricane/Tornado
1180,5537,100  1' MIX NEW FLAT DOUBLE SIDED LINERLESS BOTTLE CAPS YOU CHOOSE MIX FLATTENED - Full reÛ_ http://t.co/61fALvOCuK http://t.co/1MuTpFcgDL,Not a disaster
1181,1942,Destruction magic's fine just don't go burning down any buildings.,Other disaster
1182,7333,they're gonna fucking steal a nuclear fission reactor,Not a disaster
1183,3952,70 Years After Atomic Bombs Japan Still Struggles With War Past: The anniversary of the devastation wrought b... http://t.co/pmS4pMuR0q,Explosion
1184,8565,@ShojoShit /SCREAMS,Not a disaster
1185,7911,DOES ANYONE REMEMBER WHEN 5SOS CAME W 1D ON THE TMH TOUR WE HAD A GIANT RAINSTORM AND LAST NIGHT WE HAD ONE ALSO. @5SOS STOP BRINING RAIN,Storm/Hurricane/Tornado
1186,10053,The shortest and hardest tongue twister is: 'Toy Boat' (Try saying it five times fast).,Not a disaster
1187,7404,Roquey and obliterated toy mollusk https://t.co/1qnRBXFr2v,Not a disaster
1188,558,Los Angeles Times: Arson suspect linked to 30 fires caught in Northern ... - http://t.co/xwMs1AWW8m #NewsInTweets http://t.co/TE2YeRugsi,Fire/Wildfire
1189,8183,VIDEO: 'We're picking up bodies from water': Rescuers are searching for hundreds of migrants in the Mediterranean after a boat carryi...,Other disaster
1190,5710,"Who is bringing the tornadoes and floods. Who is bringing the climate change. God is after America He is plaguing her
 
#FARRAKHAN #QUOTE",Not a disaster
1191,7539,Refugio oil spill may have been costlier bigger than projected http://t.co/d7FdCLU404,Not a disaster
1192,2640,@SmusX16475 Skype just crashed u host,Not a disaster
1193,4070,Job event targets displaced Double 8 employees http://t.co/2SJaaDRYdc http://t.co/RovTa5EUQO,Not a disaster
1194,9083,Investigators say a fatal Virgin Galactic spaceship crash last year was caused by structural failure after the...  http://t.co/BgRAb7lK8D,Accident/Crash
1195,10215,1.9 #Earthquake in 5Km S Of Volcano Hawaii #iPhone users download the Earthquake app for more information http://t.co/V3aZWOAmzK,Earthquake
1196,11102,"A 6.7 earthquake just struck near Miami, shaking buildings.",Earthquake
1197,1112,Blew up those mentions,Not a disaster
1198,9673,(OK)  Severe Thunderstorm Warning issued August 05 at 8:29PM CDT until August 05 at 9:15PM CDT by NWS http://t.co/O8X4M5eR6b #okwx,Storm/Hurricane/Tornado
1199,4775,Trafford Centre film fans angry after Odeon cinema evacuated following false fire alarm http://t.co/pFMn63VnAm http://t.co/vKwqbOJFJc,Fire/Wildfire
1200,10963,A shallow earthquake has been detected in Bangkok.,Earthquake
1201,5327,AMAZON KINDLE FIRE 7' FAST REPAIR SERVICE FOR POWER JACK USB CHARGING PORT - Full read by Û_ http://t.co/2WHegYGS3k http://t.co/5b0BH8vPM6,Fire/Wildfire
1202,8771,WHELEN MODEL 295SS-100 SIREN AMPLIFIER POLICE EMERGENCY VEHICLE - Full read by eBay http://t.co/UGR6REFZpT http://t.co/eYyUqX4Tbt,Not a disaster
1203,9690,@Rebelmage2 I'm glad you got away XD But My 'be safe' was in reference to a tornado near calgary and drum heller at around 4 :O,Storm/Hurricane/Tornado
1204,10010,Want Twister Tickets AND A CHANCE AT A VIP EXPERIENCE To See SHANIA!!! CLICK HERE: http://t.co/964dk4rwwe,Not a disaster
1205,2764,Has the kids' bedtime gotten later &amp; later? Now's a good time to point out to them when their regular curfew would be. #BTSPrep #Parenting,Not a disaster
1206,3349,It was finally demolished in the spring of 2013 and the property has sat vacant since. The justÛ_: saddlebrooke... http://t.co/bd5B5yffyb,Not a disaster
1207,8898,She rose to her lofty position after being transported by accident to Oz in a hot air balloon during a snowstorm.,Storm/Hurricane/Tornado
1208,7593,An outbreak of Legionnaires' disease in New York has killed at least 8 people @BI_Video http://t.co/eRJ7YANjXm http://t.co/vbRPeuJANL,Other disaster
1209,7554,Families to sue over Legionnaires: More than 40 families affected by the fatal outbreak of Legionnaires' disea... http://t.co/2Mwc9YWjZy,Other disaster
1210,6563,New post: Cowboys believe Lance Dunbar&amp;#039;s ankle injury not serious http://t.co/XMCRedFXAt,Not a disaster
1211,6018,50k plays on our 'Delirious' remix!! Happy it's getting so much love ??,Not a disaster
1212,1357,My phone is being blown up rn ??,Not a disaster
1213,6156,Criminals Who Hijack Lorries And Buses Arrested In Enugu: According to the Nigerian Police Force... http://t.co/FfKcj8pfj2 Via @Music212,Other disaster
1214,245,Could a drone cause an airplane accident? Pilots worried about use of drones esp. in close vicinity of airports http://t.co/kz35rGngJF #,Accident/Crash
1215,3271,"Listen to @AnaKasparian demolish the case against Planned Parenthood!!
*whiny voice* 'I just really love aboooooortiooooonnnnns.' #DefundPP",Not a disaster
1216,3413,Dr. Gridlock: HereÛªs what may have caused a Metro train to derail in downtown D.C. http://t.co/Pm2TNnFDWw #washingtonpost,Other disaster
1217,2206,"Dear @SenTedCruz Will you or anyone in your family be alive in 2040?

#climatechange #GOPDebate 

 http://t.co/j7Q2ySOMvR",Not a disaster
1218,244,The shooting or the airplane accident  https://t.co/iECc1JDOub,Accident/Crash
1219,8609,The 08/06/2015 AlabamaQuake seismic summary w/ #earthquake #news &amp; history http://t.co/zM6VcZqvWk http://t.co/DKNlZNom6n,Earthquake
1220,6080,http://t.co/OYMLNLHEca So important to stay hydrated in the midst of this heat waveÛ_ ?? Û_ http://t.co/EXLQxSa0i8 http://t.co/M3TiNl4NUX,Not a disaster
1221,5872,Good olde fashioned prairie #hailstorm #calgaryweather https://t.co/hI1yOQFlfm,Storm/Hurricane/Tornado
1222,4388,@DArchambau THX for your great encouragement and for RT of NEW VIDEO http://t.co/cybKsXHF7d The Coming Apocalyptic US Earthquake &amp; Tsunami,Earthquake
1223,2477,So running down the stairs was a bad idea full on collided... With the floor ??,Not a disaster
1224,6854,The media needs to stop publicizing mass murder. So many sick people do these things for the eyes of the world &amp; the media is not helping.,Other disaster
1225,1670,Japan marks 70th anniversary of Hiroshima atomic bombing #Generalnews http://t.co/M9o08GUrT4,Explosion
1226,7992,today will be another dualcom with @Im_Razed !!! if you enjoyed yesterdays check out todays at 5 pm easter!!!,Not a disaster
1227,360,U.S National Park Services Tonto National Forest: Stop the Annihilation of the Salt River Wild Horse... http://t.co/KPQk0C4G0M via @Change,Other disaster
1228,6376,"One Year on from the Sinjar Massacre #Yazidis Blast Lack of Action Over Hostages
http://t.co/BAqOcMcJqc",Explosion
1229,1163,Member Post: Norwalk blight ordinance said to be success as properties change hands http://t.co/ZDwmKQEYBn,Not a disaster
1230,5138,CA Cops: Illegal Immigrant with 4 Prior Arrests Charged in Fatal Sex Attack http://t.co/BL59Fw4SYS,Violence/Attack/Terrorism
1231,4620,Removing tsunami debris from the West Coast: Karen Robinson Enviromental and Emergency services manager of theÛ_ http://t.co/1MeEo3WJcO,Other disaster
1232,5017,WPRI 12 Eyewitness News Rhode Island set to modernize its voting equipment WPRI 12 EyewitnessÛ_ http://t.co/aP9JBrPmQg,Not a disaster
1233,10071,abcnews - Obama Declares Disaster for Typhoon-Devastated Saipan: Obama signs disaster declaration for Northern... http://t.co/mg5eAJElul,Storm/Hurricane/Tornado
1234,5,All residents asked to 'shelter in place' are being notified by officers. No other evacuation or shelter in place orders are expected,Other disaster
1235,4106,The Best Drought-Tolerant Perennials http://t.co/AdZONC7Olv http://t.co/ih9iTMhFjZ,Not a disaster
1236,11013,"A 6.7 earthquake just struck near Berlin, shaking buildings.",Earthquake
1237,7267,The people who tweet and care about #Japan #Fukushima nuclear disaster are not the problem those who ignore are the problem.,Other disaster
1238,7846,Reddit's new content policy goes into effect many horrible subreddits banned or quarantined http://t.co/aXqgUKn8Yz http://t.co/P1USSSv5Wa,Not a disaster
1239,5999,From recycling to only using non-hazardous chemicals Holland 1916 continually strives to maintain an eco-friendly existence.,Other disaster
1240,633,@local_arsonist I guess u can say that it's just some shit I was thinking about,Not a disaster
1241,510,5 Seconds of Summer Is my pick for http://t.co/EFC3896Qgr Fan Army #5SOSFAM http://t.co/aSpwke1YnK,Not a disaster
1242,10932,Aftershocks continue following the earthquake in Istanbul.,Earthquake
1243,5864,This was Boston yesterday after an intense hailstorm [X-Post from /r/cityporn] [4608ÌÑ2474] (Û_ http://t.co/8E6XuhrBKh http://t.co/Qo190N8UdD,Storm/Hurricane/Tornado
1244,1238,We gone get it  get it in blood,Not a disaster
1245,3453,@CoolBreezeT train derailed at Smithsonian...no passenger train...then my red line train became disabled between FH &amp; Bethesda,Not a disaster
1246,2966,I hope it's Ross &amp; not Val that's dead @emmerdale #SummerFate,Not a disaster
1247,404,Another hour! It's August 05 2015 at 08:02PM Here's Red Rover Zombie Apocalypse 2014! http://t.co/cf9e6TU3g7 #internetradio #collegeradiÛ_,Other disaster
1248,6199,Remove the http://t.co/JAb541hHk0 and Linkury Browser Hijacker http://t.co/Je6Zjwh5uB http://t.co/fDxgmiwAEh,Other disaster
1249,3624,#NowPlaying  - Lamb of God - Desolation http://t.co/mUYWttEdl6,Not a disaster
1250,1428,genuine Leather man Bag Messenger fit iPad mini 4 tablet case cross body air jp - Full reaÛ_ http://t.co/Vl26HSrq4E http://t.co/ryl0Y88fKM,Not a disaster
1251,10064,Obama Declares Disaster for Typhoon-Devastated Saipan: Obama signs disaster declaration for Northern Marians a... http://t.co/UsVyHdG9OG,Storm/Hurricane/Tornado
1252,10949,Authorities confirmed seismic activity near Toronto moments ago.,Earthquake
1253,8719,HELP ME I'M SINKING,Not a disaster
1254,2472,@mollywood I agree! I didn't know you had moved to Marketplace. I woke up to your report &amp; thought my favorite worlds (BOL-APM) collided.,Not a disaster
1255,712,Christian Attacked by Muslims at the Temple Mount after Waving Israeli Flag via Pamela Geller - ... http://t.co/U0kEOe5fMt,Violence/Attack/Terrorism
1256,10034,Crazy Mom Threw Teen Daughter a NUDE Twister Sex Party According To Her Friend50 =&gt;http://t.co/Hy5Pbe12TM http://t.co/c1nJpLi5oR,Other disaster
1257,9854,80 @UChicago faculty members pushing university to overturn ban of trauma center protesters http://t.co/ta1yqclpSc http://t.co/xToHI1HexY,Other disaster
1258,5661,Slip Sliding Away - Flash Floods Info for Writers w/Tony Nester @SonoranRattler #writingtips http://t.co/sLTtOrRLHs,Flood
1259,4196,@GraysonDolan I'll fall and drown so I think I'll pass,Not a disaster
1260,7586,Families to sue over Legionnaires: More than 40 families affected by the fatal outbreak of Legionnaires' disea... http://t.co/6oPYSf87K2,Not a disaster
1261,1302,Damn bloody hot,Not a disaster
1262,2276,Huge cliff landslide on road in China: Watch the moment a cliff collapses as huge chunks of rock fall onto a r... http://t.co/LKDO0momtw,Not a disaster
1263,7946,Landslide in Italian Alps kills three: ROME (Reuters) - Three people were killed when a severe rainstorm in th... http://t.co/mBPWr0fUvJ,Storm/Hurricane/Tornado
1264,8736,ITS JUST NOW SINKING IN THIS IS THE LAST EPISODE MY HEART HURTS SO BAD,Not a disaster
1265,8129,Heroes! A Springer Spaniel &amp; her dog dad rescued a stranded baby dolphin: http://t.co/G03DkPooNP http://t.co/Go0HPi0B4c,Other disaster
1266,6197,Governor Allows Parole for School Bus Hijacker http://t.co/liKWQhSHHX via @nbcnews I remember this crime sent chills through parents,Other disaster
1267,7852,Officials: Alabama home quarantined over possible Ebola case http://t.co/UYUgFg3k1h,Other disaster
1268,4294,Boy saves autistic brother from drowning #NewsVideos http://t.co/8NZt51ew14,Not a disaster
1269,2469,"I so want to #win an ARC of WHEN WE COLLIDED Emery Lord's 2016 release! Open intl #TheStartofEmandYou #giveaway
 http://t.co/qcu4xO54wT",Not a disaster
1270,11058,A sudden quake caused damage to structures in Jakarta.,Earthquake
1271,5315,Marquei como visto Game of Thrones - 3x5 - Kissed by Fire http://t.co/CJHH17duli #bancodeseries,Not a disaster
1272,10774,Wreckage 'conclusively confirmed' as from MH370: Malaysia PM http://t.co/Rp2DxFKHDQ | https://t.co/akmIHLRIs1,Accident/Crash
1273,11221,Flash floods swept through Los Angeles after heavy rainfall.,Flood
1274,10874,MEG issues Hazardous Weather Outlook (HWO) http://t.co/3X6RBQJHn3,Not a disaster
1275,6593,"Body shops inundated with cars dented by hail... Good news insurance pays... Bad news :  you are stuck with deductible !
#wcvb",Other disaster
1276,9492,Captured terrorist Naved not registered as our citizen: Pakistan http://t.co/0FS9kSV5xK,Violence/Attack/Terrorism
1277,10974,Aftershocks continue following the earthquake in Santiago.,Earthquake
1278,10207,"Violent video: Ukraine rioters brutally beat police storm local admin building
WE'RE ALL FIGHTING BACK  http://t.co/Byj5Dfa2rv",Storm/Hurricane/Tornado
1279,1560,If I fall is men GOD @Praiz8 is d bomb well av always known dat since 2008 bigger u I pray sir,Explosion
1280,2448,Trump &amp; Bill Clinton collide in best conspiracy story ever http://t.co/ABkhBhNLOz via @motherjones TRUMP DEMOCRATIC PLANT?  lmao #lastword,Not a disaster
1281,1124,Zayn just blew up twitter.,Not a disaster
1282,19,#Flood in Bago Myanmar #We arrived Bago,Flood
1283,6181,Swansea Û÷plot hijack transfer move for Southampton target Virgil van DijkÛª http://t.co/PVmr38LnvA,Other disaster
1284,2359,Gut Deutsch musik! The old and rotten the monarchy has collapsed. The new may live. Long live the German Republic! https://t.co/RJjU70rHyu,Not a disaster
1285,899,CDC has a pretty cool list of all bioterrorism agents :3,Violence/Attack/Terrorism
1286,9434,People with netflix there's a really good documentary about Hiroshima narrated by John Hurt. 2 Parter that interviews Pilots + Survivors.,Not a disaster
1287,9811,"RT MME_AUSTIN: Why #Marijuana Is Critical For Research in Treating #PTSD

http://t.co/T6fuAhFp7p 
#hempoil #cannÛ_ http://t.co/RhE7dXM7Ey",Not a disaster
1288,6918,Hey #movietheatre mass murderer wanna-be we don't play that shit in the #615!,Other disaster
1289,6358,C-130 specially modified to land in a stadium and rescue hostages in Iran in 1980:    submitt... http://t.co/nbugSMqLRG #aviationaddicts,Violence/Attack/Terrorism
1290,11188,Homes were damaged as floodwaters surged through Rome.,Flood
1291,6209,I think parents r shit these days=only coz I don't have kids=but to let ur child pretend to be a hijacker only drives them to do it laters,Not a disaster
1292,2696,@jaureguiswisdom lmao well i only know one and ive only had a crush on this one sooo,Not a disaster
1293,8090,"Revel8ion Media recently went out to support the 'Rocky Fire' rescue efforts. This is what we filmed.
#RockyFire  http://t.co/Haxz4XLs8d",Fire/Wildfire
1294,6603,@yahoocare perhaps you should change you name to yahoo doesn't care.  Are you so inundated with complaints that you cannot respond to me??,Not a disaster
1295,6125,Hellfire is surrounded by desires so be careful and donÛªt let your desires control you! #Afterlife,Not a disaster
1296,6671,@preeti_chopra2 @chinmaykrvd many predicted landslide for nitish nd told bjp will loose bihar nd won't even get upper castes votes,Not a disaster
1297,1991,@dacherryontop13 ohh there are bush fires in Spain like every year one time when we went swimming there were planes getting water to fight,Fire/Wildfire
1298,5285,my worst fear. https://t.co/iH8UDz8mq3,Not a disaster
1299,10608,DESCRIPTIONS OF 'WOUNDED CATS BEING 'EXCITING' http://t.co/BJycRGfH5y,Not a disaster
1300,4954,"@lunasagalle @synapsenkotze 
'The Exploded - Bean the Bastard",Not a disaster
1301,7543,Senator voices concerns over BP oil spill settlement http://t.co/mFSBWpj0Ce,Other disaster
1302,2024,A poignant reminder that in war there are many casualties. http://t.co/Mwmt3BdR5L,Other disaster
1303,2651,MH370: Intact part lifts odds plane glided not crashed into sea http://t.co/8pdnHH6tzH,Accident/Crash
1304,3240,Businesses are deluged with invoices. Make yours stand out with colour or shape and it's likely to rise to the top of t e pay' pileq,Other disaster
1305,8732,This is Lara she likes sinking her teeth into my flesh and clawing my arms ?????? http://t.co/J43NWkX0X3,Not a disaster
1306,8985,#NASA announced that a massive #solar storm is headed straight for us: http://t.co/CM5u55MiOl,Storm/Hurricane/Tornado
1307,8962,"It's okay I welcome the rain. 
Gave you all the storm that you could weather.",Not a disaster
1308,10455,@Jennife29916207 I was thinking about you today when I was reading about the wild fires,Fire/Wildfire
1309,9493,Natural lubrication !!!!!!!!!!!#MetroFmTalk,Not a disaster
1310,7572,Families to sue over Legionnaires: More than 40 families affected by the fatal outbreak of Legionnaires' disea... http://t.co/A6xRnI8XHg,Not a disaster
1311,4980,Big Data and Social Information explosion: The Union That Could Evolve Your Retail Strategy...HUa,Not a disaster
1312,317,How do I step outside for 5 seconds and get annihilated  by mosquitoes?,Not a disaster
1313,5969,Con el Crack de Hazzel Hazard?????? @ Saint John's Episcopal School https://t.co/iQ0iWYPizd,Not a disaster
1314,3028,@ITristonTyler CONFESSION when I was little I had a hamster and my room was so cold it froze to death!?? OOPS......,Not a disaster
1315,3996,Water now tops the charts for highest global risk in terms of devastationÛ_ ahead of nuclear war or a global pandemic http://t.co/nbcvbSO9nm,Other disaster
1316,3024,This headache will be the death of me ??,Not a disaster
1317,6182,@spencer_ellmore @CentreTransfer just wait Norwich might hijack the deal??????,Not a disaster
1318,4633,@mickbland27 It is disturbing! Emergency services &amp; first responders should work together not slander try &amp; get each other killed.,Not a disaster
1319,5169,"City implores motorists not to speed after more reports of animal fatalities near nature reserves
-&gt; http://t.co/hiKF8Mkjsn",Other disaster
1320,9472,In #islam saving a person is equal in reward to saving all humans! Islam is the opposite of terrorism!,Violence/Attack/Terrorism
1321,2426,Collide Gateway students make setting up chairs and tables 10x more fun than I would've thought! ?? @collideNLC,Not a disaster
1322,9126,wo Pic of 16yr old PKK suicide bomber who detonated bomb in Turkey Army trench released http://t.co/5v29w19tFX /'/'//,Explosion
1323,4001,@quinhii I'm the one who started it so I feel like I have so much responsibility bUT NO ONE DOES ANYTHING OTL (a 'national' disaster lol),Not a disaster
1324,10436,As wild fires blacken northern California parched Harris County becomes tinder box.  https://t.co/i2lwTy5YuP,Fire/Wildfire
1325,3935,Er indoors will be devastated. RIP Arfur. #GeorgeCole,Other disaster
1326,6032,#psd #special Olap #world pres: http://t.co/9xO9mKQqsi How To Recognize A Hazardous Waste And The Multidimensi http://t.co/BP03eAFEWR,Other disaster
1327,4283,AND I'M DROWNING IN THE DÌäJÌÛ VUUUUU WE'VE SEEN IT ALL BEFOOOOOOOORE,Not a disaster
1328,8651,A sinkhole grows in Brooklyn: six-meter crater swallows street http://t.co/gkPrvzQ6lk,Other disaster
1329,10223,#USGS M 1.9 - 5km S of Volcano Hawaii: Time2015-08-06 01:04:01 UTC2015-08-05 15:04:01 -10:00 at epicenter... http://t.co/dIsrwhQGym #SM,Other disaster
1330,2512,COLLISION: #Hwy401 EB just east of Hwy 8 #Cambridge Single vehicle blocking the left lane. #OPP enroute. ^ag,Accident/Crash
1331,7083,@ChelseaVPeretti's bit on @meltdown_show was also gold.,Not a disaster
1332,5966,@Dead_Dreamer15 ...because if it were on fire that'd be a safety hazard,Fire/Wildfire
1333,1041,Apparently if you're bleeding people look at you weird lol well it's fine keep walking,Not a disaster
1334,10620,Police Officer Wounded Suspect Dead After Exchanging Shots: Richmond police officer wounded suspect killed a... http://t.co/5uFTRXPpV0,Other disaster
1335,3635,Fotoset: elanorofrohan: 10th December 2013 Green Carpet in Zurich for the Swiss Premiere of The Desolation... http://t.co/BQ3P7n7w06,Other disaster
1336,10410,Whirlwind Medusa Audio Snake: 16 microphone inputs 0 returns 150 ft http://t.co/mxkAlMQpdb http://t.co/8KZnhtYtt9,Other disaster
1337,11087,A shallow earthquake has been detected in Delhi.,Earthquake
1338,10354,Security experts report that the only way to keep Iran 'honest' and stop her march to nuclear weapons is by... http://t.co/DGnbUsfXkw,Not a disaster
1339,11067,"A 7.4 earthquake just struck near Manila, shaking buildings.",Earthquake
1340,551,Thousands attend a rally organized by Peace Now protesting the arson attack that took the life of an http://t.co/bvCKd9pdTi,Violence/Attack/Terrorism
1341,2329,Timestack' Photos Collapse Entire Sunsets Into Single Mesmerizing Images. http://t.co/Cas8xC2DFE,Not a disaster
1342,6275,#hot  Funtenna: hijacking computers to send data as sound waves [Black Hat 2015] http://t.co/f6PCzLWBWk #prebreak #best,Not a disaster
1343,6191,Remove the http://t.co/VbqmZ5aPwj and Linkury Browser Hijacker http://t.co/C2EyjNyBfN http://t.co/gt7gf0fSeX,Other disaster
1344,1879,@JanelleBrown117 YES! We are comrades in sweat-seeking calorie-burning cardio-torture! We need all the support we can get- smile nod wave,Not a disaster
1345,3536,Trains derailment: 'It's the freakiest of freak accidents' - The Indian Express http://t.co/CUVKf5YKAX,Accident/Crash
1346,9658,I asked my dad 'what if a tornado comes ?'and he said 'well you better stick your head between your legs and kiss your butt goodbye'??,Storm/Hurricane/Tornado
1347,1683,What the fuck is going on at Trent Bridge?!  Reminds me of England's collapse out in the Caribbean back in the 90s...,Other disaster
1348,9218,@RayquazaErk There are Christian terrorists to be sure but I don't suicide bombing is employed often as it is in Islamic groups.,Explosion
1349,5779,Firefighting consumes Forest Service budget sparks political clash http://t.co/ARN8qfgNpm,Fire/Wildfire
1350,10110,A look at state actions a year after Ferguson's upheaval http://t.co/GZEkQWzijq,Not a disaster
1351,1973,@marcoarment Middle of winter in Sydney we have had snow bush fires and 78 degree days in the last week.  Keeps you on your toes for sure.,Fire/Wildfire
1352,8250,Twitter is doing a count down to the rioting and financial collapse of Brazil #Rio2016 http://t.co/9mtrq5Jf4d,Other disaster
1353,7085,meltdown #1,Not a disaster
1354,8354,They like raunchy trash then make it real and ruin lives and the potential of phenomenally I assume self raised good Christian human beings,Not a disaster
1355,11300,Rivers overflowed causing widespread flooding in Delhi.,Flood
1356,3463,@jozerphine LITERALLY JUST LOOK THAT UP! YEAH DERAILED AT SMITHSONIAN SO EVERYTHIGN IS SHUT DOWN FROM FEDERAL CENTER SW TO MCPHERSON,Other disaster
1357,125,@DaveOshry @Soembie So if I say that I met her by accident this week- would you be super jelly Dave? :p,Accident/Crash
1358,9222,@Haji_Hunter762 @MiddleEastEye maybe some muzzies will spontaneously combust! It's like Allah suicide bombing them as payback ????????,Explosion
1359,9793,If I ever saw a dog trapped in a hot car you better believe I'm busting your fucking windows open and taking your dog,Not a disaster
1360,2404,We had a room full of people lifting up Collide in prayer!! We are so excited for Friday night!! http://t.co/645dYNAMy8,Not a disaster
1361,10965,The ground shook violently during an earthquake in Jakarta.,Earthquake
1362,4487,"Zotar(50 skeleton alchemist) was electrocuted to death by Atamathon the Giant Golem on Golem Graveyard 1.
http://t.co/GpwrC1KZ5i",Other disaster
1363,5583,12' 72W CREE LED Work Light Bar Alloy Spot Flood Combo Diving Offroad 4WD Boat - Full readÛ_ http://t.co/o7x8oDiBqU http://t.co/jWqxKwSOLL,Flood
1364,10764,Wreckage 'Conclusively Confirmed' as From MH370: Malaysia PM: Investigators and the families of those who were... http://t.co/VAZpG0ftmU,Accident/Crash
1365,7425,WACKOS like #MicheleBachman predict the WORLD will SOON be OBLITERATED by a burning firey INFERNO but cant accept #GlobalWarming!! HELLO!!!,Fire/Wildfire
1366,7525,National Briefing | West: California: Spring Oil Spill Estimate Grows: Documents released on Wednesday d... http://t.co/hTxAi05y7B (NYT),Other disaster
1367,6412,NowPlaying Rock You Like A Hurricane - Scorpions http://t.co/JRztpT8IJq,Not a disaster
1368,7941,That rainstorm didn't last nearly long enough,Storm/Hurricane/Tornado
1369,8780,The real question is why is the tornado siren going off in Dyersburg?,Storm/Hurricane/Tornado
1370,374,RT SIGN URGENT Stop the Annihilation of the Salt River Wild Horses!!! #savewildhorses #saltriverhorses https://t.co/8AZjFF8eSi,Not a disaster
1371,5859,It looks like all the trees in my yard had a Britney Spears style meltdown. #Bald #Hailstorm,Storm/Hurricane/Tornado
1372,745,Christian Attacked by Muslims at the Temple Mount after Waving Israeli Flag via Pamela Geller - ... http://t.co/1pDJoq4Jc1,Violence/Attack/Terrorism
1373,4785,Passengers evacuated &amp; lanes blocked off as power lines come down over a Gold Coast tram @9NewsGoldCoast http://t.co/zZweEezJuG,Other disaster
1374,3152,Aircraft debris confirmed to be from MH370 - Nation | The Star Online http://t.co/heS0bPU60Y,Other disaster
1375,11246,Rivers overflowed causing widespread flooding in Istanbul.,Flood
1376,6008,#diablo #dsp Olap #world pres: http://t.co/LFEtNRXyWt How To Recognize A Hazardous Waste And The Multidimensio http://t.co/PvNvqaXsA7,Not a disaster
1377,5820,Created save #666 on my current Fallout 3 playthrough. Hail Satan!,Not a disaster
1378,5660,when youre tired as hell but your brain keeps flooding you with inspiration,Flood
1379,2225,Bomb Crash Loot Riot Emergency Pipe Bomb Nuclear Chemical Spill Gas Ricin Leak Violence Drugs Cartel Cocaine Marijuana Heroine Kidnap Bust,Explosion
1380,9999,This high-tech sphere can be the key to saving lives during a tsunami. What would you pack in it? http://t.co/KwlpFqRBVp,Not a disaster
1381,1974,When you attack PP you attack women's health &amp; when you attack women's health you attack America's health.' http://t.co/HXdG24MCQg,Violence/Attack/Terrorism
1382,8162,VIDEO: 'We're picking up bodies from water': Rescuers are searching for hundreds of migrants in the Mediterran... http://t.co/PUezv6bd37,Other disaster
1383,4832,"Elem Pomo helping the displaced from the Rocky Fire. Please consider!
Elem Evacuation Center http://t.co/dYDFvz7amj via @gofundme",Fire/Wildfire
1384,9903,@DanDoherty_ @TomCenci @HRWright too traumatised to ask why.....,Not a disaster
1385,7629,Bihar Assembly fails to transact business due to pandemonium http://t.co/stp2Rsm3Af http://t.co/Dx8zBWAr4k,Not a disaster
1386,3710,Emotionally I am destroyed,Not a disaster
1387,5984,Road Hazard @ E CONFEDERATE AVE SE / MORELAND AVE SE http://t.co/tym6tYmh4M,Not a disaster
1388,9140,Pic of 16yr old PKK suicide bomber who detonated bomb in Turkey Army trench released: Harun Ìàekdar a member o... http://t.co/fMoqK26hIm,Explosion
1389,2913,What is this? Like I could be in danger or something,Other disaster
1390,10859,#breaking #LA Refugio oil spill may have been costlier bigger than projected http://t.co/5ueCmcv2Pk,Other disaster
1391,3206,thousands displaced as houses &amp; roads deluged by floodwater after week of persistent rains. #floods #climate #cdnpoli http://t.co/4WeDZRSWbn,Flood
1392,6860,RT owenrbroadhurst RT JuanMThompson: At this hour 70 yrs ago one of the greatest acts of mass murder in world histÛ_ http://t.co/ODWs0waW9Q,Other disaster
1393,3974,ÛÏEven in the midst of devastation something within us always points the way to freedom.Û,Not a disaster
1394,7667,Panic attacks are always lovely,Violence/Attack/Terrorism
1395,2533,Riverside I15 N Sr91 E Con / I15 N Sr91 W Con **Trfc Collision-Unkn Inj** http://t.co/QqMLKvgPQk,Accident/Crash
1396,8174,VIDEO: 'We're picking up bodies from water': Rescuers are searching for hundreds of migrants in the Mediterran... http://t.co/biiiYi7DaE,Not a disaster
1397,10133,? http://t.co/5J8vHUXzrp #Ancient Mayan Tablet with Hieroglyphics Honors Lowly King #livescience #future Û_ http://t.co/n3aQXoMubu,Not a disaster
1398,7931,driving home after a fairly large rainstorm makes me wonder how some of y'all manage to drive when it's dry out,Storm/Hurricane/Tornado
1399,238,Experts in France begin examining airplane debris found on Reunion Island: French air accident experts on Wednesday began examining t...,Accident/Crash
1400,6251,Funtenna: hijacking computers to send data as sound waves [Black Hat 2015] http://t.co/GUDtEFt5HP http://t.co/n3dDxcTO2A,Not a disaster
1401,1422,New Ladies Shoulder Tote Handbag Faux Leather Hobo Purse Cross Body Bag Womens - Full readÛ_ http://t.co/uR7FeXszg4 http://t.co/wb8awobLcL,Not a disaster
1402,6257,Hijacking Electric Skateboards to Make Them SaferåÊ | @scoopit http://t.co/ihInj3eNQi,Not a disaster
1403,978,https://t.co/WKv8VqVkT6 #ArtisteOfTheWeekFact say #Conversations by #coast2coastdjs agree @Crystal_Blaz 's #Jiwonle is a #HipHop #ClubBanger,Not a disaster
1404,3130,Debris found on Reunion Island comes from MH370: Malaysian PM http://t.co/f75qWyeeEC,Other disaster
1405,1749,@speechgirlAM On par with caring for the sick helping people move not talking during movies rescuing people from burning buildings...,Not a disaster
1406,6180,Criminals Who Hijack Lorries And Buses Arrested In Enugu (PHOTO) http://t.co/5cZ7eM9OTr,Not a disaster
1407,1440,@Yankees body bagging mfs,Other disaster
1408,2626,@BlizzardCS crashed them right after the stream lol,Accident/Crash
1409,6472,4 dead dozens injured in Gaza blast near house leveled in summer war - Washington Post  http://t.co/AXXDCaKzTY #World,Explosion
1410,6014,Also confirmed by Senate Marie Therese Dominguez to be Administrator of the Pipelines and Hazardous Materials Safety Administration (PHMSA).,Not a disaster
1411,4374,GNS sees unnecessary deaths resulting from earthquake strengthening legislation http://t.co/4rYZMzSgDW ($),Earthquake
1412,4910,Toronto going crazy for the blue jays. Can you imagine if the leafs get good? The city might literally explode.,Not a disaster
1413,5031,How 'Little Boy' Affected the People In Hiroshima - Eyewitness Testimonials! - https://t.co/5x5hSV5sKO,Not a disaster
1414,6832,matako_3: Breaking news! Unconfirmed! I just heard a loud bang nearby. in what appears to be a blast of wind from my neighbour's ass.,Not a disaster
1415,5500,You were just waiting for us to go down in flames,Not a disaster
1416,4364,#Earthquake of M 2.9 - 140km W of Ferndale California http://t.co/8t8oSCs4w7,Earthquake
1417,3489,1 of those days when ya don't realize till already in transit that a train DERAILED at the Metro St closest to work?? https://t.co/QYX5ThkRbH,Other disaster
1418,1299,@tomm3h You've been on Twitter since 2008?! Bloody hell. Veteran!,Not a disaster
1419,9646,Severe Thunderstorm pictures from across the Mid-South http://t.co/UZWLgJQzNS,Storm/Hurricane/Tornado
1420,66,How the West was burned: Thousands of wildfires ablaze in California alone http://t.co/vl5TBR3wbr,Fire/Wildfire
1421,3717,Flood: Two people dead 60 houses destroyed in Kaduna: Two people have been reportedly killed and 60 houses ut... http://t.co/BDsgF1CfaX,Flood
1422,805,Black Eye 9: A space battle occurred at Star M27329 involving 1 fleets totaling 1236 ships with 7 destroyed,Other disaster
1423,8052,Still wonder why they will do anything to have a life anywhere. Wars u support CAUSE refugees open boarders. #auspol https://t.co/3MjtE74AiW,Not a disaster
1424,11143,Homes were damaged as floodwaters surged through Los Angeles.,Flood
1425,9141,New post: Pic of 16yr old PKK suicide bomber who detonated bomb in Turkey Army trench released http://t.co/LWDcrPEhTN,Explosion
1426,5643,Donate to help Myanmar Flooding victims http://t.co/fuRVRES9Ks,Flood
1427,945,Property losses from California wildfire nearly double as week-old blaze rages http://t.co/E0UUsnpsq5,Fire/Wildfire
1428,8315,Jun 2015. Yemenis search for survivors under the rubble of houses in the old city of SanÛªa following an... http://t.co/11JUzHlgmT,Other disaster
1429,5680,Typhoon Soudelor approaches after 7 killed 2 missing in floods in Philippines http://t.co/nJMiDySXoF via @abc7chicago,Flood
1430,10836,#Ebola #EbolaOutbreak Ebola Virus: Birmingham Ala. Firefighters Quarantined After Possible Exposure Officials Say http://t.co/tjpYlU9fOX,Fire/Wildfire
1431,10054,@TheBuffShow @TheTwisterOkc My boyfriend wants too see @ShaniaTwain too! #TwisterLovesShania ?????? http://t.co/O61h2tAaE4,Not a disaster
1432,106,#3: Car Recorder ZeroEdgeå¨ Dual-lens Car Camera Vehicle Traffic/Driving History/Accident Camcorder  Large Re... http://t.co/kKFaSJv6Cj,Accident/Crash
1433,11142,Flash floods swept through Delhi after heavy rainfall.,Flood
1434,2048,American Weapons and Support Are Fueling a Bloody Air War in Yemen http://t.co/F7ZcqaOcY7,Not a disaster
1435,6289,Pakistani Terrorist Was Captured By Villagers He Took Hostage - NDTV http://t.co/C5X10JAkGE,Violence/Attack/Terrorism
1436,7454,The schematization to Maintain Facts Dependable By virtue of Obliteration...XMwTE,Not a disaster
1437,3284,Imagine having KP AND Root.... We'd demolish everyone,Not a disaster
1438,197,Strict liability in the context of an airplane accident: Pilot error is a common component of most aviation cr... http://t.co/6CZ3bOhRd4,Accident/Crash
1439,912,@APhiABeta1907 w/ugliness due 2 your 'ugly'@AMESocialAction Frat's BIOTERRORISMI'm she who's @FBI ID U $tolewant'g another in my Home.@ABC,Violence/Attack/Terrorism
1440,8803,want a new season of The League and Sirens on Netflix.,Not a disaster
1441,11138,Flash floods swept through Houston after heavy rainfall.,Flood
1442,9337,#Autoinsurance industry clueless on driverless cars : #healthinsurance http://t.co/YdEtWgRibk,Other disaster
1443,2361,Great British &lt;b&gt;Bake&lt;/b&gt; Off's back and Dorret's &lt;b&gt;chocolate&lt;/b&gt; gateau collapsed - JANÛ_ http://t.co/53LORsrGqf,Not a disaster
1444,9125,Pic of 16yr old PKK suicide bomber who detonated bomb in Turkey Army trench released: Harun Ìàekdar a member o... http://t.co/v0NTQyZlPK,Explosion
1445,10301,@RosemaryTravale Do we all use the same weapon? 'cause we might be screwed XD,Not a disaster
1446,11079,People evacuated buildings after feeling a strong quake in Bangkok.,Earthquake
1447,8047,http://t.co/eHKLp12yiP Paci?c Media Centre | articles: AUSTRALIA: RSF protests over new security gag over reporting on...,Not a disaster
1448,1,Our Deeds are the Reason of this #earthquake May ALLAH Forgive us all,Earthquake
1449,9774,Hollywood movie about trapped miners released in Chile,Not a disaster
1450,4349,1.43 earthquake occurred near Mount St. Helens area Washington at 09:36 UTC! #earthquake http://t.co/2xMdiDGpnr,Earthquake
1451,8940,"I feel like the cold homeless orphan gazing into the cozy mansion of the affluent eating a lobster dinner during a snowstorm.

It's fine.",Storm/Hurricane/Tornado
1452,8224,Transwomen and drag queens of color lead the riot a well known butch lesbian is usually credited for inciting it.,Not a disaster
1453,8421,I liked a @YouTube video from @centralupload http://t.co/EwLHrTREEP Oh oh!,Not a disaster
1454,8277,#DebateQuestionsWeWantToHear Are these thugs or boys being boys? https://t.co/T0aZ5d9BHK,Not a disaster
1455,5821,@weathernetwork here comes the hail!,Other disaster
1456,8287,Football hooligan jailed for rioting before game in Scotland was already banned from matches in England #UkNews http://t.co/q5mp2Q6Hy8,Other disaster
1457,3554,Thanks a lot roadworks men cos a tube strike wasn't disruptive enough so having to walk the desolate route from Tottenham to .....,Other disaster
1458,5103,Robert Conquest Famine Museum Kiev @GuidoFawkes @MediaGuido https://t.co/WE40iUX7Ib,Not a disaster
1459,3073,Deaths 7 http://t.co/xRJA0XpL40,Other disaster
1460,6500,Tonight we have attended a fire in Romford with @LondonFire thankfully no injuries http://t.co/iyjeJop2WI,Fire/Wildfire
1461,7592,More than 40 families affected by the fatal outbreak of Legionnaires' disease in Edinburgh areÛ_ http://t.co/XpvKqME5Ls,Not a disaster
1462,7919,Approaching rainstorm http://t.co/3YREo3SpNU,Storm/Hurricane/Tornado
1463,8254,http://t.co/wspuXOrEWb  Cindy Noonan@CindyNoonan-Heartbreak in #Baltimore #Rioting #YAHIstorical #UndergroundRailraod,Other disaster
1464,545,5 Seconds of Summer Is my pick for http://t.co/qcHV3JqOVK Fan Army #5SOSFAM http://t.co/gc0uDfnFgg ÌÑ2,Not a disaster
1465,5196,Among other main factors behind pedestrian fatalities are people failing to yield to a car' http://t.co/dgUL7FfJt2,Other disaster
1466,10418,Two hours to get to a client meeting. Whirlwind of emotions with this #tubestrike,Other disaster
1467,7294,Chernobyl disaster - Wikipedia the free encyclopedia don't you just love the nuclear technology it's so glorious  https://t.co/GHucazjSxB,Other disaster
1468,397,ohH NO FUKURODANI DIDN'T SURVIVE THE APOCALYPSE BOKUTO FEELS HORRIBLE  my poor boy my ppor child,Other disaster
1469,1706,Two giant cranes holding a bridge collapse into nearby homes http://t.co/q5q1x5Vcqk,Other disaster
1470,10443,Several wild fires have burned a lot of land in California. Here is one of the larger fires. http://t.co/2M1gNeaiFl http://t.co/UQh85MiP0v,Fire/Wildfire
1471,6640,@womanxking Well you're safe in NY. Avoid inundation zones in the pacific north west though.,Not a disaster
1472,88,#nowplaying Alfons - Ablaze 2015 on Puls Radio #pulsradio http://t.co/aA5BJgWfDv,Not a disaster
1473,10842,BREAKING: #ISIS claims responsibility for mosque attack in Saudi Arabia that killed 13 http://t.co/VZ640XOSwj http://t.co/m2HpnOAK8b,Violence/Attack/Terrorism
1474,8505,@estellasrevenge the first time i went swiming in it i was basically screaming WHY DOES IT SMELL/TASTE SO BAD,Not a disaster
1475,4561,Good tips! Does your family have an emergency plan?  ... http://t.co/r5BgVLqPJt http://t.co/MEHWKZwtXD,Not a disaster
1476,1255,/criess blood/ Golden Wook is life. http://t.co/Fhb99ciCeT,Not a disaster
1477,8026,Refugee Connections Indiegogo campaign will be going live tomorrow! Support us and help launch the only online community for #refugees.,Other disaster
1478,3957,@cllrraymogford Indeed Ray devastation would be far more comprehensive #Hiroshima,Other disaster
1479,8293,Outrage as dog found buried alive in rubble http://t.co/vrNRrpoHm8,Not a disaster
1480,3087,@mohammedzismail because there was more deaths by regular gunsmissilesbombs and what not warfare than the A-bombs used in A war.,Explosion
1481,9931,OH MY GOD RYANS IN TROUBLE http://t.co/ADIp0UnXHU,Other disaster
1482,9116,//./../.. Pic of 16yr old PKK suicide bomber who detonated bomb in Turkey Army trench released http://t.co/fqSk7QCawO -/,Explosion
1483,266,Pakistan air ambulance helicopter crash kills nine http://t.co/8E7rY8eBMf,Accident/Crash
1484,8837,MarketforceÛªs ÛÏCat SharkÛ wins Sirens round two http://t.co/6F9aFQL6WP #radio #news,Not a disaster
1485,5549,@FollowerOfDole 'Give me your lunch money ner-' *flattened by falling quarter*,Not a disaster
1486,5844,Boston yesterday after an intense hailstorm. Photo by 'then0mads0ul'. http://t.co/uxgtXCArQ1,Storm/Hurricane/Tornado
1487,4774,13000 evacuated as California firefighters fight flames to save homes. #RockyFire http://t.co/tB52o146tx http://t.co/tsbTiGDSDT,Fire/Wildfire
1488,8122,http://t.co/QGyN2u1UP3 Rescued Med migrants arrive in Sicily: Hundreds of migrants rescuedÛ_ http://t.co/wiS3H9Tqrm,Other disaster
1489,2312,@BasilDudin The 'barbaric Saudies' as you said they relive Austrian economy. If we stop coming here many project will collapse.,Not a disaster
1490,9190,IS claims suicide bombing against Saudi police: An Islamic State group suicide bomber on Thursday detona... http://t.co/yoXZFbRvzI #news,Explosion
1491,362,NEW! Are souls punished with annihilation? http://t.co/cmNV6VyFCQ,Not a disaster
1492,3985,Is This Country Latin America's Next 'Argentina': One week ago we reported on the economic devastation in he o... http://t.co/J3rcOflDyA,Not a disaster
1493,1403,Dracula Vampire Cross Body Small Shoulder Bag http://t.co/XPHTe7sb4X,Not a disaster
1494,5020,Baseball: Eyewitness Accounts: August 6 2015 by Jeff Moore Wilson Karaman and Brendan Gawlowski: Eyes on Mi http://t.co/H4ZOZqLpE7 #sport,Not a disaster
1495,4087,40 displaced by Ocean Township apartment fire #NewYork - http://t.co/uelZ59wVOm,Fire/Wildfire
1496,1928,"Burning Buildings.

Keep The Flames Lit. ??????",Not a disaster
1497,1180,Buying MoP http://t.co/tl7o6Zsqzy,Not a disaster
1498,8482,@TopherBreezy it was my fav too!!! Amazing! Michael and I screamed the whole time ??,Not a disaster
1499,6578,New post: Texans report: QB battle unaffected by Foster&amp;#039;s injury http://t.co/IgH2PAAHnK,Not a disaster
1500,443,"Short Reading

Apocalypse 21:1023 

In the spirit the angel took me to the top of an enormous high mountain and... http://t.co/v8AfTD9zeZ",Other disaster
1501,2594,I see dat we liable to fuck up and crash ????,Not a disaster
1502,5146,"Tell me why or why not
to adopt in this way
maybe I overlooked something
fatal for me
?whyor why not?",Not a disaster
1503,798,Dragon Ball Z: Battle Of Gods (2014) - Rotten Tomatoes http://t.co/jDDNhmrmMJ via @RottenTomatoes,Not a disaster
1504,1676,Ashes 2015: AustraliaÛªs collapse at Trent Bridge among worst in history: England bundled out Australia for 60 ... http://t.co/985DwWPdEt,Other disaster
1505,9721,1 Death is a tragedy; a million Deaths is a statistic.' Stalin August 6 1945 U.S. Atomic Bomb Dropped On... http://t.co/kaMPx4eOS9,Explosion
1506,8273,@brownblaze on tumblr the day/night of it was all over. The first I heard anything about it anywhere elsewere simply reports of rioting.,Not a disaster
1507,1704,Australia collapse at Trent Bridge how Twitter . On the first morning of the fourth Ashes Test... http://t.co/WAtjhzULa8,Not a disaster
1508,8233,Riot police intervene after Southampton and Vitesse Arnhem supporters clash: Û¢ Fans clash in buildup to second... http://t.co/OBBcoMKAWf,Not a disaster
1509,3134,MH370: Reunion debris is from missing Malaysia flight http://t.co/6iMe8KJaCV,Other disaster
1510,614,#Arsonist arrested for setting many fires. WATCH tonightÛªs other #headlines: http://t.co/sqgogJ3S5r. #Nightbeat @VeronicaDLCruz #2MinuteMix,Fire/Wildfire
1511,10694,i'm sitting in the parking lot waiting to go into therapy and i'm crying and an emotional wreck and i don't want my therapist to know ????????????,Accident/Crash
1512,10628,ABC News: Police Officer Wounded Suspect Dead After Exchanging Shots. More #news - http://t.co/AzovGv4SB6,Other disaster
1513,9167,@ZeeNews How come no one asked the obvious QN? Why show a Hindu suicide bomber?  Never heard of one.,Explosion
1514,760,@cierranb5678 I was just there and my dad told me he would never let me get an Avalanche,Not a disaster
1515,8034,How One Couple Is Using Drones to Save Refugees at the World's Deadliest Border http://t.co/9qpG0Z3Rh9,Other disaster
1516,6818,kiilud: Breaking news! Unconfirmed! I just heard a loud bang nearby. in what appears to be a blast of wind from my neighbour's ass.,Explosion
1517,4924,Junko was 13 years old when the atomic bomb exploded over #Hiroshima on August 6 1945. http://t.co/lSpnyCVoLO http://t.co/Nh5pkFBfqm,Explosion
1518,10887,Authorities confirmed seismic activity near Sydney moments ago.,Earthquake
1519,9236,#ISIL has claimed credit for three suicide bombing attacks targeting regime checkpoints on the outskirts of Al-Qaryatayn. #Homs #Syria,Explosion
1520,8986,My last two weather pics from the storm on August 2nd. People packed up real fast after the temp dropped and winds picked up.,Storm/Hurricane/Tornado
1521,6829,Sun_OfGod: Breaking news! Unconfirmed! I just heard a loud bang nearby. in what appears to be a blast of wind from my neighbour's ass.,Explosion
1522,10998,The earthquake in Auckland caused power outages and road damage.,Earthquake
1523,8089,Officials rescue 367 migrants off Libya; 25 bodies found - Fox News http://t.co/cEdCUgEuWs #News,Other disaster
1524,2076,UNPREDICTABLE DISCONNECTED AND SOCIAL CASUALTY ARE MY FAVORITES HOW DO PEOPLE NOT LIKE THEM,Other disaster
1525,5701,I'm so dried out in this desert let me know I wanna be with you speaking of floods speaking of truth - Laleh ????????,Flood
1526,8679,A sinkhole grows in Brooklyn: six-meter crater swallows street http://t.co/LTLh53aRN4,Not a disaster
1527,4813,#Breaking: Authorities have issued new mandatory evacuation notices for 25 homes to the North of the fire in #Roosevelt WA,Fire/Wildfire
1528,1843,@Kyra_Elizabethh my back break light is burned out so I gotta show them in the next 10 days ??,Not a disaster
1529,6673,Artifacts found in southern Indiana landslide near Horseshoe Casino http://t.co/BdB0NpgPkH http://t.co/jbCC0KShol,Not a disaster
1530,2496,"OMG OMG OMG #JustinBieber and #HarryStyles have collided in a nuclear accident at #Cern ^oo^

#HarryBeCareful http://t.co/p4huQUNDQi",Not a disaster
1531,11231,Authorities issued a flood warning for Jakarta.,Flood
1532,3398,7 Christians detained in Zhejiang amid widespread anger over cross removal- over 1200 crosses removed since last yr http://t.co/8PICbkDJM0,Not a disaster
1533,1754,People are more worried about the burning of buildings than black people losing their lives disgusting.,Other disaster
1534,7152,The one with the chocolate mudslide  #BakeOffFriends @BritishBakeOff @BBCOne #GBBO,Not a disaster
1535,6264,MomentsAtHill everyone hijacking NuNus and timas bikes ????,Not a disaster
1536,6502,@nflnetwork @AZCardinals what's up with all the injuries..,Not a disaster
1537,9110,See the 16yr old PKK suicide bomber who detonated bomb in Turkey Army trenchÛ_ http://t.co/ZdiEodWbog via @MsOreo_ http://t.co/V6nyLVdPeD,Explosion
1538,4037,Not an electric debut for Severino but not a disaster either. Looking forward to see what adjustments he makes for start #2.,Not a disaster
1539,7570,Families to sue over Legionnaires: More than 40 families affected by the fatal outbreak of Legionnaires' disea... http://t.co/rv9Dv6JOeW,Other disaster
1540,8590,The screams when Niall touches his dick yes http://t.co/U5Iu6pfNh6,Not a disaster
1541,9986,@TSUNAMI_nopeach ?????? I'm weak af,Not a disaster
1542,3539,Latest : Suresh Prabhu calls Harda derailment a natural calamity; officials feel ... - Economic Ti... http://t.co/6bCIvdaEa0 #IndianNews,Not a disaster
1543,2501,Cyclist who collided with runner on Roanoke greenway wins $300000 civil verdict - Roanoke Times: Cyclist who c... http://t.co/E2WfGp8JHk,Other disaster
1544,2140,@taylorswift13 @Caradelevingne Mother Chucker and Catastrophe = So much hotness in one room we can't cope. #Swifties,Not a disaster
1545,4417,stay with me - sam.smith,Not a disaster
1546,11303,Authorities issued a flood warning for Mexico City.,Flood
1547,7029,Asbury Park shooting reported http://t.co/dADZ5ZFO1g via @AsburyParkPress,Violence/Attack/Terrorism
1548,7236,Patriot Survival Guide: Do you know how survive when the governments collapse or other natural disaster happens? http://t.co/QhtoerhDkM,Other disaster
1549,3089,@HighQualityBird a reverse situation (lol I don't know 9/11?) where US civilian deaths were specifically utilized to make a political,Other disaster
1550,430,I liked a @YouTube video http://t.co/2umSxRzot3 Zombie Apocalypse: The Rescue,Not a disaster
1551,1329,Luckily I'm up cause if these Mexicans had came to cut this grass this early and I was sleep. I woulda had a full blown attitude,Not a disaster
1552,5787,BYZ issues Severe Thunderstorm Warning [wind: 60 MPH hail: 1.00 IN] for Big Horn Yellowstone [MT] till Aug 5 8:00 PM MDT  Û_,Storm/Hurricane/Tornado
1553,8959,Looks like a perfect storm-free evening coming up.  Check out the outdoor happenings featured at http://t.co/hUzrHgmkSY #EventsPalmBeach.,Storm/Hurricane/Tornado
1554,4689,Car engulfed in flames backs up traffic at ParleyÛªs Summit http://t.co/RmucfjCaZr,Other disaster
1555,587,@Vixuhn rip arson,Not a disaster
1556,4827,The EFAK would be designed for building occupants once they evacuate and report to their evacuation assembly sites,Not a disaster
1557,2172,"Invading Iraq was a catastrophic mistake'.

Diplomacy needs to replace constant threat of war by US and Israel:

http://t.co/yqjpn3qUUX",Other disaster
1558,8863,@PianoHands You don't know because you don't smoke. The way to make taxis and buses come is to light a cigarette to smoke while you wait.,Other disaster
1559,8376,He said he's 'gonna put a ring in my Harvey's burger since i love it so much it's the perfect metaphor'.. NOOO you can't ruin my burger wtf,Not a disaster
1560,10978,The earthquake in Berlin caused power outages and road damage.,Earthquake
1561,6887,http://t.co/FhI4qBpwFH @FredOlsenCruise Please take the #FaroeIslands off your itinerary until the mass murder of dolphins &amp; whales stops.,Not a disaster
1562,6939,Nazi Mass Murderer Became Chairman At Vaccine Drug Company In... http://t.co/x713OMh6Ai,Other disaster
1563,10420,Feel like I've got no control of anything that goes on in my life at the minute. #whirlwind #drained,Other disaster
1564,99,Accident cleared in #PaTurnpike on PATP EB between PA-18 and Cranberry slow back to #traffic http://t.co/SL0Oqn0Vyr,Accident/Crash
1565,7020,Slayer at Rockstar Mayhem Festival #slayer #metal #concertphotography #houston #livemusic #canonÛ_ https://t.co/5FrWySzwrs,Not a disaster
1566,4839,#MadRiverComplex #CA #CASRF http://t.co/hjWLDCLiE4 Mad River Complex: Evacuation Advisory for Swayback Ridge Area,Not a disaster
1567,2135,Now I am quietly waiting for the catastrophe of my personality to seem beautiful again and interesting and modern.,Not a disaster
1568,3335,Take this China get demolished and sent back to the fucking stone age,Not a disaster
1569,1699,Two giant cranes holding a bridge collapse into nearby homes http://t.co/jBJRg3eP1Q,Other disaster
1570,8282,Half of Australia is currently rioting because they think 'Extras' is an aboriginal cricketer stealing their sport.,Not a disaster
1571,3525,@Raishimi33 :) well I think that sounds like a fine plan where little derailment is possible so I applaud you :),Other disaster
1572,645,Arson suspect linked to 30 fires caught in Northern California https://t.co/emsXyWp5s5,Fire/Wildfire
1573,534,One Direction Is my pick for http://t.co/q2eBlOKeVE Fan Army #Directioners http://t.co/eNCmhz6y34 x1415,Not a disaster
1574,2883,Nine inmates charged with causing damage in Calgary Remand Centre riot - http://t.co/1OSmIUXKhW,Other disaster
1575,5351,I wanna set some shit on fire.,Fire/Wildfire
1576,9294,@lucypalladino and I don't have any classes together and I'm not sure if I'll be able to survive,Not a disaster
1577,7842,Reddit Will Now Quarantine Offensive Content http://t.co/LOdOrmTfSq,Not a disaster
1578,10691,"I'm a friggin wreck destiel sucks (read the vine description)
https://t.co/MKX6Ux4OZt",Not a disaster
1579,8135,Turn back to me! I have rescued you and swept away your sins as though they were clouds. Isaiah 44:22 Contemporary English Version,Not a disaster
1580,1473,ÛÏ@MacDaddy_Leo: ?????? No Caption Needed ??. Freshman... http://t.co/k8ughv2aifÛmy nigga Stacey body bagging niggas! ????,Other disaster
1581,4051,.POTUS #StrategicPatience is a strategy for #Genocide; refugees; IDP Internally displaced people; horror; etc. https://t.co/8owC41FMBR,Other disaster
1582,2488,#Newswatch: 2 vehicles collided at Lock and Lansdowne Sts in #Ptbo. Emerg crews on their way,Other disaster
1583,7966,#?? #?? #??? #??? The Latest: More Homes Razed by Northern California Wildfire - New York Times  http://t.co/IPnHSIyorc-,Fire/Wildfire
1584,4765,Green line service on south side disrupted after CTA train derails passengers evacuated. http://t.co/6eZkoof2Xt http://t.co/faCM78eg7K,Other disaster
1585,9906,@ArgentaElite haha traumatised !!!! Hell no I want a job ?? xxx,Not a disaster
1586,8500,@camilacabello97 Internally and externally screaming,Other disaster
1587,2986,"Please tell me Ross isn't actually dead...
I hope they're just playing us until the next episode. #emmerdale",Not a disaster
1588,9574,@OriginalFunko @Spencers THUNDER BUDDYS!!!! THUNDER BUDDYS!!!!,Other disaster
1589,8094,@Zak_Bagans this is Sabrina my dad rescued her from some dude who kept her in a cage. We've had her since I was 4 http://t.co/1k2PhQcuW8,Other disaster
1590,4989,"#cum explosion!

@begforcum 
@allday_cumshots 
@cumcovered 
@sexycumshots 
@Cumtown
@BJ_Nutt
@cumslut_2
@GirlsLoveCum http://t.co/2CX1yjjoZ9",Not a disaster
1591,2151,@robdelaney desperate to watch the last episode of Catastrophe. How can I get it in the UK?,Not a disaster
1592,2782,Next May I'll be free...from school from obligations like family.... Best of all that damn curfew...,Other disaster
1593,2699,omg I have a huge crush on her because of her looks. ... ÛÓ Not necessarily I dont think so! She is looks way be... http://t.co/xqmaTI4GI6,Not a disaster
1594,11124,Authorities issued a flood warning for Kathmandu.,Flood
1595,1043,@DarrylB1979 yea heard about that..not coming out until 2017 and 2019 ?????? Vampiro is bleeding,Not a disaster
1596,1703,@followlasg This is urgentthere is currently a 3 storey building at church B/stop Oworoshoki Third mainland bridge which likely to collapse,Other disaster
1597,5063,Food crematoria' provoke outrage amid crisis famine memories... http://t.co/fABVlvN5MS,Other disaster
1598,4865,Vanessa was about to explode! This is what she wanted to say to Shelli. Their alliance will survive. #BB17 #BBLF http://t.co/rypGKScHng,Not a disaster
1599,6120,@gg_keeponrockin @StrawberrySoryu Oh okay I just got the message twice and got suspicious. Sorry.  I'll check it out!,Other disaster
1600,4655,Men escape car engulfed in flames in Parley's Canyon crews investigating cause - http://t.co/CYzlshlQhG http://t.co/nDiS8f1vzt,Other disaster
1601,5840,Freak #Boston #hailstorm produces a hailstorm of business ... for auto-body repair specialists. @PeterHoweNECN 6:30/8:30 TONIGHT @necn,Storm/Hurricane/Tornado
1602,7522,California: Spring Oil Spill Estimate Grows: Documents released on Wednesday disclosed that an oil sp... http://t.co/zqiHnHDWPV #OSI2016,Other disaster
1603,5091,"NONSENSE &gt;&gt; famine memories  -- strong exaggeration of Ukrainian MSM
#ukraine #russia #?????????? #sanctions https://t.co/dDOTd7W2o8",Not a disaster
1604,2619,"My iPod crashed..... 
#WeLoveYouLouis 
#MTVHottest One Direction",Accident/Crash
1605,2678,Crush cars with wrestling stars in MMX Racing Featuring WWE - AppAdviceÛ_ http://t.co/5XvP1IfPmy #designgeeks,Not a disaster
1606,3030,"https://t.co/oIfN28HpCS @ArianaGrande @ScreamQueens 
Katherine's death",Not a disaster
1607,6984,Tell @BarackObama to rescind medals of 'honor' given to US soldiers at the Massacre of Wounded Knee. SIGN NOW &amp; RT! https://t.co/u4r8dRiuAc,Other disaster
1608,5000,Was in a bad ass mood today got on the elevator at school and decided to make explosion noses everytime some one pressed a button ??,Not a disaster
1609,10635,He was crushed for our iniquities; the punishment that brought us peace was upon him &amp; by his wounds we are healed. -Isa 53:5,Not a disaster
1610,1268,Sometimes blood ain't no thicker than water and sometimes family will bring you down quicker than strangers ???????,Not a disaster
1611,9162,Suicide bomber 'hits Saudi mosque' http://t.co/kE6DjxAnmm,Explosion
1612,7104,Senator 'alarmed' by reports U.S. military families harassed: A U.S. Senator said on Wednesday he was alarmed byÛ_ http://t.co/sbILA2Yqjq,Other disaster
1613,7314,#NuclearPower Global Nuclear Reactor Construction Market grew 4.5% between 2013 and 2014: Û_ Nuclear Reactor Co...  http://t.co/BXPjjeQDrG,Not a disaster
1614,7921,Landslide in Italian Alps kills three: ROME (Reuters) - Three people were killed when a severe rainstorm in th... http://t.co/2pZ9t2FnSz,Storm/Hurricane/Tornado
1615,2518,Motorcyclist bicyclist injured in Denver collision on Broadway: At least two people were taken to a localÛ_ http://t.co/PMv8ZDFnmr,Accident/Crash
1616,5729,5:15p For those who watch over me forest fire smoke has lifted 'nuff f/me t/make a run t/the pet store on the hwy (N). I'll b/home by 7p.,Fire/Wildfire
1617,1325,BLOODY HELL TEEN WOLF *O* Hayden and Liam are so cute :3 And I think Stiles's Jeep is dead huh ? Pleeease... I loved her ! @MTVteenwolf,Not a disaster
1618,7798,Reddit Will Now Quarantine Offensive Content via #Wired http://t.co/g8EF8dU9Cy,Not a disaster
1619,3600,desolation #bored,Not a disaster
1620,8329,#TNN: China's Stock Market Crash: Are There Gems In The Rubble? http://t.co/9LO0hZwJPZ,Accident/Crash
1621,5135,"Stockton police are investigating a fatal drive-by shooting in north Stockton
 http://t.co/j3x0DOY7R3",Violence/Attack/Terrorism
1622,6365,#hot  C-130 specially modified to land in a stadium and rescue hostages in Iran in 1980 http://t.co/fQWTSxLkrZ #prebreak #best,Violence/Attack/Terrorism
1623,1963,@kshllcenterpri1 @Progress4Ohio burning down buildings what you mean like when you burnt down those black churches?,Other disaster
1624,2745,Uribe crushed it! #Mets,Not a disaster
1625,1286,@ashwilliams1 continues to be the best guest on @iLoveGGLetters. This week's episode is bloody outrageous.,Not a disaster
1626,9517,"RT AbbsWinston: #Zionist #Terrorist Demolish Tire Repair Shop Structure in #Bethlehem
http://t.co/ph2xLI8nVe http://t.co/22fuxHn7El",Violence/Attack/Terrorism
1627,4990,Saddle with accountable information explosion tips pro preferable financial top brass: tawFMCAw,Not a disaster
1628,2519,Baltimore City : I-95 NORTH AT MP 54.8 (FORT MCHENRY TUNNEL BORE 3: Collision: I-95 NORTH AT MP 54.8 (FORT MCHENRY TUNNEL BORE 3 Nort...,Accident/Crash
1629,3765,#Putin decree results in destruction of 10 tons of imported cheese near Russia-Ukraine border. RT @Independent http://t.co/K3pnNktlXh,Other disaster
1630,1089,Just blew you up @abbss_13 just so I can get that follow back ????,Not a disaster
1631,5039,Wake Up Kern County Eyewitness News Mornings airing RIGHT NOW on KBAK CBS29. http://t.co/rorKtMpqNs #liveonKBAK http://t.co/eDznX6GOud,Other disaster
1632,7901,On 7/30/2015 Radiation council of Japanese government admitted the reform bill to raise the dose limit from 100... http://t.co/6bTeSV9CdM,Not a disaster
1633,6212,@JagexSupport can u remove the email of the hijacker pls !! YKJL is my ign. i need to recover but pls block so they dont break bank pin!,Not a disaster
1634,9385,RT THR 'RT THRArchives: 1928: When Leo the MGM Lion Survived a Plane Crash #TBT http://t.co/Wpkl2qNiQW http://t.co/BD52FxDvhQ,Accident/Crash
1635,3545,Green Line trains resume service after South Side derailment: Green Line service has resumed more than four h... http://t.co/dJztc7apf1,Not a disaster
1636,3119,[Reuters] Debris confirmed from MH370; relatives hope for discovery of crash site http://t.co/DFYaSVj7NF,Accident/Crash
1637,2395,collapsed the moment i got home last night lol,Not a disaster
1638,7002,I liked a @YouTube video from @itsjustinstuart http://t.co/oDV3RqS8JU GUN RANGE MAYHEM!,Other disaster
1639,4448,When I was cooking earlier I got electrocuted some crucial ?????? now I'm psychic lol,Not a disaster
1640,11224,Residents are evacuating due to rising floodwaters in Auckland.,Flood
1641,1053,*Ears bleeding from the bass* https://t.co/d5RrrwHjpN,Not a disaster
1642,11091,"A 7.4 earthquake just struck near New Orleans, shaking buildings.",Earthquake
1643,11179,Flooding shut down major roads in London today.,Flood
1644,155,320 [IR] ICEMOON [AFTERSHOCK] | http://t.co/gRPeF7yAWG | @djicemoon | #Dubstep #TrapMusic #DnB #EDM #Dance #IcesÛ_ http://t.co/GGmvzT58vE,Not a disaster
1645,4329,Currently driving through a dust storm. http://t.co/srUj5ZljGL,Storm/Hurricane/Tornado
1646,7179,@UrufuSanRagu a Mudslide?,Other disaster
1647,508,12.Beyonce Is my pick for http://t.co/thoYhrHkfJ Fan Army #Beyhive http://t.co/WvJ39a3BGM,Not a disaster
1648,10634,Police Officer Wounded Suspect Dead After Exchanging Shots: Richmond police officer wounded suspect killed a... http://t.co/YIKQRqczVZ,Not a disaster
1649,4820,Humboldt Cty Sheriff's Office has issued an evacuation advisory for 10 residence in the Lassics area... more info at http://t.co/ERUzBUQZYU,Other disaster
1650,6431,Happy birthday bro ?? @Hurricane_Dolce,Storm/Hurricane/Tornado
1651,4640,Providence Health &amp; Services: Registered Nurse - Emergency Department PEDS Fellowship... (#Anchorage AK) http://t.co/vz4RPCfTRm #Nursing,Not a disaster
1652,7148,STERLING-SCOTT on the Red Carpet at a fundraiser for 'OSO Mudslide' https://t.co/mA4ra7AtqL http://t.co/cg579wlDnE,Other disaster
1653,6117,Would you consider yourself good at giving advice? ÛÓ I like to think I give good advice when I feel like its a s... http://t.co/lSMr4KVO6u,Not a disaster
1654,647,Delhi government to provide free treatment to acid attack victims in private hospitals #AAPatWork http://t.co/xjtp8SBpt3,Violence/Attack/Terrorism
1655,7361,@McCaineNL Think how spectacular it will look when the Stonewall riots obliterate the white house.,Other disaster
1656,3330,Six Palestinians Kidnapped in West Bank Hebron Home Demolished - International Middle East Media Center http://t.co/J9UzIIQ3PX,Not a disaster
1657,9285,@Birdyword Nice piece you wrote on #RBS sale. Think sunk-cost fallacy disposition effect http://t.co/UIvpE74kUi https://t.co/LdPrUf2wuR,Not a disaster
1658,7097,@FurTrix then find cougars who look like her even better if they're in military uniform!,Not a disaster
1659,2541,7:13pm #MAPLERIDGE Lougheed Hwy EB is closed between 203rd and Dewdney Trunk Rd because of Collision. ETO is between 8:00 PM and 9:00 PM.,Accident/Crash
1660,7063,THE GLOBAL ECONOMIC MELTDOWN is out! http://t.co/DGATKRdyNy Stories via @seagull07 @AleisStokes @intelligencebar,Other disaster
1661,422,Southern Prepper Fiction:Sharecropping the Apocalypse https://t.co/HsleABS1Yr #Apocalyptic #doomsday #prepper #book #reading,Not a disaster
1662,1295,@JeremyClarkson buy a new one bloody ell,Not a disaster
1663,1836,All you have to do is look up sports riots on google and you'll see more than couches being burned.. You fr gotta go https://t.co/P1AmgINsYs,Other disaster
1664,6042,@CrawliesWithCri @Rob0Sullivan What do they consider 'heat'? When I lived in London they thought a 'heat wave' was like 25C hahaha,Not a disaster
1665,4169,@GraysonDolan id drown,Not a disaster
1666,7322,Steam pipe problems sideline US #Navy's 3 newest #submarines. #breaking news. My story at http://t.co/L8QFRdwBPg http://t.co/JrzjtqjSi7,Not a disaster
1667,7573,Families to sue over Legionnaires: More than 40 families affected by the fatal outbreak of Legionnaires' disea... http://t.co/1H7zk6UYze,Other disaster
1668,10973,"A 4.5 earthquake just struck near Auckland, shaking buildings.",Earthquake
1669,349,U.S National Park Services Tonto National Forest: Stop the Annihilation of the Salt River Wild Horse... http://t.co/6LoJOoROuk via @Change,Not a disaster
1670,3032,The Iran Deal Will Result In Terrorism And Death | Truth Revolt http://t.co/xrG0FacL6T,Violence/Attack/Terrorism
1671,10310,Rare insight into #terror and How to fight it http://t.co/t6OBVWaPhW #Cameroon #USA #Whitehouse #ES #FR #Nigeria #UK #Africa #DE #CA #AU #JP,Violence/Attack/Terrorism
1672,1743,@chistate33 @thehill What hate crimes? It's the looney libs that are always burning down buildings and vandalzing private property,Not a disaster
1673,7913,Wow what beauty lies within every storm. Taken today after a rainstorm at A&amp;B Pipeliners http://t.co/pSt5bBQ0av,Storm/Hurricane/Tornado
1674,4497,#IWouldntGetElectedBecause Oh I certainly would esp if there were any live wires...wait that's elected and not electrocuted!  Never-mind!,Not a disaster
1675,7922,@Robot_Rainstorm I'm interested.  Is it through Yahoo?,Storm/Hurricane/Tornado
1676,4535,@StephGHinojosa hey my mom said to tell your dad to call her ASAP. it's an emergency.,Not a disaster
1677,9514,RT AbbsWinston: #Zionist #Terrorist kidnapped 15 #Palestinians in overnight terror on Palestinian Villages Û_ http://t.co/J5mKcbKcov,Violence/Attack/Terrorism
1678,11271,Flooding shut down major roads in Delhi today.,Flood
1679,1516,Our mistakes come back in body bags: Leading in the VUCA world - How the Armed Forces do it | RAGHU https://t.co/vJFSlizmiI,Not a disaster
1680,10939,"A 6.7 earthquake just struck near Manila, shaking buildings.",Earthquake
1681,8665,#LoMasVisto THOUSANDS OF HIPSTERS FEARED LOST: Giant Sinkhole Devours Brooklyn Intersectio... http://t.co/qwtk1b2fMC #CadenaDeSeguidores,Other disaster
1682,3293,Economic Wisdom ÛÒ Great Economists Demolish Establishment Nonsense http://t.co/H8NKtqU5O9 The Case for #Logic and #Reason,Not a disaster
1683,8939,@PrablematicLA @Adweek I'm actually currently dressed for a snowstorm...despite being in the middle of a Texas summer. Thanks office A/C.,Storm/Hurricane/Tornado
1684,571,Mariah getting thick in the shoulders poor girl.,Other disaster
1685,5483,I only fuck you when it's half past five,Not a disaster
1686,3148,Top story: MH370: Reunion debris is from missing plane - BBC News http://t.co/jasWg2MwIi see more http://t.co/qgk64YPN13,Not a disaster
1687,3578,Unexercised honda run-down neighborhood desolate: PSqD,Other disaster
1688,8424,Watch This Airport Get Swallowed Up By A Sandstorm In Under A Minute http://t.co/Tr8YcHEFGQ,Storm/Hurricane/Tornado
1689,9097,Pic of 16yr old PKK suicide bomber who detonated bomb in Turkey Army trench released http://t.co/uWfvWMjepU http://t.co/pxONlrqUsm,Explosion
1690,1697,@berggruenInst: Berggruen Institute member @dambisamoyo on the problems with #US #infrastructure @ProSyn http://t.co/T96O158Yxv,Not a disaster
1691,6750,It doesn't get any closer. Heavy rain just barely missed @TontitownGrape festival but lightning TOO CLOSE #TGF2015 http://t.co/S53zvMS5Rf,Not a disaster
1692,1410,New Ladies Shoulder Tote Handbag Women Cross Body Bag Faux Leather Fashion Purse - Full reÛ_ http://t.co/cRQVl68aoX http://t.co/OFLvMMbfMk,Not a disaster
1693,1793,"#DNR
Res. buildings shelled &amp; on fire in #Gorlovka tonight.
Civilian casualties Jan-July 2015:ÛÓ
164 killed (incl. 16 children)
501 wounded",Fire/Wildfire
1694,4119,Tips so that finding the customers ego drought: dqSVYusY,Not a disaster
1695,7169,DORETTE THATS THE NAME OF THE MUDSLIDE CAKE MAKER,Not a disaster
1696,2537,Two-vehicle collision at Fowlers Corners at Hwy. 7 and Frank Hill Rd. is blocking the road: OPP. Only minor injuries to the occupants.,Accident/Crash
1697,10131,Bat four reasons en route to upheaval versus internet buzz value: pVDRDLJvc,Not a disaster
1698,4000,More Natural Disaster Research Urgent http://t.co/5Cm0LfZhxn via #JakartaPost,Other disaster
1699,3304,Uribe demolished that ball ??????,Not a disaster
1700,4380,5.3 #Earthquake in South Of Fiji Islands. #iPhone users download the Earthquake app for more information http://t.co/V3aZWOAmzK,Earthquake
1701,8304,[FORBES]: China's Stock Market Crash: Are There Gems In The Rubble?: ChinaÛªs stock market crash this summer ha... http://t.co/Q4grDpAjr5,Not a disaster
1702,4195,Yeah I'm definitely just gonna go drown myself in the pool bc it's just too damn hot inside,Not a disaster
1703,922,To fight bioterrorism sir.,Violence/Attack/Terrorism
1704,10699,Now that IÛªve figured out how to get my music in my rental car I can take a night drive to nowhere tonight. Hopefully without a wreck.,Accident/Crash
1705,5574,2pcs 18W CREE Led Work Light  Offroad Lamp Car Truck Boat Mining 4WD FLOOD BEAM - Full reaÛ_ http://t.co/0AIV5KhZjv http://t.co/q6HHZbFxCv,Flood
1706,1798,A change in the State fire code prohibits grills on decks at condos and apartment buildings.  Check with your... http://t.co/KE1ZS6NAml,Not a disaster
1707,2844,"Some drugs and alcohol in Jackson Vroman house.

http://t.co/5OQhQ8QUQV",Not a disaster
1708,9303,Ended today's staff meeting with the teacher version of 'I Will Survive' #tootrue http://t.co/mCWD37IOF9,Not a disaster
1709,4420,drinking pepsi im afraid i might spill some and then my headphones electrocute me.,Not a disaster
1710,6375,"No #news of #hostages in #Libya

http://t.co/k9FBtcCU58

#India #terrorism #Africa #AP #TS #NRI #News #TRS #TDP #BJP http://t.co/XYj0rPsAI2",Violence/Attack/Terrorism
1711,7602,Pandemonium In Aba As Woman Delivers Baby Without Face (Photos) - http://t.co/c5u9qshhnb,Other disaster
1712,7862,#hot  Reddit's new content policy goes into effect many horrible subreddits banned or quarantined http://t.co/nGKrZPza45 #prebreak #best,Other disaster
1713,3740,By havin an ally lyk @AnnCoulter Republican Party is declaring war on all immigrants..deserves 2 b defeated n destroyed.it's a clarion call.,Not a disaster
1714,5778,Forest fires could delay @AbbyAirshow but officials say it could be a good thing http://t.co/Vxjcx8uKMd,Fire/Wildfire
1715,4636,We're #hiring! Click to apply: Registered Nurse - Emergency Department PEDS Fellowship (FTE .9 Night) - http://t.co/AmCMCltkKC #Nursing,Not a disaster
1716,3098,Bigamist and his 'first' wife are charged in the deaths of his 'second' pregnant wife her child 8 her mothe... http://t.co/RH15gGSgQG,Not a disaster
1717,6834,ykelquiban: Breaking news! Unconfirmed! I just heard a loud bang nearby. in what appears to be a blast of wind from my neighbour's ass.,Not a disaster
1718,8159,WomanÛªs GPS app guides rescuers to injured biker in Marin County http://t.co/UoJy4E2Sv4,Other disaster
1719,2862,@beforeitsnews Û¢This Is Called DAMAGE CONTROL. Don't Be Fooled Folks. The Perps Will Just Come Up With Plan B...,Not a disaster
1720,757,Photo: #Repost @gregskazphotography with @repostapp. åáåáåá @rainierarms Avalanche Ambi Charging Handle... http://t.co/t3dK3OoV7e,Not a disaster
1721,11024,The ground shook violently during an earthquake in San Francisco.,Earthquake
1722,6345,#hot  C-130 specially modified to land in a stadium and rescue hostages in Iran in 1980 http://t.co/W0EXzAD5Gc #prebreak #best,Violence/Attack/Terrorism
1723,3840,Apollo Brown ÛÒ Detonate ft.åÊM.O.P. http://t.co/JD7rIK7fX0 http://t.co/h6NgSw9A5b,Not a disaster
1724,2381,@_Lasha_K @Diamond6612 @quin_lo @LSedig @Yemmely @Holly16252 @Inmianajones I saw this crazy edit of Twisted mixed with Tut and I collapsed,Not a disaster
1725,6315,Murfreesboro peeps- I'm hearing Walmart on S Rutherford is on lockdown with a hostage is that true or a rumor?,Violence/Attack/Terrorism
1726,2096,Conning Builds Strong Case for Portfolio #Diversification for Property-Casualty Insurers http://t.co/33FbR25t1O,Not a disaster
1727,11088,A sudden quake caused damage to structures in Kathmandu.,Earthquake
1728,1214,@BubblyCuteOne ?????????? ok ok okayyyyyy Ima act right ....bout to get this blizzard tho,Other disaster
1729,326,"Aug 3 1915ÛÓKAISERJAEGERS WIPED OUT.; Francis Joseph's Crack Regiment Annihilated on Carso Plateau.
http://t.co/D1sPSwl66H",Not a disaster
1730,8988,Man united is not just about playing football like he did back at Spain its about passion courage and endurance to ride the storm.,Storm/Hurricane/Tornado
1731,4180,I keep it out down drown their insults out with what I feel is devote pride ten fold action with reprocussions set at birth retroactive.,Not a disaster
1732,3892,Ignition Knock (Detonation) Sensor Connector-Connecto Dorman 917-141 http://t.co/rfJZexQgxt http://t.co/WQGsmiOiMx,Not a disaster
1733,3461,@lizkhalifa no passenger train derailed earlier this morning,Not a disaster
1734,9131,ll//ll= Pic of 16yr old PKK suicide bomber who detonated bomb in Turkey Army trench released http://t.co/uoNEbAHH3h /,Explosion
1735,4120,New drought monitor showing drought spreads in ETX. 'Severe Drought' in Marion/Harrison Counties. @KLTV7 http://t.co/v8eG2kSLoH,Not a disaster
1736,7364,@MilesWithTate but seeing the writers obliterate their characters will piss me off. So it's bad either way,Not a disaster
1737,10437,?? #BREAKING: massive wild- and field fires reported throughout Germany! The most fires are in eastern #German http://t.co/4zSIy7EO2O,Fire/Wildfire
1738,11286,Homes were damaged as floodwaters surged through Delhi.,Flood
1739,5664,In #India 119000 people have taken shelter in the 966 relief camps the government has set up after the #floods:   http://t.co/eU8jypIzsd,Flood
1740,9484,@KurtSchlichter  He's already done it by negotiating with the #1 state of terrorism in the World. What was his hurry in trying to get a deal,Violence/Attack/Terrorism
1741,507,SHARK ARMY Black Date Stainless Steel Quartz Men Sport Watch - Full read by eBay http://t.co/k6OzC4wFQd http://t.co/H2ZC4nTdZN,Not a disaster
1742,1296,Bloody insomnia again! Grrrr!! #Insomnia,Other disaster
1743,5683,@casewrites when it rains in NJ it flash floods. Otherwise its just a desert of grief and taxes.,Flood
1744,5358,Politifiact: Harry Reid's '30 Percent of Women Served' Planned Parenthood Claim Is a 'Pants on Fire' Lie: Call... http://t.co/wY4Xu1A9j4,Fire/Wildfire
1745,4434,Do you remember when I suddenly electrocute you to death with my fox powers? Ha. Ha. Ha. Ha. Ha. Ha. Because I do.,Not a disaster
1746,1183,@Blizzard_draco GIVE ME FREE ART KAMON,Not a disaster
1747,6221,"Updated on Friday at 4:30 A.M. - Daily Area News
California School Bus Hijacker Parole Stands http://t.co/24QEkAh893",Not a disaster
1748,1729,a very scary thought is if 9/11 had happened today their would be teenagers taking selfies in front of the burning buildings,Not a disaster
1749,6546,Enter the world of extreme diving ÛÓ 9 stories up and into the Volga River http://t.co/dMTZMgyRiK,Not a disaster
1750,10061,Global precipitation measurement satellite captures 3-D image of Typhoon Soudelor - NASAHurricane. Visit: http://t.co/sQN4girdvZ,Storm/Hurricane/Tornado
1751,887,Is it time to hedge against catastrophic risks such as climate change asteroid impacts or bioterrorism? https://t.co/HQ6WqsgSJX,Violence/Attack/Terrorism
1752,5246,The best way to treat #addiction...is as a #publichealth problem.' http://t.co/Ojt5aXP1OG,Not a disaster
1753,6956,"Massacre at #Sinjar : Has the World Forgotten the #Yazidi ?
http://t.co/WUh1g2BLP1
#??_????_????? #yazidi_shingal_genocide #EzidiGenocide",Other disaster
1754,553,"SHOCK REPORT: Muslims Setting Wildfires Across American West...Arson Jihad!

http://t.co/92F4nKxjIu",Fire/Wildfire
1755,7373,@holymileyray @moonIighthunty Focus on Me is going to obliterate careers tea,Not a disaster
1756,5363,News On 6 Crew Neighbors Put Out Hallett Truck Fire http://t.co/TwqVKZY6Dn http://t.co/eeyveTLAHW,Fire/Wildfire
1757,5755,I hope the rain stops the forest fires tbh we've been on lvl. 3 lockdown for water for the past month :/,Fire/Wildfire
1758,10424,@TheEmoBrago back doing another jitsu making a hexagon on the ground as you laid there.* 64 palms of whirlwind * I yelled as air began to +,Not a disaster
1759,3423,Lake Dallas crash causes train to derail http://t.co/ao4Ju9vMMF,Accident/Crash
1760,2871,"@Drothvader @CM_Nevalistis you can keep this please!!!!! Arachys
    [2 Pieces] - Now deals 4000% weapon damage (up from 2500%)",Other disaster
1761,3034,New crime: knowing your rights. Punishable by death,Not a disaster
1762,1757,@zourryart I forgot to add the burning buildings and screaming babies,Other disaster
1763,9286,@UnrealTouch fuck sake john Jesus my heart just sunk.,Other disaster
1764,806,What really happened in the Taken King Story Trailer. A space battle that ripped a hole in Saturn. @EyTay @neur0sis http://t.co/ZYRZX6dfki,Not a disaster
1765,2521,ThisIsFaz: Anti Collision Rear- #technology #cool http://t.co/KEfxTjTAKB Via Techesback #Tech,Not a disaster
1766,6013,Is it possible to sneak into a hospital so I can stab myself with a hazardous needle and inject some crazy disease into my veins until I die,Not a disaster
1767,4088,PennLive - Two families displaced by Mechanicsburg blaze - No one was injured in the fire. http://t.co/OHYD7Hhcpe,Fire/Wildfire
1768,2536,@MissJadeBrown tells of the tragic mid-morning collision which claimed the life of a young man riding a motorcycle. https://t.co/rPDA60Aoni,Accident/Crash
1769,2571,"#INCIDENT
Crash in Pascoe Vale South outbound on Tullamarine Fwy (CityLink) near Moreland Rd. Vehicles off in emergency lane. No delays.",Accident/Crash
1770,4141,@_gaabyx we got purple activist I thought it was a drought,Other disaster
1771,8194,@CazorlaPlay Fran. Hey check out the Secret on how to get 325.000 Riot Points LoL Check it on my Bio Profile,Not a disaster
1772,9435,@LawfulSurvivor T-Dog had been holed up in an apartment store with several other survivors Glenn Morales Andrea Jacqui and Merle.--,Other disaster
1773,9427,@TheNerdsofColor @GeorgeTakei narrates our new doc about #Hiroshima WWII bombing and survivors tales. Check it out http://t.co/33RfRc7ZqT,Explosion
1774,8674,Water main break disrupts trolley service http://t.co/kff8ojrZP4 #sandiego http://t.co/JoB4GGtpAl,Other disaster
1775,4128,The Drought Is Real ??????,Other disaster
1776,10665,If time heals all wounds how come the belly button stays the same?,Not a disaster
1777,10650,RT @DianneG: Gunshot wound #9 is in the bicep. only 1 of the 10 wounds that is not in the chest/torso area.  #KerrickTrial #JonathanFerrell,Not a disaster
1778,7264,@emmerdale can we have a public vote for the next annual village disaster?  i want an isis strike or a nuclear accident &amp; end this forever,Accident/Crash
1779,8154,I have an unexplainable desire to watch The Rescuers. #childhooddefined,Not a disaster
1780,9359,Bucket list checked 3 hours of sleep in 2 days with 3 presentations on the second day and survived ??,Not a disaster
1781,9464,Cross-border terrorism: Pakistan caught red-handed again http://t.co/NVGNF9AcuU,Violence/Attack/Terrorism
1782,3397,Seven Chinese Christians Are Detained Amid Widespread Anger Over Cross Demolition http://t.co/65xR1p9sOO,Other disaster
1783,8020,...//..// whao.. 12000 Nigerian refugees repatriated from Cameroon http://t.co/baE0Ap4G9Y,Other disaster
1784,10501,#WAwildfire in #chelan? Wolverine fire results in evacuation. http://t.co/yePlnZPoWu,Fire/Wildfire
1785,520,".: .: .: .: .: .: .: .: .: .: .: .: .: .: .: .: .: .: .: .: .: RT DrAyesha4: #IndiaKoMunTorJawabDo

Indian Army kiÛ_ http://t.co/WJLJq3yA4g",Not a disaster
1786,6438,UPDATE:M.E. confirms 2 women pulled from burning house died last Friday. 91 yr old Edna Jefferson&amp;Doris Sherfield72. http://t.co/L6nSLzl7mI,Other disaster
1787,4999,@MrBrianORL at least they didn't try and put a straw in the liquid one #Explosion,Explosion
1788,6189,"Remove the http://t.co/zmoKZZf4qp and Linkury Browser Hijacker. PITA as it hijacks both browsers and their shortcuts.
http://t.co/QWDkzTi97g",Not a disaster
1789,7227,*books a flight to Burma when country is enduring political unrest and a natural disaster* no wonder it was so cheap ay,Other disaster
1790,7662,@elielcruz just watching the streams was bad - I don't think I could actually walk in there I'd panic and get sick,Other disaster
1791,97,Accident on I-24 W #NashvilleTraffic. Traffic moving 8m slower than usual. https://t.co/0GHk693EgJ,Accident/Crash
1792,4066,#mightyworld Thousands displaced after monsoon rains in Myanmar: Tens of thousands of people have been displac... http://t.co/HkSDk89c6C,Not a disaster
1793,5484,Maryland mansion fire that killed 6 caused by damaged plug under Christmas tree report says - Into the flames... http://t.co/ucUDwIU3aN,Fire/Wildfire
1794,9722,"A real life tragedy:
Monica's hair on any given season of Friends",Not a disaster
1795,5783,When ur friend and u are talking about forest fires in a forest and he tells u to drop ur mix tape out there... #straightfire,Fire/Wildfire
1796,7881,Alabama home quarantined over possible #Ebola case: An ambulance sat outside the University of Alabama atÛ_ http://t.co/y2JT1aMyFJ,Other disaster
1797,10538,San Patricio ÛÓ Windstorm insurance reform key for coastal homeowners: PORTLAND ÛÒ State Rep. J.M. Lozano spoke ... http://t.co/GQySVKrAGi,Storm/Hurricane/Tornado
1798,5968,Parents Beware: A Household Hazard that Won't Go Away http://t.co/91eiTHgvDB,Not a disaster
1799,3885,Ignition Knock (Detonation) Sensor-Senso Standard KS225 http://t.co/IwrCPmjOah http://t.co/zZMM9xEccW,Not a disaster
1800,1355,Deadly suicide bombing hits mosque in Saudi Arabia: A suicide bomber has blown himself up at a mosque in the s... http://t.co/RkvU3xjAzH,Explosion
1801,5605,Chinese rescue team arrives in Myanmar to help flood victims http://t.co/nOSvu0Zx4x Sittway http://t.co/5mJZJNkPfn,Flood
1802,708,Tennessee man killed by police attacked family with hatchet: 911åÊcall http://t.co/pWiw9q30DT,Violence/Attack/Terrorism
1803,4237,I got drowned like 5 times in the damn game today ????????????,Other disaster
1804,8353,fUCK I CANT WAIT TO RUIN AUBREY'S WHOLE FIC AND MAKE IT SO BAD,Not a disaster
1805,601,@local_arsonist @Cloudy_goldrush Man what ???? they be on some other shit,Not a disaster
1806,11263,Emergency services are responding to flood damage in Sydney.,Flood
1807,6321,"@theCHIVE For the record I held this shirt hostage for nearly a year before sending it last minute to TX #BidTime 

http://t.co/edbxYatmaq",Violence/Attack/Terrorism
1808,7836,Reddit Will Now Quarantine Offensive Content: Reddit co-founder and CEO Steve Huffman has unveiled more specif... http://t.co/Epd8pLtrWP,Not a disaster
1809,10614,"Pope Francis talks about WOUNDED FAMILIES
http://t.co/m1RfBPODI9",Not a disaster
1810,2043,Another day has passed and THANKFULLY Central Command has CONFIRMED NO new casualties. Please pray for those in... http://t.co/mFSw0tYstA,Other disaster
1811,10408,I liked a @YouTube video http://t.co/a5YTAw9Vih S.O.S. Rona Guide - The Red Whirlwind,Not a disaster
1812,9637,Special Weather Statement issued August 05 at 10:40PM EDT by NWS: ...STRONG THUNDERSTORM WILL IMPACT PORTIONS ... http://t.co/ulqeR1yTpX,Storm/Hurricane/Tornado
1813,10427,In @edfringe? We highly recommend @M00NF00L #Titania @Summerhallery A whirlwind reimagining /Shakespeare's Midsummer https://t.co/iIAIGZkbnJ,Not a disaster
1814,11149,Emergency services are responding to flood damage in Auckland.,Flood
1815,7977,The Latest: More homes razed by Northern California wildfire - http://t.co/BsGR67dyWY http://t.co/nDGgr6Xyqd,Fire/Wildfire
1816,9132,16yr old PKK suicide bomber who detonated bomb in Turkey Army trench released http://t.co/mMkLapX2ok,Explosion
1817,10792,Almost *wrecked* my van the other day because of this guy (yeah I brake &amp; also care for animals ~ get used to it)!  https://t.co/8ZaHavmtT6,Accident/Crash
1818,10346,@DANNYonPC @YouTube Its engineer only again so 2 1000+ rpm weapons = no thanks,Not a disaster
1819,8186,VIDEO: 'We're picking up bodies from water': Rescuers are searching for hundreds of migrants in the Mediterran... http://t.co/XfS3pJhFh9,Not a disaster
1820,1796,shootings explosions hand grenades thrown at cars and houses &amp; vehicles and buildings set on fire. It all just baffles me.Is this Sweden?,Fire/Wildfire
1821,8279,The last time a high profile name was due to be signing for #nffc the City was rioting! Wesley Verhoek now a household name! #don'tpanic,Other disaster
1822,103,I hate badging shit in accident,Accident/Crash
1823,6464,Udhampur terror attack: Militants attack police post 2 SPOs injured: Suspected militants tonight attacked a p... http://t.co/FPhFESemyJ,Violence/Attack/Terrorism
1824,2398,Apparently part of the building just collapsed. Hope everyone is ok.,Other disaster
1825,7139,M9A1 PHROBIS III GREEN BAYONET MILITARY COMBAT SHEATH KNIFE NR http://t.co/dKxe44M8v9 http://t.co/A4PfB5Lt17,Not a disaster
1826,9179,Suicide bomber kills 15 in Saudi security site mosque http://t.co/axK9XNo6Yz #mercados,Explosion
1827,1010,@OfficialTJonez Your 'Lost For Words' made me a new fan of yours fam. Crazy skills beyond blessed! Keep blazing dude made love and respect!,Not a disaster
1828,7548,Families to sue over Legionnaires: More than 40 families affected by the fatal outbreak of Legionnaires' disea... http://t.co/8lCbDW7m2z,Other disaster
1829,7808,Changelessly handle dominant quarantine folders toward yours solemnity: hjt http://t.co/ccTt1mY7FA,Not a disaster
1830,2046,ÛÏThe road to power is paved with hypocrisy and casualties.Û #FrancisUnderwood #HoC https://t.co/zqO6NUvYTu,Not a disaster
1831,9098,#Bestnaijamade: 16yr old PKK suicide bomber who detonated bomb in ... http://t.co/KSAwlYuX02 bestnaijamade bestnaijamade bestnaijamade beÛ_,Explosion
1832,9662,Storm damage maybe a tornado near Chadbourn. See http://t.co/gAs4sS3dKS http://t.co/zlhVYArtCU,Storm/Hurricane/Tornado
1833,10188,Stay inside for the next little while kids. We're having a bit of a violent storm right now. -kjc,Storm/Hurricane/Tornado
1834,4854,Reid Lake fire prompts campground evacuation order http://t.co/jBODKM6rBU,Fire/Wildfire
1835,6883,@yelllowheather controlled murder is fine. mass murder to a crowd of undeserving people isn't. case closed.,Other disaster
1836,1656,Japan Marks 70th Anniversary of Hiroshima Atomic Bombing' by THE ASSOCIATED PRESS via NYT http://t.co/kKULqGB9e3,Explosion
1837,5225,@Blawnndee FATALITY!!!,Not a disaster
1838,4968,Around 10 injured in explosion in chemical park in western Germany... http://t.co/XBznU0QkVS,Explosion
1839,7924,Rainstorm Destroys 600 Houses In Yobe | iReporter https://t.co/0rNY349UnT via @sharethis,Storm/Hurricane/Tornado
1840,7585,#News Families to sue over Legionnaires: More than 40 families affected by the fatal outbreak of Legionnaires'... http://t.co/zfYqSAwvrk,Other disaster
1841,10524,For those impacted by the #CalWildfires here are some great recovery tips to help you in the aftermath http://t.co/wwxbGuBww5,Fire/Wildfire
1842,6884,@Re_ShrimpLevy I'm always up for mass murder,Other disaster
1843,3229,@TheSewphist whoever holds the address 'fuckface@wineisdumb.com' is going to be deluged in spam meant for me,Not a disaster
1844,7847,Top link: Reddit's new content policy goes into effect many horrible subreddits banned or quarantined http://t.co/u9ao3A4oGC,Not a disaster
1845,3551,Madhya Pradesh Train Derailment: Village Youth Saved Many Lives,Not a disaster
1846,1947,.@denisleary Not sure how these folks rush into burning buildings but I'm grateful they do. #TrueHeroes,Not a disaster
1847,10769,Check out 'Malaysia Confirms Plane Wreckage Is From Flight MH370' at  http://t.co/UB3woZ2UT1,Accident/Crash
1848,3131,Aircraft debris found on island is from MH370 Malaysia confirms http://t.co/X3RccHKagO,Other disaster
1849,1046,@TomBrevoort 'Bleeding Cool as read by Tom Brevoort. Though he may just look at the pictures.,Not a disaster
1850,3728,Remember #Hiroshima destroyed by #Nuclear bomb..an occurrence should never ever happen again yet highly likely recur http://t.co/mB3MJevBb0,Explosion
1851,1800,Two buildings involved in fire on 2nd Street in #Manchester. @WMUR9 #wmur http://t.co/bCEUGsoi2r,Fire/Wildfire
1852,1265,1860 BLOOD'S PENNY POST Philly OCTAGONAL CDS 1Ìâå¢ Black 15L18 Grid Cancel + #26! http://t.co/rpV4MQSCQA http://t.co/JrjEiBUGsE,Not a disaster
1853,7865,Officials: Alabama home quarantined over possible ... http://t.co/Rb2s0jmleJ,Other disaster
1854,5414,We must educate first responders about how to adapt to emergencies involving an #autistic individuals.' | http://t.co/JIeB3lsZqc,Not a disaster
1855,11053,Emergency crews are responding after an earthquake rattled Miami.,Earthquake
1856,459,If I'd have had a long coat to hand I'd have worn it. The certainty of armageddon bears a sense of occasion.,Not a disaster
1857,3318,Got my first gamer troll I just demolished a kid from Philly with Toronto on MLB and he was upset #BacktoBack #ChargedUp ??????,Other disaster
1858,1633,The cryptic words that guided pilots on the Hiroshima bombing mission http://t.co/FCe0K1Ihti,Explosion
1859,3325,Starting a GoFundMe page for a new set of rims since i demolished mine last night #helpabrotherout,Not a disaster
1860,4017,CW500: Dealing with disaster - http://t.co/jq9nJ6Gko3,Other disaster
1861,5011,Hero of capitalism: Sprint employee promotes Sprint while Fox News interviews him as a shooting eyewitness: https://t.co/DtRPhCTmJx,Violence/Attack/Terrorism
1862,5841,OMG NIXON LIVES! That is Richard M. Nixon Tricky Dicky right there in the picture isn't it. Hiding in Calgary he... http://t.co/MIUsvPxQTE,Other disaster
1863,115,@sakuma_en If you pretend to feel a certain way the feeling can become genuine all by accident. -Hei (Darker than Black) #manga #anime,Accident/Crash
1864,1025,"Come and join us Tomorrow!
August 7 2015 at Transcend:Blazing the Trail to the Diversified World of Marketing... http://t.co/Fd5od5PfCF",Not a disaster
1865,10334,Iranian warship points weapon at American helicopter... http://t.co/cgFZk8Ha1R,Other disaster
1866,1367,Damn! @LastWitchHunter has blown up my Twitter feed. Looks amazing!,Not a disaster
1867,1730,THIS SOUNDS LIKE A SONG YOU WOULD HEAR IN A MOVIE WHERE THEY ARE WALKING AWAY FROM BURNING BUILDINGS AND CARS AND SHIT,Not a disaster
1868,7034,El Nino is getting stronger! Monster weather system may bring relief to California but it could cause 'mayhem' elÛ_ http://t.co/A9PoFHBbjf,Not a disaster
1869,9221,Alleged driver in #Kuwait attack 'joined Daesh just a day before the June 26 suicide bombing' he confesses in court http://t.co/Tmz6X1N2gQ,Explosion
1870,10592,One man fatally shot another wounded on Vermont Street #Buffalo - http://t.co/KakY4mpCO4,Other disaster
1871,10783,Wreckage 'conclusively confirmed' as from missing flight MH370 via @YahooNewsDigest,Accident/Crash
1872,5485,New Giant Flames (Giant Manly Brown) info/order sms:087809233445 pin:2327564d http://t.co/T1mBw0ia3o  http://t.co/CLfa0PY5Lm,Not a disaster
1873,234,Experts in France begin examining airplane debris found on Reunion Island: French air accident experts on Wedn... http://t.co/miw2i0pQxz,Accident/Crash
1874,5915,What is up with #Bears beat writers ÛÏwarningÛ fans not to get excited? What actual harm does it do to be excited? Shut the hell up!,Not a disaster
1875,5795,Strong Thunderstorm 4 Miles North of Japton Moving SE At 25 MPH. Large Hail and Wind Gusts Up to 50 MPH Poss... #arwx http://t.co/TIM8x9bI0f,Storm/Hurricane/Tornado
1876,6208,Medieval airplane hijacker testa: earnings the distinction divers: HtaRvrGLY,Other disaster
1877,9168,More details: Bomber kills at least 13 at #Saudi mosque in Asir - including 10+ members of 'special emergency forces' http://t.co/i1626mnNd9,Explosion
1878,11182,Boats are being used for rescues in flooded areas of Auckland.,Flood
1879,4818,Even tho Im getting 40%money back due 2 veld evacuation nothin could make up for missing @DVBBS @HARDWELL @aboveandbeyond #stillnotoverit ????,Not a disaster
1880,4056,.POTUS #StrategicPatience is a strategy for #Genocide; refugees; IDP Internally displaced people; horror; etc. https://t.co/rqWuoy1fm4,Not a disaster
1881,11195,Severe flooding has submerged roads in Rome.,Flood
1882,1921,Killing Black Babies at Planned Parenthood where's the demonstrations looting of PP burning down the buildings Black Babies Lives Matter,Other disaster
1883,1688,ICYMI - #Ashes 2015: Australia collapse at Trent Bridge - how Twitter reacted http://t.co/gl6eeJyJkY http://t.co/wqtDnP3w5a,Other disaster
1884,4332,6 Things Getting Caught in a Dust Storm &amp; the Challenging Real Estate Market Have in Common (+ video): http://t.co/jf5Ft5cq9j,Not a disaster
1885,7460,Does Renovation Mean Obliteration? http://t.co/nntkiy7AXV #entrepreneur #management #leadership #smallbiz #startup #business,Not a disaster
1886,11295,Flooding shut down major roads in Kathmandu today.,Flood
1887,9258,@widow_elena @stelena_always The show sunk because of DE. Are you really that blind? Keep trying with me though ??,Not a disaster
1888,862,FedEx no longer will transport bioterror germs http://t.co/9lam19N5i5 via @USATODAY,Violence/Attack/Terrorism
1889,3595,@CorleoneDaBoss bc its risky and costly I don't see a need to do that when there isn't anything there. It's totally desolate.,Other disaster
1890,7489,Here we are 70 years after the nuclear obliteration of Hiroshima and Nagasaki and IÛªm wondering iÛ_ http://t.co/fvkekft4Rs,Not a disaster
1891,4467,"Fish stand-up
'So what's up with whale sharks? They whales or sharks?'
*Silence*
'Is this thing on?'
*Flicks mic. All fish get electrocuted*",Not a disaster
1892,9070,Can You Afford Structural Failure? http://t.co/X3mKNITh7K,Not a disaster
1893,2897,Got my first damage today  fuckkkkkk,Not a disaster
1894,1894,Peddle to the floorboard.. End up in a four door. Burning up a backroad song... Park it and we pile outÛ_ Baby watch your step nowÛ_,Not a disaster
1895,10009,Gail and Russell saw lots of hail at their Dalroy home - they have video of twister 1/2 mile from their home #yyc http://t.co/3VfKEdGrsO,Other disaster
1896,11035,The earthquake in Istanbul caused power outages and road damage.,Earthquake
1897,9562,Am I hearing thunder or trucks?,Not a disaster
1898,4044,DISASTER AVERTED: Police kill gunman with 'hoax device' at cinema http://t.co/94SXKI7KVX,Other disaster
1899,7436,Remembering #Hiroshima 70 years on. Hundreds of thousands of lives obliterated 70 years of pain devastating... http://t.co/cZpJVJgXRp,Not a disaster
1900,9090,Investigators say a fatal Virgin Galactic spaceship crash last year was caused by structural failure after the co-pilot unlocked a braking,Accident/Crash
1901,51,#PreviouslyOnDoyinTv: Toke MakinwaÛªs marriage crisis sets Nigerian Twitter ablaze... http://t.co/CMghxBa2XI,Not a disaster
1902,10433,This past week has been an absolute whirlwind.... Athens bound,Other disaster
1903,3231,Tarp is protecting outfield and cannot be moved. Infield getting deluged.,Other disaster
1904,6904,Sooooo shooting up movie theaters the new mass murderer wave??,Violence/Attack/Terrorism
1905,7772,Police kill gunman at Nashville movie theatre - Times of India: Times of India Police killÛ_ http://t.co/K8BExkgwr2,Other disaster
1906,7770,"Stockton Shooting Kills One Officers Investigating: STOCKTON ÛÓ
Stockton police are investigating a shooting t... http://t.co/7vnrB5kurU",Violence/Attack/Terrorism
1907,5269,I didn`t want to hurt you but the fear drove me to do it ............... Midnight,Not a disaster
1908,5027,#ClimateChange Eyewitness to Extreme Weather: 11 Social Media Posts that Show Just How Crazy Things A... http://t.co/czpDn9oBiT #Anarchy,Other disaster
1909,7331,US Energy Department Offers $40Mln for New Nuclear Reactor Designs / Sputnik International http://t.co/0DxVZ7fDh3,Not a disaster
1910,4054,#Myanmar 's Displaced #Rohingya at #Sittwe point of no return http://t.co/gsa4o1mjNm Prison-like conditionsprivation http://t.co/i5ma6eWuwc,Other disaster
1911,8691,Share Large sinkhole swallows entire pond in Lowndes County Georgia A largeÛ_ http://t.co/HvBJ30aj9s #YoNews,Other disaster
1912,519,VICTORINOX SWISS ARMY DATE WOMEN'S RUBBER MOP WATCH 241487 http://t.co/yFy3nkkcoH http://t.co/KNEhVvOHVK,Other disaster
1913,3865,@jcenters No uh-oh it was a controlled detonation.,Not a disaster
1914,3197,What's missing in the #asae15 exhibitor emails? Value. http://t.co/r8cepRqxlE #assnchat,Not a disaster
1915,10007,Help support the victims of the Japanese Earthquake and Pacific Tsunami http://t.co/O5GbPBQH http://t.co/MN5wnxf0 #hope4japan #pray4japan,Earthquake
1916,6945,@AFK_10 @Dr_JohanFranzen ISIS are orchs. But they don't have the ability to massacre civilians far from the frontlines like the tyrant.,Other disaster
1917,3496,3 cars of #Metro train ready to go into service derailed near #Smithsonian station disrupting service. No injuries. More at noon @wusa9,Not a disaster
1918,2574,New post: 'India Train Crash Kills Dozens' http://t.co/6OQaZmQa3L,Accident/Crash
1919,6000,#dam #gms Olap #world pres: http://t.co/mIcjNPuhG0 How To Recognize A Hazardous Waste And The Multidimensional http://t.co/Vddi5ChKTP,Other disaster
1920,6989,Letter after Glencoe Massacre Scotland ' Who will provide me with meat for my table ? Now that my red haired warrior is gone forever ,Not a disaster
1921,5746,The forest service now spends &gt;50% of its budget fighting fires http://t.co/SrSLCxHc2T,Fire/Wildfire
1922,10305,BREAKING: Obama Officials GAVE Muslim Terrorist the Weapon Used in Texas Attack http://t.co/RJcaxjp4oS,Violence/Attack/Terrorism
1923,2335,Residents set up sign as tribute to families who lost their lives in the Thane building collapse: The unfortun...  http://t.co/zT6wANhXuj,Not a disaster
1924,4356,Some of the aftershocks can be just as big as the initial earthquake.~ http://t.co/HKbPqdncBa,Earthquake
1925,1564,Bruh this sex on the beach??is bomb as fuck yo,Explosion
1926,3613,RT kurtkamka: Beautiful desolation. Just me a couple of coyotes some lizards and the morning sun. #Phoenix #ArizÛ_ http://t.co/0z1PvJVdpf,Other disaster
1927,7874,Hm MT @Ebolatrends: Alabama Home Quarantined Over Possible Ebola Case http://t.co/ihVMtmZXne http://t.co/jLieMrSnnj,Other disaster
1928,2627,Pak Army Helicopter crashed in Mansehra.,Accident/Crash
1929,9783,Hollywood Movie About Trapped Miners Released in Chile http://t.co/qkrLtrd39B,Other disaster
1930,6469,Ogun smugglers engage Customs in shootoutåÊ: Several persons were allegedly injured on Wednesday when men o... http://t.co/pUXBC2LoYK #RT,Other disaster
1931,2352,The @POTUS economy continues to collapse.,Other disaster
1932,7111,@kiranahmedd US military and Nato are fighting Talibans too,Other disaster
1933,727,Kelly Osbourne attacked for racist Donald Trump remark about Latinos on The View http://t.co/7nAgdSAdWP,Violence/Attack/Terrorism
1934,10371,PM Abe pledged to make every effort to seek a world without nuclear weapons. http://t.co/CBXnHhZ6kD,Other disaster
1935,1478,@ESM_Campy and he used werewolf on me also idiota I was tea bagging your body for like 7 minutes while he was fighting someone else,Not a disaster
1936,5451,Please pray for employees  residents and first responders.  #myhometown #livesmatter https://t.co/tdeS8MEAR2,Not a disaster
1937,2428,The Witches of the Glass Castle. Supernatural YA where sibling rivalry magic and love collide #wogc #kindle http://t.co/IzakNpJeQW,Not a disaster
1938,2491,2 Cars Collide 1 Crashes Into Building: Two cars collided at an intersection and that sent one vehicle crashingÛ_ http://t.co/TpUu3eaTB3,Accident/Crash
1939,2465,Mind blown by @GlassAnimals slithering viscous Gold Mine (cover of Yeah Yeah Yeahs + Erykah Badu)Û_ http://t.co/7Zb9gm5z0h,Not a disaster
1940,10224,@MrMikeEaton @Muazimus_Prime hill hill mountain volcano of hell mountain hill hil.,Other disaster
1941,6210,Remove the http://t.co/OP2NObtoul and Linkury Browser Hijacker http://t.co/JjKlf2PlX7 http://t.co/t3OQgw0Ce7,Not a disaster
1942,10639,Love wounds,Not a disaster
1943,3093,"Cancers equate for around 25% of all deaths in #Blackpool. 

Kowing the signs could save your life: http://t.co/11dVqjVXPo
#BeClearOnCancer",Other disaster
1944,6111,The Prophet (peace be upon him) said 'Save yourself from Hellfire even if it is by giving half a date in charity.,Not a disaster
1945,711,Christian Attacked by Muslims at the Temple Mount after Waving Israeli Flag via Pamela Geller - ... http://t.co/RICbduIACc,Violence/Attack/Terrorism
1946,1085,@BenKin97 @Mili_5499 remember when u were up like 4-0 and blew it in one game? U probs don't because it was before the kings won the cup,Other disaster
1947,10106,Obama Declares Disaster for Typhoon-Devastated Saipan: Obama signs disaster declaration for Northern Marians a... http://t.co/lEYJwNnAH8,Storm/Hurricane/Tornado
1948,9948,Reddit's new content policy shows that maybe Reddit can't have it all http://t.co/YO3T8qho9h via @nkulw http://t.co/8oDTzMvqaR,Not a disaster
1949,2358,I was on my way to Gary but all the Chicago entrances was closed due to a bridge collapsed ?????? I hope they let us through tomorrow,Other disaster
1950,8678,Giant Sinkhole Swallows NYC Intersection http://t.co/ozIZdsDWP4 via @NewsBeatSocial,Not a disaster
1951,9166,Suicide bomber kills 15 in Saudi security site mosque - A suicide bomber killed at least 15 people in an attack on... http://t.co/FY0r9o7Xsl,Explosion
1952,6313,Bit-Defender hack ÛÒ Held Hostage!: Late last week it was discovered that antivirus vendor ... http://t.co/2vC8CSTWy5 #damballa #infosec,Violence/Attack/Terrorism
1953,134,8/6/2015@2:09 PM: TRAFFIC ACCIDENT NO INJURY at 2781 WILLIS FOREMAN RD http://t.co/VCkIT6EDEv,Accident/Crash
1954,8844,I barely smoke with people i solo all my blunts,Not a disaster
1955,4819,Roosevelt Wash. under evacuation order due to wildfire http://t.co/FiJAPxyKRQ,Fire/Wildfire
1956,9465,Perspectives on Terrorism - Understanding Jihadi Proto-States: http://t.co/d5h4jif1y3,Violence/Attack/Terrorism
1957,5759,Forest fires &amp; dying salmon: time 2 act not deny. Climate Change Nightmares Are  Here http://t.co/RBZomWGjeE #bcpoli #canpoli #vanpoli,Fire/Wildfire
1958,3209,Police are still searching for two people after rain and mud deluged the western town of TetovoÛ_ http://t.co/XPhZ3GoUhR #Deutsche #Sprache,Not a disaster
1959,5511,I think that's been the best bit of this match. Kurt Zouma absolutely flattened that bloke.,Not a disaster
1960,10985,"A 7.1 earthquake just struck near New Orleans, shaking buildings.",Earthquake
1961,1290,I can't bloody wait!! Sony Sets a Date For Stephen KingÛªs Û÷The Dark TowerÛª #stephenking #thedarktower http://t.co/J9LPdRXCDE  @bdisgusting,Not a disaster
1962,9631,RT @LivingSafely: NWS posts Severe #Thunderstorm Warnings for parts of #AR #NC #OK. Seek strong shelter if at risk: http://t.co/kImr0l24Fb,Storm/Hurricane/Tornado
1963,3792,Related News: The Bureaucrats Who Singled Out Hiroshima for Destruction - Global - The Atlantic |  http://t.co/Tnex4HUsnp,Not a disaster
1964,4287,The Drowning Girl by Caitlin R. Kiernan Centipede Press Signed numbered Limited - Full reÛ_ http://t.co/eOMdGhraLg http://t.co/i4SG3nvGp8,Not a disaster
1965,4603,Call for Tasmania's emergency services to be trained in horse rescues http://t.co/q9OXqfdGwX #abcnews,Not a disaster
1966,10122,Where bottle cherry timbering facilities upheaval entryway?: fJiZzTxK,Not a disaster
1967,10381,I liked a @YouTube video from @dannyonpc http://t.co/PyVRPrNhOP Battlefield Hardline - 11 NEW WEAPONS - New map - Throwingknifes!,Not a disaster
1968,1423,Pl. Parenthood Employee Laughs About Aborted Baby Body Parts 'All Mixed Up Together in a Bag' http://t.co/AIdGzPqfLL,Not a disaster
1969,3707,poor dude...he needs him some valerie...lol RT @Otp_destroyed: Dante stuck with KIKI twice in a row????????   #FixItJesus  #GH,Not a disaster
1970,7396,@KoscielnyFC Gabriel obliterated his fibula,Not a disaster
1971,1941,@themagickidraps not upset with a rally upset with burning buildings businesses executing cops that have nothing to do with it etc,Other disaster
1972,440,The latest from @BryanSinger reveals #Storm is a queen in #Apocalypse @RuPaul @AlexShipppp http://t.co/oQw8Jx6rTs,Storm/Hurricane/Tornado
1973,4838,KCEM Jeff King reports a level 3 evacuation east of Roosevelt from Whitner rd to the county line between SR14 &amp; Hale rd.,Not a disaster
1974,2347,Now that's what you call a batting collapse #theashes,Other disaster
1975,3094,Bigamist and his Û÷firstÛª wife are charged in the deaths of his Û÷secondÛª pregnant wife her child 8 her mother her nephew 1 and their uÛ_,Not a disaster
1976,4965,GAElite 0    Explosion Greg 1 [Top 2nd] [0 Out] [0 balls] [0 strikes] ... No one on [P: #16 Morgan Orchard] [B: ],Explosion
1977,4322,dust storm in riyadh ????,Storm/Hurricane/Tornado
1978,5400,rgj: Truck trailer catches fire in Reno http://t.co/kAF3WdRmTn,Fire/Wildfire
1979,1542,My bestfriends are the bomb. ??,Explosion
1980,8786,@SoonerMagic_ I mean I'm a fan but I don't need a girl sounding off like a damn siren,Other disaster
1981,5773,Standing in mountaintop field scented with wildflowers dust and distant forest fires smell of impending rain in the air.  #fieldworksmells,Fire/Wildfire
1982,8173,WomanÛªs GPS app guides rescuers to injured biker in Marin County http://t.co/hKv8XKtU2k,Not a disaster
1983,5102,"Food crematoria' in Russia provoke outrage amid crisis famine memories
http://t.co/FelR5a1hBP",Other disaster
1984,10835,Pic of 16yr old PKK suicide bomber who detonated bomb in Turkey Army trench released http://t.co/aaWZXykLES http://t.co/RsMvgDxRiv,Explosion
1985,6663,11:30BST traffic: A10&gt;Paris A40 Geneva A7 Mons A1 Hamburg A2&gt;Hanover A5 Karlsruhe Gotthard n/b  http://t.co/yoi9tOCxiQ,Other disaster
1986,2052,Let's appreciate that the group of people that everyone hates so much the police prevented mass casualties today in Nashville.,Not a disaster
1987,10355,@NRO Except when ordered not to carry unauthorized weapons while on duty or in military uniforms. THATS THE RULE FOOL,Other disaster
1988,3058,This why BSF Jawans died Fidayeen has AKs and they bloody #INSAS! INSAS rifles not to blame for soldiers' deaths MoD http://t.co/1Lk1EQwyUW,Other disaster
1989,1695,Two giant cranes holding a bridge collapse into nearby homes http://t.co/Mqm46H6G8b,Not a disaster
1990,9059,Virgin galactic crash: early unlocking of brakes triggered structural failure - Irish Examiner http://t.co/ocMCvfDZkv,Accident/Crash
1991,861,FedEx no longer to transport bioterror germs in wake of anthrax lab mishaps http://t.co/L04Q4DKvue http://t.co/z5voujEus4,Violence/Attack/Terrorism
1992,8395,Watch This Airport Get Swallowed Up By A Sandstorm In Under A Minute http://t.co/OFhjcn36o1,Storm/Hurricane/Tornado
1993,10265,the war on drugs has turned the U.S. into a WAR zone.,Other disaster
1994,3432,25 killed as Kamayani Express Janata Express derail in Madhya Pradesh; ex gratia announced http://t.co/6SDTzSgElq,Other disaster
1995,4812,FAAN orders evacuation of abandoned aircraft at MMA: FAAN noted that the action had become necessary due to re... http://t.co/ZUqgvJnEQA,Other disaster
1996,10759,Malaysian prime minister says Reunion Island wreckage is from MH370: http://t.co/bpTZAMjl2K via @slate,Accident/Crash
1997,4533,in BOTH 'peacetime and times of national emergency.,Other disaster
1998,2762,Black African refugees in 'Israel' cannot attend Kenye West concert due to curfew for black refugees.. http://t.co/S0usjQYIJe,Not a disaster
1999,7962,TENSION IN ABIA AS INEC OFFICEÛªS RAZEDåÊÛÒ GOVERNOR IKPEAZU PDP APGA REACT http://t.co/aKzZOe5CE6,Other disaster
2000,1192,Check out the #new #ebook on #sale by #TimZak 'The Lizard Stuck in a #Blizzard' #rhyming #kidsbook on #Amazon http://t.co/kVZuxdL4ij,Not a disaster
2001,561,The Sound of Arson,Not a disaster
2002,8432,Watch This Airport Get Swallowed Up By A Sandstorm In Under A Minute http://t.co/8L4RFFZD0P,Storm/Hurricane/Tornado
2003,7184,Oso Washington Mudslide Response Interview ÛÒ Part 1 http://t.co/sbfGLQjZfs,Other disaster
2004,8950,Warcraft 3-Inspired Mode Likely Hitting Heroes of the Storm http://t.co/848CVWWdOt,Storm/Hurricane/Tornado
2005,11171,Authorities issued a flood warning for Miami.,Flood
2006,9599,Raise your words not your voice. It is rain that grows flowers not thunder.,Not a disaster
2007,1907,@TarekFatah you are burning in enemity of Pakistan .i m sure you will burn more and more,Not a disaster
2008,9066,Investigators say a fatal Virgin Galactic spaceship crash last year was caused by structural failure after the... http://t.co/SYL7ou7qVW,Accident/Crash
2009,10922,Authorities confirmed seismic activity near Toronto moments ago.,Earthquake
2010,7690,I added a video to a @YouTube playlist http://t.co/DzHDBiajS5 Panic! At The Disco: The Ballad Of Mona Lisa [OFFICIAL VIDEO],Not a disaster
2011,6526,I guess this is where I'm confused sites have week one pricing up alredy. We haven't even had injuries yet.,Not a disaster
2012,856,FedEx no longer to transport bioterror germs in wake of anthrax lab mishaps http://t.co/pWAMG8oZj4,Violence/Attack/Terrorism
2013,45,Awesome!,Not a disaster
2014,5572,Flood Advisory issued August 05 at 4:35PM EDT by NWS http://t.co/fuZ7y44P4I #WxKY,Flood
2015,9714,Don't forget tragedy ?????????????? https://t.co/GaJTUGAUi7,Not a disaster
2016,8508,@noahshack he's hot &amp; he can sing I'm screaming??????,Not a disaster
2017,9510,Anyone missing their license plate? Two stolen ones found on terrorist's car... http://t.co/CWGCciw3V6,Violence/Attack/Terrorism
2018,7450,Need a conquest server on CTE they're all Russian Squad Obliteration servers at the moment. Lame. But only 105 ping on Russian server. ??,Not a disaster
2019,4583,Calgary takes another beating from summer storms; City activates emergency plan #yyc #abstorm http://t.co/iQIXjtUEwH,Storm/Hurricane/Tornado
2020,9136,Pic of 16yr old PKK suicide bomber who detonated bomb in Turkey Army trench released http://t.co/I3ceSn7KXI http://t.co/2yCM0dlQ2f,Explosion
2021,6757,Couple storms near Guthrie OK. Leaving Norman for an evening lightning op. #okwx http://t.co/HcwrK81p71,Storm/Hurricane/Tornado
2022,3310,It was finally demolished in the spring of 2013 and the property has sat vacant since. The justÛ_: saddlebrooke... http://t.co/7FOnHQtlyv,Not a disaster
2023,5855,Summer heat drives bobcats to Calgary backyards ~ 35 http://t.co/TmzXopVs94 http://t.co/W192Wkog1M,Other disaster
2024,5590,BMX issues Areal Flood Advisory for Shelby [AL] till Aug 5 9:00 PM CDT http://t.co/62OddEkVLi,Flood
2025,10108,@SushmaSwaraj Am sure background check of the child's details are done before the kid gets into another upheaval.,Not a disaster
2026,1596,@NickLee8  i went to school in a bombed out East End of London3 families to one house no bathroom outside loo &amp; poor so whats yr point,Explosion
2027,10175,After a violent afternoon storm more severe weather heads for Chicago tonight. Details ----&gt; http://t.co/6Peeip4y7W,Storm/Hurricane/Tornado
2028,5528,@GrabakaHitman @Izi_Garcia when he flattened machida...did he lose that fight..nope he lost fights to guys he shouldn't of lost to also,Other disaster
2029,6171,Tension In Bayelsa As Patience Jonathan Plans To Hijack APC PDP http://t.co/qxXN6RKsp6 http://t.co/B3X1wqzAoR,Other disaster
2030,5250,. @paulrogers002 Many #cancers which had a very high fatality rate 30 years ago kill a lot less today. #Oncology has achieved a lot.,Not a disaster
2031,1271,@olrules Welcome - Read a free chapter of my new book Encounters With Jesus. It's full of hope. http://t.co/6qX7arf4AG,Not a disaster
2032,6169,[Latest Post] Bayelsa poll: Tension in Bayelsa as Patience Jonathan plans to hijack APC PDP http://t.co/B2yvLMPepR,Not a disaster
2033,289,Twelve feared killed in Pakistani air ambulance helicopter crash http://t.co/X2Qsjod40u #worldnews,Accident/Crash
2034,10412,@byuwnbeki The sad eyes and tacit stories in your heart that night in which the whirlwind was raging,Other disaster
2035,9201,@samfbiddle If Gawker so badly wants to commit suicide why don't you just volunteer your offices to test the new F35's bombing capabilities.,Explosion
2036,6242,#hot  Funtenna: hijacking computers to send data as sound waves [Black Hat 2015] http://t.co/a0zgzd1fYa #prebreak #best,Not a disaster
2037,2173,Learning from the Legacy of a Catastrophic Eruption http://t.co/25sY9Y295L via @newyorker,Other disaster
2038,1585,The U.S. bombed Hiroshima 70 years ago today. A look at how war has changed since: http://t.co/UQnj6nk9y3 http://t.co/QLnnMxzFqK,Explosion
2039,10766,Wreckage 'Conclusively Confirmed' as From MH370: Malaysia PM: Investigators and the families of those who were... http://t.co/DtFSWNJZIL,Accident/Crash
2040,811,#environment Lone Pine trees growing across the country in remembrance of battle at Gallipoli 100 years ago: T... http://t.co/GJCAAnfCYk,Not a disaster
2041,3252,They've come back!! &gt;&gt; Flying ant day: Capital deluged by annual swarm of winged insects http://t.co/mNkoYZ76Cp,Other disaster
2042,6987,"TimesNewsdesk : Police link beach massacre to Tunisia museum attack
Û_ http://t.co/g11Rd44rgW) http://t.co/n834UntFf1",Violence/Attack/Terrorism
2043,1985,The Public Health Team was traumatised after the bush fires. Could #AppreciativeInquiry turn this around? http://t.co/soEa1GgbKj,Fire/Wildfire
2044,6763,Lightning  #rebeccafav http://t.co/q9Q87mDEzY,Not a disaster
2045,1447,No better feeling than seeing and being on stage with my day ones...... 22 year friendships and we still body bagging mics together.,Not a disaster
2046,7767,Oops: Bounty hunters try to raid Phoenix police chief's home: http://t.co/yPRJWMigHL -- A group of armed bounty... http://t.co/3RrKRCjYW7,Other disaster
2047,3014,#PapiiChampoo What I enjoy most about the Obama era is the civility: Prez says GOP supports Iranian 'Death to ... http://t.co/jpU3es746I,Not a disaster
2048,11050,A sudden quake caused damage to structures in Miami.,Earthquake
2049,7438,Drunk Meals 101: What To Cook When You're Totally Obliterated http://t.co/JlPut7Va3s,Not a disaster
2050,5765,PRAY! For EAST COAST FOREST FIRES! PRAY! That they be put out. PRAY! For RAIN!,Fire/Wildfire
2051,9193,After a suicide bombing in SuruÌ¤ that killed 32 people Turkey launches airstrikes against ISIL and Kurdistan Workers' Party camps in Iraq.,Explosion
2052,4221,Sometimes logic gets drowned out in emotion but it's gotta surface at some point.,Not a disaster
2053,10179,"Violent Forces Radio: Now Playing Acid Storm - Scourgue Of The Gods
TuneIn Player @ http://t.co/XsSgEdSbH4",Storm/Hurricane/Tornado
2054,5702,Myanmar floods occur during low season for river cruising - Pandaw River Expeditions is currently operating only t... http://t.co/cQtTGrkwf6,Flood
2055,6434,Ashley and I on going to hurricane harbor Friday. ?? http://t.co/ScEfPFvAEU,Storm/Hurricane/Tornado
2056,9755,Rt hirochii0: There is no country that making fun of Hiroshima 's tragedy but Korea. http://t.co/And1Btizao #Indonesia #Malaysia #Jamaica #Û_,Other disaster
2057,1673,"Australia's Ashes disaster - how the collapse unfolded at Trent Bridge... http://t.co/Dq3ddGvgBF
 #cricket",Other disaster
2058,9624,A Dog Was Abandoned In A Thunderstorm. But Then A Neighbor Steps Up And Does THIS http://t.co/iR3OXEH7id,Storm/Hurricane/Tornado
2059,2500,Stepkans Media - Two confirmed dead after the boat they were travelling in Collided in. L.Victoria http://t.co/INGu6Ztyg4,Other disaster
2060,709,Israeli helicopters that attacked civilians in Gaza just completed exercises in Greece.,Violence/Attack/Terrorism
2061,5216,@noobde this monkey will be a good character in mkx lol banana fatality,Not a disaster
2062,3580,@mtnredneck It does when you are searching on a desolate part of the beach with no cell service and a mile away from your car.,Not a disaster
2063,10123,@ArvindKejriwal Bharat is showing silent political upheaval and change to fulfill the wishes of the people. Retired DGM NABARD,Not a disaster
2064,2552,Sometimes in space celestial bodies with separate trajectories that intertwine find themselves in a dance rather than a collision course.,Not a disaster
2065,342,@AlbertBreer he was probably annihilated needed his DD,Not a disaster
2066,6773,Lightning causes six new fires on VancouveråÊIsland http://t.co/VdILiiCyR5,Fire/Wildfire
2067,2527,On I-405 southbound at Coal Creek Pkwy there is a collision blocking the center lane.,Accident/Crash
2068,8318,Steve Buscemi was a firefightr B4 fame &amp; workd 12hr shifts diggin thru WTC rubble lookg 4 survivors. http://t.co/L9fJpNSZuO,Fire/Wildfire
2069,11044,A shallow earthquake has been detected in Los Angeles.,Earthquake
2070,3033,@swearyG It looks like the death star,Not a disaster
2071,9703,Maybe that's what happens when a tornado meets a volcano,Storm/Hurricane/Tornado
2072,1249,Guys. I have an Imouto Who Isn't Actually Related to Me by Blood.,Not a disaster
2073,6457,"#Redskins WR DeSean Jackson injures right shoulder at training camp today. Watch the play HERE: http://t.co/GABecyzBzJ
@wusa9 #SkinsOn9",Not a disaster
2074,3501,@OhYayyyYay the train derailed this morning,Other disaster
2075,5041,"Aug. 06 2015 Radio Show articles ÛÒ  
1] Eyewitness Account of Abortion Organ Harvesting by Planned Parenthood: http://t.co/49izkbOHri",Not a disaster
2076,8956,The Secrets Of The Storm Vortex The Lightning Catcher Book Û_ : http://t.co/OIyWrzL79Z .,Not a disaster
2077,694,It's weird I had a near panic attack &amp; wanted to write herÛ_ walked into the bathroom at work and nearly cried. Dreadfully miss her.,Violence/Attack/Terrorism
2078,10752,Wreckage 'Conclusively Confirmed' as From MH370: Malaysia PM: Investigators and the families of those who were... http://t.co/4sf0rgn8Wo,Accident/Crash
2079,673,Suspect in latest US theatre attack had psychological issues http://t.co/TvsvjuAVif http://t.co/npovfR4rGo,Violence/Attack/Terrorism
2080,1693,Two giant cranes holding a bridge collapse into nearby homes http://t.co/5t69Ev0xTi via http://t.co/Nyp8OQ2Z9T,Other disaster
2081,2784,People really still be having curfew even when they're 18 &amp; graduated high school ??,Not a disaster
2082,7561,Families to sue over Legionnaires: More than 40 families affected by the fatal outbreak of Legionnaires' disea... http://t.co/VBsj8tniv1,Other disaster
2083,4874,See these guys reaching the front foot out loading the shoulders and spinning? Neither do I!  #hitting #load&amp;explode http://t.co/6VeI1mheA4,Not a disaster
2084,10246,@volcano_tornado live somewhere else for a while and Da Mill ain't too bad son! #perspective,Storm/Hurricane/Tornado
2085,6316,#BREAKING. Who is Tomislav Salopek the Islamic State's Most Recent Hostage?  /#news,Violence/Attack/Terrorism
2086,3056,"ÛÏ@LOLGOP: 2.2 cases of voter fraud a year. 
WE NEED NEW LAWS!

83 gun deaths a day. 
WHO ACTUALLY FOLLOWS LAWS AMIRITE?

#VRA50Û",Other disaster
2087,568,"After death of Palestinian toddler in arson
attack Israel cracks down on Jewish",Violence/Attack/Terrorism
2088,7687,tomorrow's going to be a year since I went to the Panic! concert dressed as afycso ryan do u guys remember that,Other disaster
2089,4212,via @dw_english Hundreds feared drowned as migrant boat capsizes off Libya http://t.co/Cubc0nq6Fd #UFO4UBlogEurope,Other disaster
2090,626,ARSONIST Mc - CHRIST WALK http://t.co/D8LQHiGjT0 #Toronto #Columbus #Gospel,Not a disaster
2091,1419,Louis Vuitton Monogram Sophie Limited Edition Clutch Cross body Bag - Full read by eBay http://t.co/VJgR6Liaxh http://t.co/55JR66PLOV,Not a disaster
2092,2191,A better look at what this catastrophic rain and flooding has done to ourÛ_ https://t.co/5yRBegzafX,Flood
2093,9437,"Your donation will make a difference in the lives of #survivors of #braininjury. Please donate today.
 http://t.co/noF8f0RScb",Not a disaster
2094,3090,Heard theres two more deaths and a murder chrissie kills adam?  val and finn die? #emmerdale,Not a disaster
2095,6992,The Martyrs Who Kept Udhampur Terrorists at Bay Averted a Massacre: It was two youngÛ_ http://t.co/nux5XfPV2d SPSå¨,Violence/Attack/Terrorism
2096,10815,http://t.co/qVx0VQTPz0 Cramer: Iger's 3 words that wrecked Disney's stock http://t.co/vuWBSrSnrY,Not a disaster
2097,3806,@spinningbot Are you another Stand-user? If you are I will have to detonate you with my Killer Queen.,Not a disaster
2098,3900,Man Currensy really be talkin that talk... I'd be more devastated if he had a ghostwriter than anybody else....,Other disaster
2099,8000,The Latest: More Homes Razed by Northern California Wildfire - ABC News http://t.co/hCKxJ8eukt,Fire/Wildfire
2100,1068,@dudeandpal it's so bad my eyes and ears are bleeding,Not a disaster
2101,5388,@dmon2112 @C_T_Morgan but the fire rings of NYC permits I'd have to jump through for a food truck don't make it appealing,Fire/Wildfire
2102,3509,"MP trains derailment: Û÷ItÛªs the freakiest of freak accidentsÛª: 

MP trains derailment: Û÷ItÛªs the freakiest of ... http://t.co/uHXODSc7Wi",Accident/Crash
2103,6140,@dreamoforgonon @TeeEss not to hijack but as a bona fide cislady I can confirm this as true; incidental homosexuality =/= gay/bi for women.,Other disaster
2104,7647,Obligatory middle of the night panic attack,Not a disaster
2105,5650,#flood #disaster Burst Water Pipe Floods Apartments at NYCHA Senior Center - NY1: NY1Burst Water Pipe Floods A... http://t.co/w7SIIdujOH,Flood
2106,5412,I'm grateful for our first responders - @MNPDNashville @NashvilleFD and others - who acted so swiftly to save countless lives today.,Other disaster
2107,9283,Its like I never left. I just sunk to the background,Not a disaster
2108,9302,Only 3 months to XCOM 2. I can survive that long. Right? Right?,Not a disaster
2109,3248,News Alerts - Glimpses: Hyderabad deluged by heavy rainfall,Other disaster
2110,2357,@SheriffClarke @FreeAmerican100 If a carpenter built your house and it collapsed would you ask the same carpenter to rebuild it?,Not a disaster
2111,4802,Good thing there was actually just a legit fire in the mall and nobody evacuated!!,Fire/Wildfire
2112,8981,Aurora Prediction: Kp: 3.33(11:16) 4.67(14:16) AK (earth 2.00) 75% Status: Low Storm,Storm/Hurricane/Tornado
2113,7342,@SnowyWolf5 @TheGreenParty Besides would you rather shut down a whole nuclear reactor for maintenance or a wind turbine at a time?,Other disaster
2114,11001,People evacuated buildings after feeling a strong quake in Auckland.,Earthquake
2115,6550,#poster #ergo Rotator #cuff injury recovery kit: http://t.co/zj3ODGQHyp Super High Converting Rotator Cuff Inj http://t.co/VZhTiBe4jh,Not a disaster
2116,10186,POV footage captures violent landing from inside plane during storm http://t.co/kxewlHH7Uw,Storm/Hurricane/Tornado
2117,5073,A memorial to the millions who perished in the Holodomor has been erected in the U.S. capital. http://t.co/Dj1LWZNIEH http://t.co/I9MxXkzHbL,Other disaster
2118,7888,"oc73x mhtw4fnet

Officials: Alabama home quarantined over possible Ebola case - Washington Post",Other disaster
2119,8209,@Dani_Riot keep an eye out we'll be looking for lots of new team members in coming days/weeks :),Not a disaster
2120,3514,Consent Order on cleanup underway at CSX derailment site - Knoxville News Sentinel http://t.co/GieSoMgWTR http://t.co/NMFsgKf1Za,Other disaster
2121,434,I liked a @YouTube video http://t.co/e89GPNEPzT Minecraft: NIGHT LUCKY BLOCK MOD (BOB APOCALYPSE WITHER 2.0 &amp; MORE!) Mod Showcase,Not a disaster
2122,10270,#WorldWatchesFerguson #Florida @GovJayNixon @clairecmc How dare you turn our streets into a war zone -a war against CITIZENS?,Other disaster
2123,1624,I BOMBED THE FAKE BOLT CHAT AND EVERYONE THOUGHT BOLT ENDED LMFAO,Explosion
2124,8427,Watch This Airport Get Swallowed Up By A Sandstorm In Under A Minute http://t.co/TLcWeZPuKW,Storm/Hurricane/Tornado
2125,2121,#boy #mix Ultimate #preparedness library: http://t.co/O207JyaByz Prepare Yourself For Any Catastrophe. Over 10 http://t.co/cjCtb2oCxg,Other disaster
2126,1150,Keep up the great work Councilman Brian O'Neill http://t.co/ueS3IhSyIq,Not a disaster
2127,5685,@ContactEnergy Yep. During floods of 1999 or 2000 - Clyde Dam releasing every bit of water it could. Most speccy!  EV charging your way?,Flood
2128,10519,Solitude Fire Update August 6 2015 (Solitude Wildfire): Summary: This lightning-caused fire is being ... http://t.co/4eSbsA8InT #UTFire,Fire/Wildfire
2129,2742,@Loraccee @JoeNBC @msnbc Still gets crushed by @FoxNews which says little about cable news viewers in general. Dumb sells but sucks.,Not a disaster
2130,1323,Û÷A Nightmare On Elm StreetÛª Is Getting RemadeÛ_ Again http://t.co/qaYGdzI9jQ via @bdisgusting,Not a disaster
2131,9355,@TheSmallClark 'He'll kill me instead if he survived the shot. I don't exactly know. I fled the scene and pulled the trigger with---,Other disaster
2132,9160,Suicide bomber detonates in Saudi Arabia mosque 17 reportedly killed http://t.co/BNVCvNYXXj,Explosion
2133,226,DTN Brazil: Experts in France begin examining airplane debris found on Reunion Island: French air accident exp... http://t.co/M9IG3WQ8Lq,Accident/Crash
2134,2831,BBC Forced To Retract False Claims About Cyclone Pam http://t.co/ciHC8Nrc9h via @wordpressdotcom,Storm/Hurricane/Tornado
2135,3239,Businesses are deluged with invzices. Make yours stand out with colour or shape and it'sllikely to rise to the top of the pay' pile.,Not a disaster
2136,4721,@crown_769 I'd rather have an ass in fire. At least I'd know whatever I eat will evacuate. Heartburn sticks around.,Fire/Wildfire
2137,6740,@YoungHeroesID Lava Blast &amp; Power Red &amp; Mix Fruit. @Niastewart3 @NRmawa #PantherAttack,Explosion
2138,4823,VIETNAM WAR PATCH US 71st EVACUATION HOSPITAL HIGHLAND MEDICS http://t.co/kIF7M3FQLx http://t.co/Oz6vlWwTNR,Other disaster
2139,10081,Obama Declares Disaster for Typhoon-Devastated Saipan: Obama signs disaster declaration for Northern Marians a... http://t.co/PC8BvufLFJ,Storm/Hurricane/Tornado
2140,394,U.S National Park Services Tonto National Forest: Stop the Annihilation of the Salt River Wild Horse... http://t.co/SB5R7ShcCJ via @Change,Other disaster
2141,8230,Riot police intervene after Southampton and Vitesse Arnhem supporters clash: Û¢ Fans clash in buildup to second legÛ_ http://t.co/I8GX67wbGv,Not a disaster
2142,11041,Emergency crews are responding after an earthquake rattled Santiago.,Earthquake
2143,5123,11-Year-Old Boy Charged With Manslaughter of Toddler: Report: An 11-year-old boy has been charged with manslaughter over the fatal sh...,Not a disaster
2144,5713,I added a video to a @YouTube playlist http://t.co/bcjYleRRYX Ori and the Bind forest ep 6 'Fire and death,Fire/Wildfire
2145,10309,Slosher is a fucboi weapon,Not a disaster
2146,6461,I can't believe Blevins got injured falling off a curb. That's something that would happen to me never it expected for a pro player,Other disaster
2147,9679,"Saam's character rocks! @OliLafont A must read for #Fantasy #mythology lover 
http://t.co/izgHpYQko4 http://t.co/XAibgO445o #TornadoGiveaway",Storm/Hurricane/Tornado
2148,10527,Oregon's biggest wildfire slows growth http://t.co/P0GoS5URXG via @katunews,Fire/Wildfire
2149,1760,like for the music video I want some real action shit like burning buildings and police chases not some weak ben winston shit,Other disaster
2150,2917,Indian Govt. &amp; Media should take serious concern about their safety. They are in danger now. https://t.co/YX1UKbmTqB,Other disaster
2151,1084,i'd still be team usagi even if she blew up the entire solar system by some airhead misstep,Not a disaster
2152,3224,Businesses a e deluged with invoices. Make yours standwout with colour or shape and it's likely to rise to the top of the pay' pile.,Not a disaster
2153,8573,@melodores @Hozier *SCREAMS*,Not a disaster
2154,2412,Stepped outside with a drink and a cigarette and immediately locked eyes with a jogger. Worlds really do collide.,Not a disaster
2155,6473,4 dead dozens injured in Gaza blast near house leveled in summer war - http://t.co/L53OABEqc9 via http://t.co/q3Izqdk1n0,Explosion
2156,6837,daviesmutia: Breaking news! Unconfirmed! I just heard a loud bang nearby. in what appears to be a blast of wind from my neighbour's ass.,Explosion
2157,725,Christian Attacked by Muslims at the Temple Mount after Waving Israeli Flag via Pamela Geller - ... http://t.co/LHBZHWq4B9,Violence/Attack/Terrorism
2158,8291,@fa07af174a71408 I have lived &amp; my family have lived in countries where looters were shot on sight where rioting wasn't tolerated. Why here,Other disaster
2159,2975,@Jones94Kyle oh fuck sake he is dead ????,Not a disaster
2160,1220,Whoa! This new legend will be fun! http://t.co/hu5CmoupUM,Not a disaster
2161,1333,"Yes they know you're an adultress.
And yes they HAVE #Killary emails.

Like the smoke being blown up ur azz?

#NSA

http://t.co/pNheTk8a0f",Not a disaster
2162,8257,Still rioting in a couple of hours left until I have to be up for class.,Other disaster
2163,3521,@greateranglia I know the cow incident not yr fault by how where they on the line could of caused a derailment,Other disaster
2164,5918,someone just reblogged a picture of self harm scars oh please its 2015 can we stop,Not a disaster
2165,6880,@FLGovScott We allow Farrakhan to  to challenge 10000 males to rise up &amp; commit mass murder as he just did in Miami? http://t.co/gV84WNhB7S,Other disaster
2166,10926,People evacuated buildings after feeling a strong quake in Auckland.,Earthquake
2167,334,@TomcatArts thus explaining why you were all annihilated. But the few or in this case you the only survivor evolved and became godlike,Other disaster
2168,9403,#coppednews Haunting memories drawn by survivors http://t.co/Wx11d69gEZ,Other disaster
2169,10104,#abc Obama Declares Disaster for Typhoon-Devastated Saipan http://t.co/ueHFZTeYHu #international #news,Storm/Hurricane/Tornado
2170,8757,? #nowplaying SONG TO THE SIREN - JOHN FRUSCIANTE (2009) http://t.co/00cY9vXEFF,Not a disaster
2171,7248,Alarming Rise in Dead Marine Life Since the #Fukushima Nuclear Disaster: http://t.co/v6H97K688J http://t.co/tJw9bSeiPW,Other disaster
2172,9239,Remembering Marlene Menahem 22 of Moshav Safsufa;  murdered by Hamas terrorists in the suicide bombing of Egged bus No. 361,Explosion
2173,6774,Expect gusty winds heavy downpours and lightning moving northeast toward VA now. http://t.co/Z5cfrWado6,Other disaster
2174,9053,Investigators say a fatal Virgin Galactic spaceship crash last year was caused by structural failure after the... http://t.co/FPrt7NwrOt,Accident/Crash
2175,3665,"JAKE I SWEAR TO GOD IF THEREÛªS ONE MORE GOD DAMN PIECE OF ALGAE IN THE PONDS I AM GOING TO DESTROY ALL THOSE LITTLE FISH.

#momtherbot",Not a disaster
2176,807,THESE AFTER BATTLE ANIMATIONS ARE SO FUCKING MUCH,Not a disaster
2177,8191,VIDEO: 'We're picking up bodies from water': Rescuers are searching for hundreds of migrants in the... http://t.co/UymxocFs33 #BBC #News,Other disaster
2178,8633,"Exploration Takes Seismic Shift in #Gabon to #Somalia
http://t.co/Ltf6jL5keU http://t.co/Zlq8tHcTkW",Earthquake
2179,7579,Families to sue over Legionnaires: More than 40 families affected by the fatal outbreak of Legionnaires' disea... http://t.co/13W8CyukKZ,Other disaster
2180,1692,2 Injured 1 missing in bridge collapse in central Mexico - Fox News Latino http://t.co/l0UnaFLy0Y,Other disaster
2181,6533,Wishing injuries on opposition players. I get rivalry but miss me with all that petty shit.,Not a disaster
2182,6616,@tonymcguinness probably being inundated with this question now but who's coming to creamfields??? (please say all 3) #Mainstage,Not a disaster
2183,10770,#science Now that a piece of wreckage from flight MH370 has been confirmed on RÌ©union Island is it possible t...  http://t.co/Z2vDGIyOwf,Accident/Crash
2184,655,ISIL claims suicide bombing at Saudi mosque that killed at least 15 http://t.co/Y8IcF89H6w http://t.co/t9MSnZV1Kb,Explosion
2185,2636,"aQgcO mhtw4fnet

Pakistan says army helicopter has crashed in country's restive northwest  - Fox News",Accident/Crash
2186,5009,RASaudAuthor: #Pyrotechnic #Artwork by #CaiGuoQiang Explodes into a Blossom on the Steps of the #PhiladelphiaMuseuÛ_ http://t.co/pJE607uXlp,Not a disaster
2187,7207,Home Inventories Can Help all Homeowners  in Case of Natural Disaster - ABC News http://t.co/RNWvkBkhWU via @ABC,Not a disaster
2188,5626,#floods #ukfloods - British trekkers rescued amid flash floods in Himalayas: A group of British tr... http://t.co/nsfzkfgZnj - #flooding,Flood
2189,6532,4 Common Running Injuries and How to Avoid Them http://t.co/E5cNS6ufPA,Not a disaster
2190,8721,Do you feel like you are sinking in low self-image? Take the quiz: http://t.co/bJoJVM0pjX http://t.co/wHOc7LHb5F,Other disaster
2191,10981,The ground shook violently during an earthquake in Sydney.,Earthquake
2192,1807,#TweetLikeItsSeptember11th2001 Those two buildings are on fire,Fire/Wildfire
2193,1003,Le Ever Blazing,Not a disaster
2194,2737,#GoT season 5 - funniest season ever. Hilarious. #GameOfThrones you crushed it. OMG. #CantStopLaughing #Wow #Comedy,Not a disaster
2195,8442,I screamed when @g_montani @jessemontani were running to John for 1st place! I'm so happy I love you guys ?? #AmazingRaceCanada,Not a disaster
2196,7190,@bottleowhite i had to cover my eyes with the mudslide #toopainful,Not a disaster
2197,7212,More Natural Disaster Research Urgent http://t.co/5Cm0LfZhxn via #JakartaPost,Not a disaster
2198,3290,5000 year old ring fort to be demolished http://t.co/kNLZfC8QSl,Not a disaster
2199,10860,a siren just went off and it wasn't the Forney tornado warning ??,Storm/Hurricane/Tornado
2200,8616,Exploration takes seismic shift in Gabon to Somalia ÛÒ WorldOilåÊ(subscription) http://t.co/Hs6OhRFsA9,Earthquake
2201,7564,Legionnaires' Disease: What's Being Done to Stop Deadly Outbreak http://t.co/Ud96b7ThsV,Not a disaster
2202,1067,@chaosmagician97 awesome!! I saw he was bleeding pretty bad,Not a disaster
2203,6780,BANG 3 Fuckin phenomenal,Not a disaster
2204,6627,@LEDofficial1 As you can imagine we're inundated with requests each week for samples &amp; as much as we'd love to be able to send sweets 1/2,Other disaster
2205,4479,Do babies actually get electrocuted from wall sockets? I'm wondering how I and those before me survived childhood.,Other disaster
2206,11099,The earthquake in Mexico City caused power outages and road damage.,Earthquake
2207,9361,@rjkrraj @KarnakaranK @vimvith whether pressure or not NON wud not survived even if thalapathi didn't release,Other disaster
2208,8180,VIDEO: 'We're picking up bodies from water': Rescuers are searching for hundreds of migrants in the Mediterran... http://t.co/yvO6q6W442,Other disaster
2209,4846,Walking down the middle of Michigan Ave last Sunday during #Lolla evacuation 2015 https://t.co/YrfZ5WJ7R2,Other disaster
2210,7998,The Latest: More Homes Razed by Northern California Wildfire - ABC News http://t.co/ORdoKfUIBm,Fire/Wildfire
2211,7484,Why did God order obliteration of ancient Canaanites? http://t.co/3JdlEhxZ2V via @worldnetdaily,Not a disaster
2212,946,#breaking Firefighters battling blaze at east Cary condo building http://t.co/mIM8hH2ce6,Fire/Wildfire
2213,2692,sevenfigz has a crush: http://t.co/20B3PnQxMD,Other disaster
2214,744,@MageAvexis &lt; things. And what if we get attacked?,Not a disaster
2215,11205,Homes were damaged as floodwaters surged through Berlin.,Flood
2216,5798,Thank you so so much to everyone for posting the rain and hail outside ... I had no idea guys ????????,Not a disaster
2217,1100,well this tweet blew up fast,Not a disaster
2218,10910,People evacuated buildings after feeling a strong quake in Istanbul.,Earthquake
2219,7278,"3 Former Executives to Be Prosecuted in Fukushima Nuclear #Disaster.

The story: http://t.co/7uFnxxaVqs via @nytimes",Other disaster
2220,10802,The Twitter update pretty much wrecked the app,Not a disaster
2221,10591,Officer Wounded Suspect Killed in Exchange of Gunfire: Richmond police officer wounded suspect killed in exc... http://t.co/crCN8rwvKj,Fire/Wildfire
2222,8433,Watch This Airport Get Swallowed Up By A Sandstorm In Under A Minute http://t.co/TvYQczGJdy,Storm/Hurricane/Tornado
2223,1938,forestservice : RT dhsscitech: #Firefighters run into burning buildingsÛÓwe work on #tech tÛ_ http://t.co/KybQcSvrZa) http://t.co/Ih49kyMsMp,Fire/Wildfire
2224,2403,@jemmaswans i needed such a breather today oh my god i went on lunch and collapsed like a sack of bones in my car,Not a disaster
2225,8239,Riot police intervene after Southampton and Vitesse Arnhem supporters clash: Û¢ Fans clash in buildup to second... http://t.co/sKVNmtZGeG,Other disaster
2226,11319,Flash floods swept through London after heavy rainfall.,Flood
2227,4668,Society has become so engulfed in capturing every moments and sharing it  it takes the fun out of moments that should be intimate.,Not a disaster
2228,9402,Dear @POTUS In the name of humanityI apologized to #Hiroshima Survivors.R u ready to do so?#Japan #nuclearweapons http://t.co/TWykzN4rlC,Other disaster
2229,5508,I'm listening to 'Zion' by Flames on #Pandora http://t.co/mP0tmdzyIE,Not a disaster
2230,7511,California: Spring Oil Spill Estimate Grows ' by THE ASSOCIATED PRESS via NYT http://t.co/gPKkHhBRIy,Not a disaster
2231,7197,@Doylech They're refugees: 'people who have been forced to leave their country in order to escape war persecution or natural disaster,Other disaster
2232,7007,Mumbai attack mayhem was planned and launched from Pakistan'Ex-Federal Investigation Agency (FIA) chief Tariq Khosa. http://t.co/xzSP5JhVfc,Violence/Attack/Terrorism
2233,10729,Omg if Cain dies i will be an emotional wreck #emmerdale,Accident/Crash
2234,2003,California Bush fires please evacuate affected areas ASAP when california govts advised you to do so http://t.co/ubVEVUuAch,Fire/Wildfire
2235,2446,Devia ler 'AS WE COLLIDE #wattys2015' no #Wattpad #teenfiction http://t.co/g891m9GH4r http://t.co/Xq92X4bVG3,Not a disaster
2236,5873,@CouncilSCC it does say hailstorm,Storm/Hurricane/Tornado
2237,5393,Fire shuts down part of NJ Turnpike å_ 96 http://t.co/UzeatfZAyA http://t.co/ejrGK69aeq,Fire/Wildfire
2238,9765,Bomb head? Explosive decisions dat produced more dead children than dead bodies trapped tween buildings on that day in September there,Explosion
2239,5681,"If I wouldn't have lost all my guns in #Colorado floods I would say I could completely understand
#copolitics #2A https://t.co/37rHlsobbn",Flood
2240,3884,via Jerusalem Post: WATCH: Israel performs controlled detonation of land mines on Golan Heights... http://t.co/rFB2ft4wX0,Not a disaster
2241,4658,Men escape car engulfed in flames in Parley's Canyon crews investigating cause - http://t.co/ldGWsYoWSs http://t.co/cnYVVY4WAT,Other disaster
2242,2498,Well that was a journey to get home! A train collided with cows on the track! ????,Other disaster
2243,6453,Top Stories - Google 4 dead dozens injured in Gaza blast near house leveled in summer warÛ_ http://t.co/P3o71DZ992,Explosion
2244,940,Love living on my own. I can blaze inside my apt or on the balcony,Other disaster
2245,8290,http://t.co/DYKYpy3vA5  Cindy Noonan@CindyNoonan-Heartbreak in #Baltimore #Rioting #YAHIstorical #UndergroundRailraod,Not a disaster
2246,3963,MPD director Armstrong: when this first happened I cannot begin to tell you the devastation I felt.,Not a disaster
2247,4880,@magicallester I will die. I'm actually being serious. My heart will beat so fast it will fly out off my chest &amp; explode,Not a disaster
2248,3007,@baeffee @RandomPelar the black death (black death whoo!),Not a disaster
2249,7598,Pandemonium In Aba As Woman Delivers Baby Without Face (Photos).... http://t.co/lYXNjlxL8s http://t.co/CXYFqN3ue4,Other disaster
2250,9808,Photo: lavenderpoetrycafe: Trauma memories are encoded in images as trauma is a more sensory than cognitive... http://t.co/DMb6xP966D,Other disaster
2251,2141,Chances are many of us are still digging out from that catastrophe. THIS is why WoW NEEDS to evolve. THIS is why it can't be Vanilla anymore,Other disaster
2252,2881,If Trillion crosses the line a 3rd time he does a field-wide attack that does instant kill damage,Violence/Attack/Terrorism
2253,6179,Bayelsa poll: Plans by Patience Jonathan to hijack APC tickens http://t.co/eyn0E8pmJq,Not a disaster
2254,5258,FAVORITE FATALITY!!after she tore her enemy's face she took a selfie &amp; posted on kinda-Mortal Kombat's Facebook. LOL http://t.co/GLyNizSnAK,Not a disaster
2255,10004,@GreenLacey GodsLove &amp; #thankU my sister for RT of NEW VIDEO http://t.co/cybKsXHF7d The Coming Apocalyptic US Earthquake &amp; Tsunami,Not a disaster
2256,216,Experts in France begin examining airplane debris found on Reunion Island: French air accident experts on... http://t.co/TagZbcXFj0 #MLB,Accident/Crash
2257,2908,Danger of union bears http://t.co/lhdcpNZx6A,Not a disaster
2258,2482,Stupid women nearly collided into me today after she came out of a junction not looking. Still kept coming towards me till I beep my horn,Other disaster
2259,6343,Holmgren describing 96 World Cup: we were Lou's hostages.,Not a disaster
2260,3186,@FiendNikki 'Deluge' is such an awesome word. No idea why I like it so much,Not a disaster
2261,8358,My sister really always has to ruin my life.,Not a disaster
2262,10643,"the wounds of honor
 are self-inflicted",Not a disaster
2263,10552,#Insurance Texas Seeks Comment on Rules for Changes to Windstorm Insurer: The Texas Department of Insurance is...  http://t.co/byvUBg0WyE,Storm/Hurricane/Tornado
2264,9502,Fresh encounter in Pulwama of J&amp;amp;K one terrorist killed others holed up inside a house http://t.co/oEf123l5Rc,Violence/Attack/Terrorism
2265,8146,VIDEO: 'We're picking up bodies from water': Rescuers are searching for hundreds of migrants in the Mediterran... http://t.co/GEU4H46CsZ,Other disaster
2266,4542,Denali wolf population declined from 143 in 2007 2 just 48 in 2015. Reinstate emergency buffer zone #ProtectDenaliWolves @Alaska @adndotcom,Other disaster
2267,10617,@lordjewcup @helloimivan wounded warrior,Not a disaster
2268,7323,Magnetic and electrostatic nuclear fusion reactor http://t.co/eM5oPyTBpg,Not a disaster
2269,10508,Dr. Bengston on #wildfire management: ÛÏnumbers and size of fires areas affected and costs of fighting them all show upward trend.Û #smem,Fire/Wildfire
2270,9183,IS claims suicide bombing against Saudi police: RIYADH (AFP) - An Islamic State group suicide bomber on Thursd... http://t.co/IBypE1kaz5,Explosion
2271,9184,#?? #?? #??? #??? Suicide bomber kills 15 in Saudi security site mosque - Reuters  http://t.co/ebGGmfxoBy,Explosion
2272,778,02 03 04 05 AVALANCHE 1500 REAR AXLE ASSEMBLY 2055271 http://t.co/VxZhZsAlra http://t.co/HmXWRkbLS0,Not a disaster
2273,5750,@lldubs Are any of your vineyards affected by the forest fires in California?,Fire/Wildfire
2274,2040,Civilian Casualties in Afghanistan Reach Record High http://t.co/r8pTVFUh5X http://t.co/npCKK0tlEQ,Other disaster
2275,11180,Residents are evacuating due to rising floodwaters in New Orleans.,Flood
2276,4096,"Elem Pomo helping the displaced from the Rocky Fire. Please consider!
Elem Evacuation Center http://t.co/dYDFvz7amj via @gofundme",Fire/Wildfire
2277,1012,Enjoying the shade under this tree. The sun is blazing but there is a cool breeze. @ West Hollywood Park https://t.co/2wzHj0lNa6,Not a disaster
2278,461,YOUR PHONE IS SPYING ON YOU! Hidden Back Door NSA Data Mining Software | THE FINANCIAL ARMAGEDDON BLOG http://t.co/qyCw5JJaj1,Not a disaster
2279,1148,Cleveland Heights Shaker Heights fight blight - http://t.co/qRnyme33TC via @clevelanddotcom,Not a disaster
2280,4682,Fully Engulfed Garage Fire: Propane Tanks Inside. Sunnymeade Dr.,Fire/Wildfire
2281,4022,DISASTER AVERTED: Police kill gunman with 'hoax device' at cinema http://t.co/tdHn9zy0ER  via #Foxnews,Other disaster
2282,6420,@pattonoswalt @FoxNews Wait I thought Fecal Hurricane was on SciFi? Maybe that was turdnado. I've been forgeting up a shit storm lately.,Storm/Hurricane/Tornado
2283,6474,@TheHammers_ @tonycottee1986 alsowhat if some of the 1st team players got injured?Then Bilic would get slated for playing themhe can't win,Other disaster
2284,10194,POV video captures violent landing at Amsterdam Airport Schiphol during a storm ... http://t.co/fkv5qXDcy3,Storm/Hurricane/Tornado
2285,10851,RT @LivingSafely: #NWS issues Severe #Thunderstorm Warnings for parts of #AR #NC #OK. Expect more trauma cases: http://t.co/FWqfCKNCQW,Storm/Hurricane/Tornado
2286,888,A Tale of Two Pox - Body Horrors http://t.co/W2IXT1k0AB #virus #infectiousdiseases #bioterrorism,Violence/Attack/Terrorism
2287,3650,destroy the free fandom honestly,Other disaster
2288,5214,Any other generation this would've been fatality  http://t.co/zcCtZM9f0o,Not a disaster
2289,382,U.S National Park Services Tonto National Forest: Stop the Annihilation of the Salt River Wild Horse... http://t.co/TrKg2tpWJm via @Change,Not a disaster
2290,5340,@_NickSimboli_ u know what I'd say she's the equivalent of strawberries in this case I would say she's fire ????,Fire/Wildfire
2291,5543,Flattened via IDEAS IN FOOD - A cheesecake brownie does not always have the aesthetic we are ... http://t.co/oRSmW5Airj,Not a disaster
2292,6713,Jordan Son of Mars - Hot Lava release on 07/22/2015 for $160 via http://t.co/wBAqDzMD6W #KoFapp http://t.co/BkdjKSgtjj,Not a disaster
2293,9363,@Michael5SOS FUCKING LIVE HERE IM SURPRISED IVE SURVIVED THIS LONG,Not a disaster
2294,7391,@MacBreck I know what it means.It means I'll go on Twitter and obliterate any CHANCE of EVER winning another election for Pres.bad at math.,Not a disaster
2295,7265,3 former executives to be prosecuted in Fukushima nuclear disaster http://t.co/Gvj7slbELP,Other disaster
2296,7664,"Don't blame the messenger. Food panic in Venezuela. 1 minute video.Thanks SHTFPlan!
https://t.co/QBSTQXA6QX",Not a disaster
2297,9886,I'm so sad Kids Company has closed. After all the talk thousands of traumatised young people will suffer. But... http://t.co/efg8RtH9Rb,Not a disaster
2298,5749,@gilmanrocks7 ya it was. Damn forest fires.,Fire/Wildfire
2299,11134,Rivers overflowed causing widespread flooding in Mexico City.,Flood
2300,17,Haha South Tampa is getting flooded hah- WAIT A SECOND I LIVE IN SOUTH TAMPA WHAT AM I GONNA DO WHAT AM I GONNA DO FVCK #flooding,Flood
2301,3915,Obama Declares Disaster for Typhoon-Devastated Saipan: Obama signs disaster declaration for Northern Marians a... http://t.co/AslUFEKOXN,Storm/Hurricane/Tornado
2302,7783,Police walk up on me I be blowin smoke in dey face  wanna lock me up cus I got dope shit is gay,Not a disaster
2303,2894,Alpine city park vandalized $2500 in damage http://t.co/fwk8puB2wF,Not a disaster
2304,9933,Strawberries are in big trouble. Scientists race to find solution. http://t.co/MqydXRLae7 http://t.co/EpJjkB4Be9,Other disaster
2305,8225,@eac4AU You can now PRE-ORDER the film on ITUNES &amp; watch 9/15!! YAY! http://t.co/fVP3Wnid4L http://t.co/bwdhIBtiKs http://t.co/qelROcI7by,Not a disaster
2306,10454,California wild fires...clearly caused by global climate change and excess CO2!!!?,Fire/Wildfire
2307,6557,Supermarket chains recording worst #injury rates among ASX100 companies #safety http://t.co/njiv1n6rYr,Not a disaster
2308,9787,I trapped this cat in my room and it's going insane but it's not leaving it's too pretty! http://t.co/gRLxUrko8D,Not a disaster
2309,2685,I'm just not a relationship person. That's why when I have a crush on someone I always think they're not going to feel the same way,Not a disaster
2310,676,#People #Tilly the #Confused Cat Overcomes Horrible Attack to Win Hearts http://t.co/QtrsYxFzo3,Violence/Attack/Terrorism
2311,4793,Hotel evacuated after fire on Shore Drive in Norfolk http://t.co/6X0xHlbxji,Fire/Wildfire
2312,9438,Haunting memories drawn by survivors http://t.co/WJ7UjFs8Fd,Other disaster
2313,2459,#Newswatch: 2 vehicles collided at Lock and Lansdowne Sts in #Ptbo. Emerg crews on their way,Other disaster
2314,2304,Runaway Minion Causes Traffic Collapse in Dublin http://t.co/u2Kwof3wtj,Other disaster
2315,9896,@VickyBrush LOL! I was a traumatised child. On Wednesday @jimmyfallon releases topic for Thursday hashtag game. This is this weeks. Xoxo,Not a disaster
2316,4460,Almost electrocuted myself ??,Not a disaster
2317,9767,Think of it as a reality TV show I tell myself to quell the panic rising in my throat. Introvert: Trapped in Tokyo. The 150-square-foot,Not a disaster
2318,2951,@unitedutilities not happy I received text now about #Parasite danger.I am a #transplantee &amp; #Virus can kill #kidney https://t.co/9AasSFrdP1,Not a disaster
2319,5526,who said this? Yosemite Sam or Drumpf? ÛÏNobody Û÷ill vote for a flattened out rabbit skin a-huh huh Û_ I always sayÛ,Not a disaster
2320,9855,PTSD research aims to answer a question left to future researchers in 1922 by a post WW1 inquiry http://t.co/gRDebWx70f,Not a disaster
2321,1555,Hiroshima marks 70 years since bomb http://t.co/3u6MDLk7dI,Explosion
2322,7655,@Kayhow21 I may have a panic attack during this coinflip,Violence/Attack/Terrorism
2323,1059,@imKanoMate [the stabbing did not really affect her but she did get stab wounds and was bleeding Skarlet then pushed him backwards +,Not a disaster
2324,4555,"119 Sri Lanka's 'Emergency' Line. 
Busy for the past 30 mins. 
Suppose I need to plan my emergencies better. #SL #RT",Not a disaster
2325,11317,Flooding shut down major roads in San Francisco today.,Flood
2326,6534,Enjoying a little golf this summer? Take care to avoid injury -- back and shoulder injuries can happen quickly http://t.co/f1R5ISBVks,Other disaster
2327,10033,when you get stuck on the wicked twister and they have to call maintenance to get you out.. http://t.co/7iFPMFssMU,Not a disaster
2328,1260,Why can't gay men donate blood? http://t.co/v2Etl8P9eQ http://t.co/NLnyzeljbw,Not a disaster
2329,8314,#360WiseNews : China's Stock Market Crash: Are There Gems In The Rubble? http://t.co/9Naw3QOQOL,Accident/Crash
2330,5111,Protesters mark year since fatal police shooting in Wal-Mart (from @AP) http://t.co/3KbeJGmj0d,Violence/Attack/Terrorism
2331,4590,A big issue left undone is HOW to get home if adverse weather hits. @GoTriangle has no real emergency plan in place https://t.co/s7xdXuudcy,Other disaster
2332,4650,Men escape car engulfed in flames in Parley's Canyon crews investigating cause - http://t.co/P6cyLz5lpt http://t.co/Jpu9gIps9f,Other disaster
2333,4786,ALERT! Sandy Hook Elementary School Evacuated After Û÷Bomb ThreatÛª http://t.co/LwLexXjUS8,Explosion
2334,7991,George Njenga the hero saved his burning friend from a razing wildfire http://t.co/Ywkk26arAG,Fire/Wildfire
2335,926,The Threat | Anthrax | CDC http://t.co/q6oxzq45VE via @CDCgov,Other disaster
2336,10383,The Reagan Administration had arranged for Israeli weapons to be sent to the Guatemalan Army  http://t.co/4fYNQ1hWWb,Other disaster
2337,3701,#TheSun Flood: Two people dead 60 houses destroyed in Kaduna: Two people have been reportedly killed and 60 h...  http://t.co/Aawmx5w9sh,Flood
2338,9876,"@PeterDutton_MP 
YOU DIDN'T 'STARE' DOWN 'PPL SMUGGLERS' 
YOU PAID THEM TO GO AWAY!
2 men died many traumatised children abused. #auspol",Not a disaster
2339,6383,Cont'd- #Sinjar: referring to a 40-pg document the group put together on the movt of #Yazidi hostages in the days following #IS massacre [2],Violence/Attack/Terrorism
2340,11288,Flash floods swept through Sydney after heavy rainfall.,Flood
2341,10183,@Skarletan åÇ the storm. A violent swell of emotions then nothing.,Not a disaster
2342,8377,Don't let a few assholes ruin your night,Not a disaster
2343,210,Experts in France begin examining airplane debris found on Reunion Island http://t.co/LsMx2vwr3J French air accident experts on WednesdayÛ_,Accident/Crash
2344,9841,Trauma can happen anywhere -- school home etc. -- at any time. Learn the ABC's of trauma and how to parent... Û_ http://t.co/fMj8MXJY8a,Other disaster
2345,2943,Thunderstorms with little rain expected in Central California. High fire danger. #weather #cawx http://t.co/A5GNzbuSqq,Fire/Wildfire
2346,8930,The sun is shining on this house now but imagine trying to build this summer home during a North East snowstorm!... http://t.co/BtJL9JkvXZ,Storm/Hurricane/Tornado
2347,370,U.S National Park Services Tonto National Forest: Stop the Annihilation of the Salt River Wild Horse... https://t.co/MatIJwkzbh via @Change,Not a disaster
2348,6908,[Creel:You must think I'm a real moron Flag man! A brainless mass of muscle!] I do...But I don't think you're a mass murderer!,Not a disaster
2349,1944,The Rocky Fire burning in CA still threatening more than 7k buildings. Largest in state &amp; one of nearly 2 dozen burning now #9newsmornings,Fire/Wildfire
2350,7200,@patrickandsam @ghaccount I've been screaming natural disaster for months but now idk. Maybe a hospital crisis.,Not a disaster
2351,8869,@TheTshirtKid I'm tryna smoke that MF out,Not a disaster
2352,5728,Crews responding to small brush fire burning in Tahoe Forest - My News 4 - KRNV Reno NV http://t.co/VhyJnVug6f,Fire/Wildfire
2353,2977,Ross better not be dead! #Emmerdale,Not a disaster
2354,6058,Must Read Forecast! Longest Streak of Triple-Digit Heat Since 2013 What happens next? http://t.co/xXOuPfy8nQ http://t.co/A3BJabHQhe,Other disaster
2355,5976,@Hazard_VN @AccuracyEsports add me,Not a disaster
2356,7359,@JoseBasedGod I'm obliterate you to the shadow realm.,Not a disaster
2357,209,#Horrible #Accident Man Died In Wings Airplane (29-07-2015) #WatchTheVideo http://t.co/p64xRVgJIk,Accident/Crash
2358,4895,@allen_enbot If you mess up it's gonna explode...,Other disaster
2359,1548,RIP RT @AJENews: On Aug. 6 1945 at 8:16 AM Tokyo time the worldÛªs 1st atom bomb on Hiroshima http://t.co/6Q5CS9MCdW http://t.co/7OGFoQr0MG,Explosion
2360,2324,Only one commodity has escaped the total collapse in prices http://t.co/4HngTKDQMv #business,Not a disaster
2361,6638,"Potential Storm Surge Flooding Map by National Hurricane Center http://t.co/JZWRWlVlSj 
http://t.co/oT3bjjhH8s",Flood
2362,4108,#MakeWaterWork Okanagan! Drought rating maxed out - Okanagan Valley http://t.co/tXrBdaUBNN http://t.co/Ue78c7EgOX #WesternCanadaDrought,Other disaster
2363,3517,Madhya Pradesh Train Derailment: Village Youth Saved Many Lives,Other disaster
2364,7023,"_
?????RETWEET
???????
?????FOLLOW ALL WHO RT
???????
?????FOLLOWBACK
???????
?????GAIN WITH 
???????
?????FOLLOW ?@ganseyman #RT_4_A_MENTION
#TY",Not a disaster
2365,914,Ppl living w/ HIV have been charged with aggravated assault and bioterrorism for things w/ low or no risk of transmission. #HIVIsNotaCrime,Violence/Attack/Terrorism
2366,4225,Toddler drowned in bath after mum left room to fetch his pyjamas http://t.co/k9aSKtwXfL,Other disaster
2367,7281,Fukushima 'mutant vegetable' images sweep across the region two years after nuclear disaster http://t.co/psi35AU3pc via @MailOnline,Other disaster
2368,9071,Investigators have said a Virgin Galactic spaceship crash was caused by structural failure after the co-pilot ... http://t.co/PnhPLJHo8E,Accident/Crash
2369,9952,If you have trouble getting motivated remember that time is going to pass and that regret is going to make its way around - Matthew Donnelly,Not a disaster
2370,4718,guy next to me walks into our tiny office room with the fishiest smelling lunch ever. EVACUATE,Not a disaster
2371,6234,Governor allows parole for California school bus hijacker - Santa Cruz Sentinel http://t.co/TaXUxp9QA2,Other disaster
2372,11226,Flooding shut down major roads in Houston today.,Flood
2373,3982,70 Years After Atomic Bombs Japan Still Struggles With War Past: The anniversary of the devastation wrought b... http://t.co/o6AA0nWLha,Explosion
2374,9296,I have my final tomorrow ?????? . Ish is stressful  but I'll survive,Not a disaster
2375,1581,ÛÏTell Shinichi Kudo that IÛªm giving him 3 minutes to enjoy it..Û -Moriya Teiji famous architect from The Time Bombed Skyscraper,Explosion
2376,2292,Huge cliff landslide on road in China: Watch the moment a cliff collapses as huge chunks of rock fall onto a r... http://t.co/eEEwO207mX,Other disaster
2377,9622,Stood there for 20 mics tryin to get a #lightning pic before settling for a vid. #okc #weather #summer #thunderstorm http://t.co/k2GJBOk6ft,Storm/Hurricane/Tornado
2378,2528,Dublin I580 E / I580 E North Flynn Rd Onr **Trfc Collision-No Inj** http://t.co/in8LyS7v5l,Accident/Crash
2379,7279,30 Years After the Chernobyl Nuclear Disaster via @fubiz http://t.co/N4B59iqm94,Not a disaster
2380,8833,Fire truck sirens for the past ten minutes straight coming and going. Must be huge. Maybe it's taco bell and they'll build a Sonic instead.,Fire/Wildfire
2381,6097,The Prophet (peace be upon him) said 'Save yourself from Hellfire even if it is by giving half a date in charity.,Fire/Wildfire
2382,11181,Boats are being used for rescues in flooded areas of Santiago.,Flood
2383,3540,#ModiMinistry Railway Minister Prabhu calls MP derailment a natural calamity http://t.co/tL41olpAkZ,Other disaster
2384,7382,Will Trump obliterate opponents as quick as Rousey?,Not a disaster
2385,11156,Authorities issued a flood warning for Auckland.,Flood
2386,10066,#breaking #news Global precipitation measurement satellite captures 3-D image of Typhoon Soudelor - @NASAHurricane http://t.co/20DNcthr4D,Storm/Hurricane/Tornado
2387,3916,Obama Declares Disaster for Typhoon-Devastated Saipan: Obama signs disaster declaration for Northern Marians a... http://t.co/U8Ykr63B1G,Storm/Hurricane/Tornado
2388,3950,In this fragile global economy considering the devastation the alternatives would cause ... it's the best reason .. https://t.co/zwVyisyP2B,Other disaster
2389,3826,@channelstv:That's why terrorism is not d war for d army but for Intel agents who can counter their moves before they detonate their bombs.,Explosion
2390,4373,USGS reports a M1.94 #earthquake 5km S of Volcano Hawaii on 8/6/15 @ 1:04:01 UTC http://t.co/Njd28pg9Xv #quake,Earthquake
2391,889,@USCOURT If 90BLKs&amp;8WHTs colluded 2 take WHT F @USAgov AUTH Hostage&amp;2 make her look BLK w/Bioterrorism&amp;use her lgl/org IDis ID still hers?,Violence/Attack/Terrorism
2392,9478,"Truth...
https://t.co/Kix1j4ZyGx
#News
#BBC
#CNN
#Islam
#Truth
#god
#ISIS
#terrorism
#Quran
#Lies http://t.co/pi6Qn7y7ql",Violence/Attack/Terrorism
2393,10069,Obama Declares Disaster for Typhoon-Devastated Saipan: Obama signs disaster declaration for Northern Marians a... http://t.co/qjuU0wcWPx,Storm/Hurricane/Tornado
2394,300,The bartender at work described a drunk man as annihilated @kdunning1919 @hsnowberger @gabrielasmith29. 16 more days,Not a disaster
2395,4306,Kids Disappear in Dust Storm in Atmospheric Aussie Thriller http://t.co/TPOaprJudp RT @Newz_Sacramento,Storm/Hurricane/Tornado
2396,943,@JuneSnowpaw Yeah Gimme dat creamy white stuff ;3,Not a disaster
2397,3227,Why are you deluged with low self-image? Take the quiz: http://t.co/1PFlM532mG http://t.co/58qruGZvg0,Not a disaster
2398,10185,Storm is here! Violent winds and pounding rains in Evergreen. #yyc,Storm/Hurricane/Tornado
2399,9620,NWS has Continued a Severe Thunderstorm Warning for Oklahoma-OK until 10:30 PM,Storm/Hurricane/Tornado
2400,7502,California: Spring Oil Spill Estimate Grows ' by THE ASSOCIATED PRESS via NYT http://t.co/6Cx46E7QB7,Other disaster
2401,2418,Lets collide untill we fill the space.. ??,Not a disaster
2402,5670,@madonnamking RSPCA site multiple 7 story high rise buildings next to low density character residential in an area that floods,Not a disaster
2403,4483,short hair probs: i can never look cute with bedhair anymore i just look like an electrocuted vagrant,Not a disaster
2404,6684,@RakestrawJeff @GOP That about sums it up. Give them a historic landslide and they do everything King Barack wants. It's just incredible.,Not a disaster
2405,4779,5 dead 3 missing 103 families evacuated due to floods in Bukidnon: ... http://t.co/z0hSckvySN,Flood
2406,9095,#Bestnaijamade: 16yr old PKK suicide bomber who detonated bomb in ... http://t.co/KSAwlYuX02 bestnaijamade bestnaijamade bestnaijamade beÛ_,Explosion
2407,5314,@21Joseph fire,Fire/Wildfire
2408,9327,Just stop and survive off that there such purchases,Not a disaster
2409,5445,We Can Help' Says Denver Firefighter Working To Curb First Responder Suicide http://t.co/aVV6hPNpch,Fire/Wildfire
2410,3180,Perhaps 'historic' should be applied not to the deluge of recently exposed #ChildSexAbuse but the truly 'historic' scale of the cover-up,Other disaster
2411,2208,Something Catastrophic Is Coming: Should We Tune Out? http://t.co/ftrdbbaKqv via @po_st,Not a disaster
2412,5625,#Laos flooding -10 villages underwater World Vision responding http://t.co/8fvQRizOUX,Flood
2413,331,@stormbeard @steel_lord I seen Judas Priest in 2005 when Rob came back; Scorpions as support. Fucking annihilated the place. Astonishing gig,Not a disaster
2414,7110,13 reasons why we love women in the military   - lulgzimbestpicts http://t.co/tRgPWOuj6X http://t.co/GEMNUZoCeb,Not a disaster
2415,1914,#?x?: :and to counter acts such as the burning of the Alexandrian library.,Other disaster
2416,11174,Emergency services are responding to flood damage in New Orleans.,Flood
2417,5153,11-Year-Old Boy Charged With Manslaughter of Toddler: Report: An 11-year-old boy has been charged with manslaughter over the fatal sh...,Other disaster
2418,7917,Another fun night. My daughter gets a flat tire on her car. Calls and doesn't know how to change it. Worst rainstorm all year. Now she knows,Storm/Hurricane/Tornado
2419,9156,Suicide bomber kills 15 in Saudi security site mosque http://t.co/YyTKP1Z5kG via @Reuters,Explosion
2420,2194,Something Catastrophic Is Coming: Should We Tune Out? http://t.co/a8jZ5A26wi,Other disaster
2421,1387,Cute Soft Washed Fabric Camouflage Outdoor Shoulder Cross-body Bag Pack Purple Camouflage http://t.co/bxVFQqsIhC,Not a disaster
2422,1469,We need to stop paying attention to @drizzy body bagging @Meekmill and worry bout what happen to #SandraBland,Not a disaster
2423,385,U.S National Park Services Tonto National Forest: Stop the Annihilation of the Salt River Wild Horse... http://t.co/k0q4fnBzss via @Change,Not a disaster
2424,5175,"#Seattle's deadliest red light runner intersections revealed
 http://t.co/gHk9Xup6E0",Other disaster
2425,9537,@lovemywife1983 @FoxNews like shedid on 9/11 4the public facts I am not a journalist the Bush's washard on stopping more than just terrorist,Violence/Attack/Terrorism
2426,306,@RosieGray Now in all sincerety do you think the UN would move to Israel if there was a fraction of a chance of being annihilated?,Not a disaster
2427,3427,@PumpkinMari_Bot lemme just derail this real quivk to say. HELL DAMN F,Not a disaster
2428,5181,#Saudi Arabia: #Abha: Fatalities reported following suicide bombing at mosque; avoid area http://t.co/1xW0Z8ZeqW,Explosion
2429,50,#AFRICANBAZE: Breaking news:Nigeria flag set ablaze in Aba. http://t.co/2nndBGwyEi,Other disaster
2430,6873,@Rawrheem: I can give you verses directly from the Qur'an that mandate terrorism mass-murder mass-rape genocide etc. Would you like them?,Violence/Attack/Terrorism
2431,6827,matako_milk: Breaking news! Unconfirmed! I just heard a loud bang nearby. in what appears to be a blast of wind from my neighbour's ass.,Explosion
2432,1032,you could slit my throat and I'd apologize for bleeding on you,Not a disaster
2433,9922,RT  ADVISORY: Stalled Bus at EDSA Service Road Cubao SB due to mechanical trouble as of 7:53 AM. 1 lane occupied.Û_ https://t.co/HRNZKU66mm,Not a disaster
2434,9592,That was the l9udest thunder I've  ever heard,Not a disaster
2435,2337,Correction: Tent Collapse Story http://t.co/jXs50FkviK,Other disaster
2436,644,Big Top Burning The True Story Of An Arsonist A Missing Girl Û_ : http://t.co/QxH1H61cwD .,Other disaster
2437,7321,ThorCon: A Thorium Molten Salt Reactor System that can be built Now https://t.co/K90M1qoE9q #thorium #Auspol #climate #nuclearrcSA #nuclear,Not a disaster
2438,3187,I'm havin previous life flashbacks of when i lived in Weimar Berlin. the hustlin life on Unter der Linden before the deluge.,Not a disaster
2439,9021,"Ambulance stretcher simple stretcher emergency medical care http://t.co/hYHoFDdWl7 #0518

$169.50
End Date: WedneÛ_ http://t.co/rMdfx6y0HO",Not a disaster
2440,10228,idgaf fly into a volcano,Not a disaster
2441,10441,My brother-n-law riooooos got the call to head up north and fight the wild fires. Dudes a beast atÛ_ https://t.co/463P0yS0Eb,Fire/Wildfire
2442,3905,(#LosDelSonido) Obama Declares Disaster for Typhoon-Devastated Saipan: Obama signs disaster declaration for Northern Ma...  (#IvanBerroa),Storm/Hurricane/Tornado
2443,357,Please share and sign this petition to save wild horses in Arizona. http://t.co/3tsSXPHuFE,Not a disaster
2444,616,@Safyuan i already threw away the letter tho,Not a disaster
2445,6165,Swansea Û÷plot hijack transfer move for Southampton target Virgil van DijkÛª http://t.co/PVmr38LnvA,Other disaster
2446,2851,#Rohingya houses in #Kyee NockThie hamlet from Taungbazar region in Buthidaung were severely damaged in Cyclone @KasitaRoch @VivianUNHCR,Storm/Hurricane/Tornado
2447,5019,Dutch crane collapses demolishes houses: Dramatic eyewitness video captures the moment a Dutch crane hoisting... http://t.co/dYy7ml2NzJ,Other disaster
2448,5499,If you have an opinion and you don't put it on thh internet you will furst into flames.,Not a disaster
2449,3733,19000 homes destroyed in Gaza -- ZERO rebuilt. Join me in busting the blockade! Sign &amp; RT #Gaza #OpenGaza https://t.co/WF9GMhjh2M,Not a disaster
2450,5203,No UK train accident fatalities for 8th year running despite 4% increase in passenger journeys http://t.co/SuiLzS2S95 @healthandsafety,Accident/Crash
2451,6909,#gunsense answer to #GFZ's: break law on the minuscule chance a mass murderer shows up. https://t.co/qEoPMCJbCz,Other disaster
2452,4778,Trafford Centre film fans angry after Odeon cinema evacuated following false fire alarm: Twitter users tell ofÛ_ http://t.co/PZeiXi4Xk7,Fire/Wildfire
2453,3120,NBCNightlyNews: Malaysian Officials Say Debris Found on Reunion Island Is From #MH370. BillNeelyNBC reports: http://t.co/foUtpwgFWy,Other disaster
2454,8384,To respect those who wait to watch #UltimaLucha  any tweets will be spoiler free and not ruin the result. #LuchaUnderground,Not a disaster
2455,6549,Greg Garza not in the 18 for Atlas tonight vs Leones Negros in Copa MX play. He left the previous game w/ an injury. #USMNT,Not a disaster
2456,7283,Bombing #Iran would result in a never-ending game of #nuclear whack-a-mole. Here's why: http://t.co/6exS23MUy3 http://t.co/l9iDheROtj,Explosion
2457,6072,Longest Streak of Triple-Digit Heat Since 2013 Forecast in Dallas: An unrelenting and dangerous heat wave will... http://t.co/s4Srgrmqcz,Other disaster
2458,6283,#hot  Funtenna: hijacking computers to send data as sound waves [Black Hat 2015] http://t.co/UMgD92wLjA #prebreak #best,Other disaster
2459,9475,People buyout over terrorism and Isis but have a better chance getting shot at in a movie theater  https://t.co/jkdjH2zw8s,Violence/Attack/Terrorism
2460,7213,its only getting colder and colder and faster and faster and when i first realized it it was like a natural disaster,Other disaster
2461,4674,Why are you engulfed by low self-image? Take the quiz: http://t.co/CImUbwEyiB http://t.co/9R5FstS7Bd,Not a disaster
2462,6062,Heat Wave: A Social Autopsy of Disaster in Chicago by Klinenberg Eric http://t.co/fPtqxVokJC http://t.co/0gt63uQGcU,Not a disaster
2463,8619,#Sismo DETECTADO #JapÌ_n [Report 6] 01:02:42 Okinawa Island region M3.8 Depth 10km Maximum seismic intensity 3 JST #??,Earthquake
2464,3118,#?? #???? #??? #??? MH370: Aircraft debris found on La Reunion is from missing Malaysia Airlines ...  http://t.co/oTsM38XMas,Other disaster
2465,2680,#MrRobinson is giving me #TheSteveHarveyShow vibe. Music teacher looks out for students has crush on girl he went to high school with. ??,Not a disaster
2466,98,Accident center lane blocked in #SantaClara on US-101 NB before Great America Pkwy #BayArea #Traffic http://t.co/pmlOhZuRWR,Accident/Crash
2467,10337,Agreed there - especially on automatic weapons. There's no legitimate reason for needing one @Argus_99 @HeidiA1438,Other disaster
2468,10677,Explosion in Gaza Strip kills four wounds 30; cause unknown http://t.co/GopSiCP8bm via @Reuters,Explosion
2469,5672,Disaster group stunned by floods http://t.co/jrgJ17oAMt,Flood
2470,3161,RT @NLM_DIMRC: A deluge of resources on #floods for medical providers cleanup workers &amp; more at: http://t.co/aUoeyIRqE6,Flood
2471,9916,@canagal Good to hear it's back.. that storm's been given you guys trouble though :( ^SJ,Storm/Hurricane/Tornado
2472,11285,Boats are being used for rescues in flooded areas of London.,Flood
2473,8190,Fears over missing migrants in Med: Rescuers search for survivors after a boat carrying as many as 600 migrantsÛ_ http://t.co/IXfnE5Jlep,Other disaster
2474,3346,@JackMulholland1 I think also became THE MARQUIS! Then Carlos &amp; Charlie's and finally Dublin's. Sadly demolished.,Not a disaster
2475,4363,#SCSeEstaPreparando Light mag. 4.4 earthquake  - - 73km SW of Khuzdar Pakistan on Wednes... http://t.co/i6lmcccLv5 via @volcanodiscover,Earthquake
2476,2430,Check out my new song 'Collide' live at the Bowery Electric! http://t.co/MESgcNGAz0,Not a disaster
2477,8153,Bay Whale Worries Rescuers http://t.co/nfKTvVLWHm,Not a disaster
2478,6184,@jasoncundy05 Chelsea need to hijack Man Utd deal for Pedro..20 mill bargain Adam driving home in Oregon USA cmon blues!!!,Not a disaster
2479,1915,CALIFORNIA IS BURNING:' Gov. Jerry Brown told reporters at a press conference that California is experiencing... http://t.co/arzeMSR7FQ,Other disaster
2480,6386,@zaynmaIikist listen to hurricane,Storm/Hurricane/Tornado
2481,7663,we was all just laughing and talking junk now everyone in panic mode,Not a disaster
2482,3986,@nikkihaley Profile in Ambition. Legacy of cultural devastation for attempt at a white house gig. @Reince @gop http://t.co/5cCrnwirFn,Not a disaster
2483,10177,I don't understand 'taking' ANY life as a trophy. It's violent killing. http://t.co/NEqW47E1uj #CecilTheLion #BADChoices #BANTROPHYHUNTING,Other disaster
2484,8213,"Riot Kit Bah - part of the new concept Gear coming for Autumn/Winter
#menswear #fashion #urbanfashionÛ_ https://t.co/cCwzDTFbUS",Not a disaster
2485,8001,The Latest: More homes razed by #NorthernCalifornia wildfire http://t.co/mONiJJth7V #ZippedNews http://t.co/0yXBB5dzw5,Fire/Wildfire
2486,117,"mom: 'we didn't get home as fast as we wished' 
me: 'why is that?'
mom: 'there was an accident and some truck spilt mayonnaise all over ??????",Not a disaster
2487,4534,From @LeanDOTorg: Lean Thinking for Quicker Police Emergency Response Time http://t.co/suZBkyW5TT,Not a disaster
2488,1116,That stadium blew up!!,Not a disaster
2489,5992,JAX issues Hazardous Weather Outlook (HWO)  http://t.co/u9fCb8dz3h #WX,Other disaster
2490,7553,A Mad Catastrophe : The Outbreak of World War I and the Collapse of the... http://t.co/jGdlX4Faw8 http://t.co/IvwtYnoUjK,Other disaster
2491,10404,WAS Times: PawSox owners public return from whirlwind trip to Durham http://t.co/07nKMO7VaS,Not a disaster
2492,9375,Planted 390 years ago' it was moved to U-S. This Bonsai Survived Hiroshima But Its Story Was Nearly Lost http://t.co/jID4RO34gb via @NatGeo,Other disaster
2493,654,it scares me that there's new versions of nuclear attack warnings like just knowing that governments still prepare for them,Violence/Attack/Terrorism
2494,6514,@BuffoonMike I knew mo not doing much would bite us he was influenced by that shitty staff and injuries are not acquisitions,Not a disaster
2495,6623,MY SCHOOL IS INUNDATED and they wont let us go home til 4pm help,Not a disaster
2496,7990,More homes razed by Northern Calif. wildfire http://t.co/u52RW9Ji2r #sandiego http://t.co/GX75w3q9Ye,Fire/Wildfire
2497,3065,@betrayedhunter reading he paused as he came across a couple of deaths and began to read deeper into it.,Not a disaster
2498,8955,RT @tonyhsieh: 'The person who dances with you in the rain will most likely walk with you in the storm.' -Anonymous,Not a disaster
2499,5575,@CreationMin @rwrabbit @GoonerAtheist @atheistic_1 @LOLatJesus Yet still why did so many fish die in the worldwide flood? I wonder.,Not a disaster
2500,7665,@puzzledtriangle please inform me of that date because that song very accurately reflects the panic of the week before,Not a disaster
2501,10791,Cramer: Iger's 3 words that wrecked Disney's stock http://t.co/4dGpBAiVL7,Accident/Crash
2502,8246,Money can't buy happiness' is just a lie we tell poor people to keep them from rioting.,Other disaster
2503,4925,@Alltheway80s I had a similar thing with John carpenters 'the thing' one girl threw up when the dogs 'exploded,Not a disaster
2504,9543,@szuniverse No threat of that sir... For some reason my Internet connection has slowed way down...,Not a disaster
2505,2995,that's it val is dead im suing,Other disaster
2506,2483,SSP East says a car AEG 061 driven by a young man collided with Akram's carhot words were exchanged n he did firing in air1bullet hit tyre,Other disaster
2507,1492,RT Hamosh84: This how the #Saudi is coming home from #Yemen in body bags. For what? #Saudi Kingdom ego? You're looÛ_ http://t.co/LJlKWGXgjY,Not a disaster
2508,35,NOOOOOOOOO! Don't do that!,Not a disaster
2509,8170,VIDEO: 'We're picking up bodies from water': Rescuers are searching for hundreds of migrants in the Mediterran... http://t.co/ZFWMjh6SLh,Other disaster
2510,7143,@GorillaThumbz @FoxNews @jonathanserrie 'For sale Canadian military rifle dropped once,Not a disaster
2511,7466,Why did God order obliteration of ancient Canaanites? - http://t.co/yFN5yWkeye http://t.co/ozX5PmnQ6K,Not a disaster
2512,7676,Confession 8 I smoked a whole bowl of the holy meca and had a panic attack,Violence/Attack/Terrorism
2513,1554,New Documents Found Pointing To Japan's WWII Atomic Bomb Program http://t.co/M9mowCMVNj,Explosion
2514,113,I-77 Mile Marker 31 to 40 South Mooresville  Iredell Vehicle Accident Congestion at 8/6 1:18 PM,Accident/Crash
2515,3933,abcnews - Obama Declares Disaster for Typhoon-Devastated Saipan: Obama signs disaster declaration for Northern... http://t.co/mg5eAJElul,Storm/Hurricane/Tornado
2516,7683,@biggangVH1 looks like George was having a panic attack. LOL.,Not a disaster
2517,11220,Emergency services are responding to flood damage in San Francisco.,Flood
2518,444,Enjoyed live-action Attack on Titan but every time I see posters I'm reminded how freshly clean and coiffed everyone is in the apocalypse.,Not a disaster
2519,356,U.S National Park Services Tonto National Forest: Stop the Annihilation of the Salt River Wild Horse... https://t.co/sW1sBua3mN via @Change,Other disaster
2520,126,Carolina accident: Motorcyclist Dies in I-540 Crash With Car That Crossed Median: A motorcycle rider traveling... http://t.co/p18lzRlmy6,Accident/Crash
2521,333,They should all die! All of them! Everything annihilated!,Not a disaster
2522,325,@thehill this is 1 example of y the Conservatives annihilated Burton v Wiimington Prkng Auth while Liberals stood by &amp;have done nothing,Not a disaster
2523,6397,@ChubbySquirrel_ @Hurricane_Surge this here is very true &gt;:33333,Storm/Hurricane/Tornado
2524,5148,Boy 11 charged with manslaughter in shooting death of Elijah Walker http://t.co/HUrIIVFDKC,Violence/Attack/Terrorism
2525,4738,No don't evacuate the students just throw them in the dungeon. That is stupid.,Not a disaster
2526,713,Christian Attacked by Muslims at the Temple Mount after Waving Israeli Flag via Pamela Geller - ... http://t.co/f5MiuhqaBy,Violence/Attack/Terrorism
2527,10170,RT @calgarysun: Sun photographer Stuart Dryden spotted this vortex spun off a violent storm in Sylvan Lake. #abstorm http://t.co/w0BZ0JNGvB,Storm/Hurricane/Tornado
2528,199,Experts in France begin examining airplane debris found on Reunion Island: French air accident experts on Wedn... http://t.co/bKpFpOGySI,Accident/Crash
2529,7516,Refugio oil spill may have been costlier bigger than projected: A Plains All American Pipeline oil spill... http://t.co/lCQFI3LMAf #MLB,Not a disaster
2530,4757,I just want everyone to know that Emilee was worried I was getting a milkshake when we were supposed to evacuate,Other disaster
2531,8586,The little girl next to me sees the spot lights in the sky and screams ' mom! Look I see Angels in the sky!' ????,Other disaster
2532,7094,Maybe after half-way party we will get drunk Meg and she'll flirt with Clay again. Then we can have a Shelli meltdown. #BB17,Not a disaster
2533,7106,@UnivSFoundation For the people who died in Human Experiments by Unit 731 of Japanese military http://t.co/vVPLFQv58P http://t.co/Rwaph6dAUv,Other disaster
2534,3767,@iam_destruction Okay.. I'll put my tail in first.. -He moved to slip it in slowly.-,Not a disaster
2535,3055,don't get on I77 south... huge wreck and airlift and maybe some deaths interstate is completely blocked,Accident/Crash
2536,9590,I was over here dreaming peacefully then that loud ass thunder wanted to scare me. ??,Other disaster
2537,9969,@TerriF77 GodsLove &amp; #thankU beloved sister Terri for RT of NEW VIDEO http://t.co/cybKsXHF7d The Coming Apocalyptic US Earthquake &amp; Tsunami,Earthquake
2538,2092,charlie from casualty at the ashes https://t.co/jDlYmGuHwW,Not a disaster
2539,122,There's a construction guy working on the Disney store and he has huge gauges in his ears ?? ...that is a bloody accident waiting to happen,Accident/Crash
2540,11147,Rivers overflowed causing widespread flooding in Mexico City.,Flood
2541,7271,Rare photographs show the nightmare aftermath of #Hiroshima | #NoNukes #Amerikkka #WhiteTerrorism #Nuclear #Disaster  http://t.co/8tWLAKdaBf,Violence/Attack/Terrorism
2542,1535,The Guardian view on the Hiroshima legacy: still in the shadow of the bomb | Editorial: The world longs to cas... http://t.co/RhxMGhsPd7,Explosion
2543,5156,"Police continue to investigate fatal shooting on Vermont &amp; 14th Street
http://t.co/daACJ5Hfmq",Violence/Attack/Terrorism
2544,3790,Let this stand as evidence of the horrible destruction potentially wrought by our noble species. https://t.co/sNOO8LQtAD,Not a disaster
2545,2969,I just watched emmerdale nd I don't know who most of them are but a slightly attractive man named Ross just got beat up nd now he's dead,Other disaster
2546,1987,On holiday to relax sunbathe and drink ... Putting out bush fires? Not so much ?? #spain https://t.co/dRno7OKM21,Not a disaster
2547,2090,Canceling Deal for 2 Warships France Agrees to Repay Russia via @nytimes http://t.co/j7vbskHAXn,Not a disaster
2548,6718,PSA: MISTI IS ABOUT TO MAKE LAVA CAKE???? #bestdayeva,Not a disaster
2549,9701,A tornado flew around my room before you came,Not a disaster
2550,2979,@MikeParrActor No no no no no no I'm not believing it! Ross isn't dead! http://t.co/LvOlNtSWDZ,Not a disaster
2551,9192,I was taught at school in the 1970s that piracy slavery and suicide-bombing were purely historical. No one then expected them to re-occur,Explosion
2552,9082,Slums are a manifestation state failure to provide housing to citizens. Illegality discourse confounds structural problems. #stopevictions,Other disaster
2553,2962,dead  https://t.co/ESsxzdTcQJ,Not a disaster
2554,10991,The ground shook violently during an earthquake in Los Angeles.,Earthquake
2555,6902,RT EmekaGift: VPSay NO to President Obama hosting Muhammadu Buhari the #pedophile #terrorist &amp; #mass-murderer,Violence/Attack/Terrorism
2556,1504,@baskgod body bags,Not a disaster
2557,5426,RT RoadID: Thanks to Alex for his story &amp; to all first responders for being there when we need you. Û_ http://t.co/HikDC1fM2F,Not a disaster
2558,9742,Rly tragedy in MP: Some live to recount horror: ÛÏWhen I saw coaches of my train plunging into water I called ... http://t.co/BdlqasD0wB,Not a disaster
2559,3772,@HassanRouhani Wars doomed to destruction loss money must invest in Iran's inside that should not go outside,Other disaster
2560,329,@PhilipDuncan @breakfastone People 'annihilated by last nights weather'... Really Philip thought you would have forecast that...,Other disaster
2561,3687,When people fear you they will try to say and do anything to destroy your #Pride.,Not a disaster
2562,9523,#Article 370 hs to.remove by this govt.otherwise our son who is on Border 'll b slain by Muslim terrorist.Bstrd Media takig SculrismFinis'em,Violence/Attack/Terrorism
2563,5257,Death of Loretta Fuddy responsible for authenticating Obama birth certificate the sole fatality of nine on plane http://t.co/MzRhfOJT2j,Other disaster
2564,9096,Pic of 16yr old PKK suicide bomber who detonated bomb in Turkey Army trench released http://t.co/1yB8SiZarG http://t.co/69iIzvyQYC,Explosion
2565,388,U.S National Park Services Tonto National Forest: Stop the Annihilation of the Salt River Wild Horse... https://t.co/FLcQQeZnVW via @Change,Not a disaster
2566,735,@christinalavv @lindsay_wynn3 I just saw these tweets and I feel really attacked,Not a disaster
2567,6898,Hiroshima: 70 years since the worst mass murder in human history. Never forget. http://t.co/jLu2J5QS8U,Other disaster
2568,1254,No kinda in it that shii nasty blood. No pun intended,Not a disaster
2569,9641,Loud ass thunderstorm for no reason !??,Storm/Hurricane/Tornado
2570,4157,When you lowkey already know you're gonna drown in school this year :) http://t.co/aCMrm833zq,Not a disaster
2571,2599,Crash helmet silvery floors karnal fat shoot sampling 33: PBCaNPCx,Not a disaster
2572,2447,When Social Media Marketing and Ethics Rules Collide | The Recorder http://t.co/D0Bnm1ZZak,Not a disaster
2573,7965,The Latest: More homes razed by Northern California wildfire - http://t.co/nTSwUAYEJI http://t.co/wgeFBuk4Jk,Fire/Wildfire
2574,10861,EARTHQUAKE SAFETY LOS ANGELES ÛÒ SAFETY FASTENERS XrWn,Earthquake
2575,4504,Emergency Dispatchers in Boone County in the hot seat http://t.co/5fHkxtrhYU,Not a disaster
2576,4463,South Side factory where worker electrocuted pays $17000 penalty #Columbus - http://t.co/N8EzfCTfcE,Other disaster
2577,8761,There's a weird siren going off here...I hope Hunterston isn't in the process of blowing itself to smithereens...,Other disaster
2578,4976,New Explosion-proof Tempered Glass Screen Protector Film for Blackberry Z10 - Full read byÛ_ http://t.co/LgbhdFYrwq http://t.co/9qV8glZSwV,Explosion
2579,8610,Seismic' Apple TV service to stream 25 channels across all d... http://t.co/zqMtrBKaS0 | https://t.co/YEqq3BZX3g http://t.co/kmVrZaSXY4,Not a disaster
2580,4663,Do you feel engulfed with anxiety? Take the quiz: http://t.co/Um6weIUjyW http://t.co/Fm92uk6Yp2,Not a disaster
2581,5747,People come and go. Some are cigarette breaks others are forest fires.,Fire/Wildfire
2582,9150,Suicide Bomber Kills 13 At Saudi Mosque: Back in May a suicide bomber struck a Shi'ite mosque in eastern Saud.. http://t.co/FlrOvkANC0,Explosion
2583,4015,#OVERPOPULATION Not only R women incapable of keeping their legs together 2 save the world from endless brats they want to RUN the disaster,Not a disaster
2584,2379,Petition | Heartless owner that whipped horse until it collapsed is told he can KEEP his animal! Act Now! http://t.co/nJRjxqBjr4,Not a disaster
2585,1610,http://t.co/wMNOnHxEIr 'Nagasaki has to be forever the last city bombed with a nuclear weapon.' #bannukes,Explosion
2586,9798,Hollywood movie about trapped miners released in Chile: SANTIAGO Chile (AP) ÛÓ The Hollywood movie on the 33 m... http://t.co/RAzFkXbhMN,Not a disaster
2587,7171,RT RabidMonkeys1: Ah  the unique mudslide cake ??#GBBO http://t.co/ZT5OFbiwtD,Not a disaster
2588,8166,VIDEO: 'We're picking up bodies from water': Rescuers are searching for hundreds of migrants in the Mediterranean after a boat carryi...,Not a disaster
2589,9249,Aquarium Ornament Wreck Sailing Boat Sunk Ship Destroyer Fish Tank Cave Decor - Full read Û_ http://t.co/kNCm9jC8i9 http://t.co/swviAZSPHk,Accident/Crash
2590,10845,Officials: Alabama home quarantined over possible Ebola case - Washington Times,Not a disaster
2591,4495,I hope I get electrocuted today at work,Not a disaster
2592,411,It's an apocalypse,Not a disaster
2593,9318,"The #Future of Insurance and Driverless #Cars: Can the #Insurance Industry Survive #Driverless Cars?
http://t.co/zEARtXBOFt",Not a disaster
2594,8201,@PipRhys I predict a riot.,Other disaster
2595,4662,Do you feel engulfed with low self-image? Take the quiz: http://t.co/2wFQctN62v http://t.co/j4PmcEc4xh,Not a disaster
2596,10946,Residents reported strong tremors after an earthquake hit Auckland.,Earthquake
2597,9838,Esteemed journalist recalls tragic effects of unaddressed #childhood #trauma. @keithboykin @RandallPinkston @pozarmy  http://t.co/GXq1Auzb18,Other disaster
2598,10605,"Have you ever seen the President 
who killed your wounded child?
Or the man that crashed your sister's plane 
claimin' he was sent of God?",Not a disaster
2599,3849,Ignition Knock (Detonation) Sensor Connector-Connecto MOTORCRAFT WPT-994 http://t.co/h2aHxpCH0Y http://t.co/VQ3Vwxj8YU,Not a disaster
2600,7389,@Wadeycakes @ThunderCastTV you're right Thunder would obliterate you #HEYOOO,Not a disaster
2601,511,Beyonce Is my pick for http://t.co/nnMQlz91o9 Fan Army #Beyhive http://t.co/o91f3cYy0R 67,Not a disaster
2602,9025,@Grazed @invalid @Stretcher @Rexyy @Towel 'Ben favorited,Not a disaster
2603,3317,@_STiiiLO I still got video of u demolished,Not a disaster
2604,9485,http://t.co/EQjCpWILVn: Articles In Saudi Press Reject Russian Initiative For Regional Alliance With Assad Regime To Fight Terrorism,Not a disaster
2605,4278,The Drowning Girl by Caitlin R. Kiernan Centipede Press Signed numbered Limited - Full reÛ_ http://t.co/CBaXj72lVC http://t.co/s9wXIDItJh,Not a disaster
2606,6023,#foodscare #offers2go #NestleIndia slips into loss after #Magginoodle #ban unsafe and hazardous for #humanconsumption,Other disaster
2607,7434,Poway hcg diet- ensures mole obliterated whensoever nevermore comes above: sizYgwWF,Not a disaster
2608,6543,Traffic Collision - No Injury: I5 S at I5 S 43rd Ave offramp South Sac http://t.co/cT9ejXoLpu,Accident/Crash
2609,5522,70 years ago the first atomic attack flattened #Hiroshima 3 days later it was #Nagasaki both war crimes to put Moscow in its place,Violence/Attack/Terrorism
2610,4447,Photo: weallheartonedirection: I wouldnÛªt let David electrocute himself so IÛªm the asshole http://t.co/wIabcyParM,Not a disaster
2611,3286,The far right racist #AvigdorLiberman calls for destruction of #Susiya ! Previously he also called for beheadings!   http://t.co/Li8otXt8hh,Other disaster
2612,11186,Rivers overflowed causing widespread flooding in San Francisco.,Flood
2613,6978,@freddiedeboer @Thucydiplease then you have rise of Coates Charleston massacre Walter Scott and black twitter more broadly as well.,Other disaster
2614,2143,@twlldun @peterjukes It's a very good piece. And I agree the failure of post-war planning was the catastrophe.,Not a disaster
2615,4123,#DroughtMonitor: Moderate or worse #drought ? to ~27% of contig USA; affects ~80M people. http://t.co/YBE9JQoznR http://t.co/328SzflEtZ,Other disaster
2616,10190,Watch: Violent Storm Causes Deadly Accident at New Hampshire Circus http://t.co/jpPiR3ZzKA #GMA http://t.co/nV5GCDpIBA,Storm/Hurricane/Tornado
2617,8401,Watch This Airport Get Swallowed Up By A Sandstorm In Under A Minute http://t.co/NX2d83A4Du,Storm/Hurricane/Tornado
2618,8601,The time for small steps has long been over. We need a seismic shift in thinking to address #migration in a holistic human &amp; humane way.,Earthquake
2619,3711,Soo..he'll be do a bit of repentance for the children's lives they've destroyed and continue to abuse and for... http://t.co/En3hKXQdD9,Not a disaster
2620,1794,@gilsimmons lightening struck &amp; 2 units in 1 of our buildings in our development on fire. Groton CT. Check out my FB wall most recent post,Fire/Wildfire
2621,2320,We all knew Cain wasn't going to die... It's either Val or someone is gonna collapse later on... #Emmerdale #SummerFate,Not a disaster
2622,2735,Double E! Just crushed that ball! #Jays,Not a disaster
2623,3127,Hopefully this will bring some closure for the families #MH370: Malaysian PM confirms debris is from missing flight http://t.co/2963y36LdF,Not a disaster
2624,8470,YE SBUJDJSJS YES YES I XUSKAK I SCREAMED PROTECT MY OTHER SON PROTECT UR BOYFRIEND YES  https://t.co/kDqtqGK5pI,Not a disaster
2625,2499,Crews working to restore power in southwest Omaha after vehicle collided with utility pole. - http://t.co/dAn0Gkx28l,Other disaster
2626,5303,My grandma had always fear and in some way she was right - @3nach9 #Tatort #HBwahl #Daesh @WESER_KURIER @HBBuergerschaft @Jerusalem_Post,Not a disaster
2627,4229,Tried my 1st #beastburger by #beyondmeat.  nowhere near what i thought based on hype. Drowned in ketchup wasnt bad but w/dijon it sucked.,Not a disaster
2628,6903,Kach was a group to which belonged Baruch Goldstein a mass murderer who in 1994 shot and killed 29 PalestinianÛ_ http://t.co/bXGNQ57xvb,Other disaster
2629,1884,WoW Legion ÛÒ Slouching Towards The Broken Isles: Warlords of Draenor wasnÛªt close enough to The Burning Crusad... http://t.co/RKpmoMQMUi,Not a disaster
2630,5772,CLIMATE CONSEQUENCES: U.S. Forest Service Says Spending More Than Half Of Budget On Fires http://t.co/k0QtL8aODH http://t.co/zQBXe7x9Y7,Fire/Wildfire
2631,1716,Two giant cranes holding a bridge collapse into nearby homes http://t.co/9asc1hhFNJ,Other disaster
2632,11287,Residents are evacuating due to rising floodwaters in Miami.,Flood
2633,11034,The ground shook violently during an earthquake in Toronto.,Earthquake
2634,2675,Ron &amp; Fez - Dave's High School Crush https://t.co/aN3W16c8F6 via @YouTube,Other disaster
2635,2466,Monsoon flooding - Monsoon rains have have hit India Pakistan and Myanmar hard this season. Two trains collided ... http://t.co/A7zF6N7vrL,Flood
2636,4881,i swea it feels like im about to explode ??,Not a disaster
2637,10886,Residents reported strong tremors after an earthquake hit Jakarta.,Earthquake
2638,3882,#JerusalemPost WATCH: Israel performs controlled detonation of land mines on Golan Heights http://t.co/01HuX8Y9Gi,Not a disaster
2639,10158,@RoxYunkFalls August 4 1915 http://t.co/jjNS0YjaLA Violent storm strikes city Manayunk flooding and damage. Sports &amp; War news,Flood
2640,3214,Watching Deluged by Data #doczone while on my IPad..... #CBC,Not a disaster
2641,7420,you haven't ruined my day you've obliterated it into a million pieces and spit on it https://t.co/2B57rE5mzN,Not a disaster
2642,10196,"Violent Forces Radio: Now Playing Axegressor - Psalm Before the Storm
TuneIn Player @ http://t.co/XsSgEdSbH4",Storm/Hurricane/Tornado
2643,6669,FreeBesieged: .MartinMJ22 YouGov Which '#Tory landslide' ... you can't POSSIBLY mean the wafer-thin majority of #GÛ_ http://t.co/2q3fuEReY5,Other disaster
2644,5613,Business at the Sponge Docks washed out by rain flooding: http://t.co/5PmikAVyKL,Flood
2645,2049,#Afghanistan: sharp rise in women and children casualties in first half of #2015 http://t.co/LdyWd4ydT9,Other disaster
2646,4771,More than 300 campers evacuated as California wildfire blazes on officials say http://t.co/wwgAdpFFkW,Fire/Wildfire
2647,8749,@ryan_defreitas for me it's Revs Per Minute but the opening tune on Siren Song is UNREAL,Not a disaster
2648,8614,TBI early brain aging and a seismic analogy http://t.co/xs1QHfjAG4 @deetelecare #TBI #braininjury,Earthquake
2649,6487,@wral there are now 5 fire trucks and 2 ambulances at Wellington ridge lp in Cary. one of the units is on fire. not sure on injuries,Fire/Wildfire
2650,1565,Hansel and Gretel: The Witch Hunters.... Bomb ass movie. Yeh I kno Im late,Explosion
2651,8463,brooke just face timed me at the concert and just screamed for 2 minutes straight,Not a disaster
2652,11278,Boats are being used for rescues in flooded areas of Istanbul.,Flood
2653,11015,People evacuated buildings after feeling a strong quake in Berlin.,Earthquake
2654,3313,#BananaLivesMatter ... but not more than #HotepLivesMatter thats why ya girl Hotepina just demolished two bananas in 13 seconds flat,Not a disaster
2655,11063,People evacuated buildings after feeling a strong quake in Auckland.,Earthquake
2656,3552,Madhya Pradesh Train Derailment: Village Youth Saved Many Lives,Other disaster
2657,1969,Where are the protests ? The riots? The burning buildings? How come you don't see any of that crap happening when... http://t.co/1QOchsPYbw,Other disaster
2658,11292,Flooding shut down major roads in Kathmandu today.,Flood
2659,3471,New illustration for the L.A. Times: http://t.co/qYn6KxJSTl #illustration #subway,Not a disaster
2660,1765,.@denisleary Not sure how these folks rush into burning buildings but I'm grateful they do. #TrueHeroes,Not a disaster
2661,1541,@peytonlaynec ohhh coming of age. I had a bomb teacher and we never did anything. For our final we went to salt grass and he bought us food,Explosion
2662,5383,@eeenice221 true because of the truck that caught fire?,Fire/Wildfire
2663,4742,Sooo police dispatch said there was a person threatening to shoot up the Walmart on Rutherford &amp; they had to evacuate,Other disaster
2664,3508,#news Madhya Pradesh Train Derailment: Village Youth Saved Many Lives http://t.co/fcTrAWJcYL #til_now #NDTV,Other disaster
2665,9248,Near them on the sand half sunk a shattered visage lies... http://t.co/0kCCG1BT06,Other disaster
2666,4226,@oilersjaysfan how's the rain have you drowned yet?,Not a disaster
2667,6164,{:en}Tension In Bayelsa As Patience Jonathan Plans To Hijack APCåÊPDP{:} http://t.co/W1ufeibALa http://t.co/bIULQpRxke,Other disaster
2668,295,so privileged and proud to wear this uniform.?? #NHS #Ambulance #GayUK #Uniform #Proud #Privileged #WhatsYourEmergency http://t.co/0BkmuhYSFx,Not a disaster
2669,9645,Severe Thunderstorm Warning including Midwest City OK Del City OK Choctaw OK until 10:30 PM CDT http://t.co/ogxSY4GWD1,Storm/Hurricane/Tornado
2670,6154,Patience Jonathan On The Move To Hijack APC In Bayelsa State http://t.co/rJac5sItEp http://t.co/Plqf1bikS4,Other disaster
2671,6346,"Natalie Stavola our co-star explains her role in Love and Hostages. Check it out! #LH_movie #indiefilm #comingsoon
https://t.co/2Dw23pMF4B",Not a disaster
2672,10083,Obama Declares Disaster for Typhoon-Devastated Saipan,Storm/Hurricane/Tornado
2673,7415,Drunk Meals 101: What To Cook When You're Totally Obliterated http://t.co/m19iVWrdkk,Other disaster
2674,7580,Families to sue over Legionnaires: More than 40 families affected by the fatal outbreak of Legionnaires' disea... http://t.co/hKxYzhvmQE,Other disaster
2675,8686,"Sinkhole leaking sewage opens in housing estate
Irish Independent-3 Aug 2015",Other disaster
2676,956,pic of me and blaze in a fort when we were kids i look like a jackass stuffin my face like that ?????? http://t.co/aE9cPIexAK,Not a disaster
2677,9050,NTSB: Virgin Galactic crash caused by structural failure triggered when brakes unlocked early http://t.co/MgIG4uX7DM Û_,Accident/Crash
2678,5986,#ine #instyle Olap #world pres: http://t.co/PJaY74M2Fi How To Recognize A Hazardous Waste And The Multidimensi http://t.co/vr3wlQXl0G,Not a disaster
2679,387,Stop the Annihilation of the Salt River Wild Horses!!! https://t.co/546utTXzAm via @Change,Not a disaster
2680,3238,Businesses are deluged with ivoices. Make yours stand out with colour or shape and it's likely to ris; to the top of the pay' pile.,Not a disaster
2681,10099,A GPM satellite 'bullseye' in Typhoon Soudelor http://t.co/piVeUPiRKY,Storm/Hurricane/Tornado
2682,11101,Authorities confirmed seismic activity near Delhi moments ago.,Earthquake
2683,8228,To All The Meat-Loving Feminists Of The World Riot Grill Has Arrived: Pop quiz! Which do you prefer: feminist... http://t.co/MoGytSxvOa,Not a disaster
2684,149,"The man who can drive himself further once the effort gets painful is the man who will win.' 
Roger Bannister",Not a disaster
2685,7238,@jonk @jamucsb Hopefully this vacation *doesn't* include an earthquake or other natural disaster!,Earthquake
2686,160,#GrowingUpSpoiled going clay pigeon shooting and crying because of the 'aftershock,Not a disaster
2687,10884,Emergency crews are responding after an earthquake rattled San Francisco.,Earthquake
2688,2457,First Tweet collided with a Selfie. Pretty 'Sweet' if you ask me???? http://t.co/knomg9pfiz,Not a disaster
2689,3072,"[Comment] Deaths of older children: what do the data tell #US? http://t.co/p8Yr2po6Jn
 #nghlth",Other disaster
2690,6739,@_Souuul * gains super powers im now lava girl throws you ina chest wrapped in chains &amp; sinks you down the the bottom of the ocean*,Not a disaster
2691,10853,Father-of-three Lost Control of Car After Overtaking and Collided #BathAndNorthEastSomerset http://t.co/fa3FcnlN86,Other disaster
2692,2634,#news Bin Laden family plane crashed after 'avoiding microlight and landing too far down runway': Three member... http://t.co/hHsN0VnYKs,Accident/Crash
2693,11323,Residents are evacuating due to rising floodwaters in Sydney.,Flood
2694,10600,Police Officer Wounded Suspect Dead After Exchanging Shots: Richmond police officer wounded suspect killed after exchange of gunfire,Fire/Wildfire
2695,3061,RT @TrueDiagnosis: 250K deaths per year from #physician error: http://t.co/DUtYzQR2P7åÊ How to avoid being one of them: http://t.co/OznsxxvxÛ_,Other disaster
2696,6897,Another white guy trying to mass murder people for no apparent reason just because let me guess he's mentally ill blah blah blah #Antioch,Other disaster
2697,3129,#AUS Aircraft debris found on island is from MH370 Malaysia confirms http://t.co/1zFGk9ET5v #abc,Not a disaster
2698,5157,11-Year-Old Boy Charged With Manslaughter of Toddler: Report: An 11-year-old boy has been charged with manslaughter over the fatal sh...,Other disaster
2699,10896,Emergency crews are responding after an earthquake rattled London.,Earthquake
2700,3491,Oh a #wmata train derailed. Kind of disappointed how unsurprised I am.,Not a disaster
2701,1931,@RockBottomRadFM Is one of the challenges on Tough Enough rescuing people from burning buildings?,Not a disaster
2702,9280,@ShekharGupta @mihirssharma high time TV channels realised what levels they have sunk for TRP and ads.it has become a mockery,Not a disaster
2703,2067,Cos sanity brings no reward for one more hit and one last score... Don't be a casualty cut the cord...,Other disaster
2704,3250,"deluged dismay so
soon surrendered summer drought
descending disturbed

#sunrise#haiku #poetry #wimberley #atx#smtx http://t.co/z9FDebg5Fm",Not a disaster
2705,5877,Hundreds of commuters abandoned at LRT station during severe hailstorm http://t.co/25wIeHMLZ5,Storm/Hurricane/Tornado
2706,4551,Our builder is having a dental emergency. Which has ruined my plan to emotionally blackmail him this afternoon with my bump.,Other disaster
2707,6218,Governor Allows Parole for School Bus Hijacker http://t.co/N71hMveRvv,Other disaster
2708,2545,CLEARED: COLLISION: #QEW Fort Erie bound approaching Hwy 405 #Niagara.Vehicles removed. ^ag,Accident/Crash
2709,3123,#love #food #fun Malaysian Prime Minister Najib Razak confirmed that the aircraft debris found on RÌ©union Isla...  http://t.co/FK1L4noziG,Other disaster
2710,6094,#Allah describes piling up #wealth thinking it would last #forever as the description of the people of #Hellfire in Surah Humaza. #Reflect,Not a disaster
2711,3269,I will demolish your head' 'you are all corrupt' 'i will vandalise your head' - Aliyu Mani #SecSchoolInNigeria,Not a disaster
2712,10105,#ABCNews Obama Declares Disaster for Typhoon-Devastated Saipan: Obama signs disaster declaration for No... http://t.co/DOBZc3piTM #World,Storm/Hurricane/Tornado
2713,8200,To All The Meat-Loving Feminists Of The World Riot... http://t.co/tNI5SCpBMA #followme | https://t.co/OFtj2sXYPf http://t.co/lVYemK99uV,Not a disaster
2714,4431,I broke my charger. Hella trying not to electrocute myself and die rn ????????,Not a disaster
2715,10068,Obama signs disaster declaration for Northern Marians after typhoon hits US territory  http://t.co/0IPaVKJgDC,Storm/Hurricane/Tornado
2716,172,320 [IR] ICEMOON [AFTERSHOCK] | http://t.co/THyzOMVWU0 | @djicemoon | #Dubstep #TrapMusic #DnB #EDM #Dance #IcesÛ_ http://t.co/83jOO0xk29,Not a disaster
2717,7368,This is progress? Weaponry to obliterate every trace of natural life? This is absolute total lunacy. #Hiroshima http://t.co/tBhiSukfvn,Not a disaster
2718,2179,The Catastrophic Effects of Hiroshima and Nagasaki Atomic Bombings Still Being Felt Today http://t.co/tGcR5voFJ3,Explosion
2719,2110,@APPLEOFFIClAL Migrating from iPhoto to Photo is a catastrophe. I have wasted days trying to get this to work. 12 hrsto get to 8% complete.,Not a disaster
2720,5461,New Giant Flames (GIANT FULL BLACK PANTOFEL) info/order sms:087809233445 pin:23928835 http://t.co/dthNEezupe  pic.twitter.com/pNPiZoDY,Other disaster
2721,9212,INFOGRAPHIC: At least 20 Turkish security officials killed in PKK and ISIS terror attacks since Suruc suicide bombing http://t.co/UvAOJzcYcZ,Explosion
2722,3074,@Eazzy_P we will never know what would have happened but the govt seemed to think that their beliefs warranted the deaths of innocent japs,Other disaster
2723,9882,@michellemccann we had that last night - lightning for 2 hours! Poor Dawg traumatised. Ended up huddling in basement. @David_Williamso,Not a disaster
2724,4035,Deepwater drill company gains $735m: Transocean one of the companies associated with BP's Deepwater Horizon oil well disaster recoversÛ_,Not a disaster
2725,1959,Strikers in Phalaborwa striking over the CHINESE taking their jobs. Strikers burning buildings attacking cars 2... http://t.co/08LnGClZsj,Violence/Attack/Terrorism
2726,4318,There's a big storm brewing dark clouds thunder and rain carrying thick dust. This could be interesting.,Storm/Hurricane/Tornado
2727,10134,Permutable site conspiracy up-to-the-minute upheaval: QWkD,Not a disaster
2728,6985,"@nataliealund 
Parents of Colorado theater shooting victim fear copycat massacre

http://t.co/LvlH3W3aWO
#Antioch

http://t.co/vIwXY1XDYK",Violence/Attack/Terrorism
2729,2971,@GailSimone #IWasDisappointedBy TellTale's The Walking Dead. Good characters &amp;story but no real gameplay and too many performance issues.,Not a disaster
2730,10674,What they (dentists) don't tell u is how much ur mouth will be in pain when the numbing wears off because of the puncture wounds in ur gums.,Not a disaster
2731,4794,@115Film Doctor we must leave immediately the Core is unstable...The whole building is told to be evacuated. Take the research. We need...,Other disaster
2732,4274,Boy saves autistic brother from drowning: A nine-year-old in Maine dove into a pool to save his autistic brother from drowning,Other disaster
2733,11273,Authorities issued a flood warning for Tokyo.,Flood
2734,21,"They'd probably still show more life than Arsenal did yesterday, eh? EH?",Not a disaster
2735,8,#RockyFire Update => California Hwy. 20 closed in both directions due to Lake County fire - #CAfire #wildfires,Fire/Wildfire
2736,9858,Traumatised after seeing a baby literally fall out of that lady. She only went for a wee great catch! #oneborn,Not a disaster
2737,3088,Infections driving up neonatal deaths ÛÒ Health Minister #Guyana http://t.co/ImugNXrEBN,Not a disaster
2738,3230,Businesses are deluged with invoices. Make yours stand out with .olour or share and it's likely to rise to the top of the pay' pile.,Not a disaster
2739,1258,The Yankees are the reason I'm on blood pressure medicine,Not a disaster
2740,11222,Residents are evacuating due to rising floodwaters in Jakarta.,Flood
2741,997,"S3XLEAK!!!
Ph0tos of 19yrs old Ash@wo lady in Festac town from Delta exp0sed on BBM 5 leaked pictures... http://t.co/ixREhM05yq",Not a disaster
2742,5380,It's never a good sign when you pull up to work &amp; there's five ambulances &amp; a fire truck in the bay. Wompppp at least it's Friday,Fire/Wildfire
2743,4273,@NigelTanner1 Believe it or not we've had too MUCH rain here. Our newly planted maple trees are actually drowning.,Other disaster
2744,6038,Heat Advisory is In Effect From 1 PM Through 7 PM Thursday. A Building Heat Wave and Increasing Humidity... #lawx http://t.co/u0SYkowVWV,Other disaster
2745,3970,@Pam_Palmater i agree with @perrybellegarde to get out &amp; vote. Look at devastation @pmharper caused #FirstNations #IdleNoMore #cndpoli #yyj,Other disaster
2746,10093,Global precipitation measurement satellite captures 3-D image of Typhoon Soudelor - @NASAHurricane http://t.co/MvSRjd4X3D,Storm/Hurricane/Tornado
2747,7299,Global Nuclear Reactor Construction Market grew 4.5% between 2013 and 2014 http://t.co/74JppeK6o7,Other disaster
2748,8650,Sinkhole closes Falmer Drive in Bethlehem Township http://t.co/6TVVlG2fNi,Other disaster
2749,151,320 [IR] ICEMOON [AFTERSHOCK] | http://t.co/yNXnvVKCDA | @djicemoon | #Dubstep #TrapMusic #DnB #EDM #Dance #IcesÛ_ http://t.co/weQPesENku,Not a disaster
2750,3406,@ModelBubbles GM! I pray any attack of the enemy 2 derail ur destiny is blocked by the Lord &amp; that He floods ur life w/heavenly Blessings,Not a disaster
2751,10598,"Prince Phillip said of the numbers of those murdered by the British at Amritsar...

ÛÏThatÛªs a bit exaggerated it must include the woundedÛ.",Other disaster
2752,3355,EPA begins demolition of homes in toxic area #Buffalo - http://t.co/noRkXBRS6G,Other disaster
2753,6396,@lavapixcom Did you see #hurricane #guillermo with #MeteoEarth? http://t.co/mfckpVzfV8,Storm/Hurricane/Tornado
2754,9619,Beautiful lightning as seen from plane window http://t.co/5CwUyLnFUm http://t.co/1tyYqFz13D,Not a disaster
2755,6414,Bluedio Turbine Hurricane H Bluetooth 4.1 Wireless Stereo Headphones Headset BLK - Full reÛ_ http://t.co/WeUDLkc4o4 http://t.co/trl1dskF81,Not a disaster
2756,9821,Esteemed journalist recalls tragic effects of unaddressed #childhood #trauma. #counciling #therapy #newauthors #HIV http://t.co/GXq1AuhzCy,Not a disaster
2757,8901,@Lily_Bell82 ya...summer is too short. Open toed shoes arent snowstorm friendly.,Storm/Hurricane/Tornado
2758,4539,Came across this fire video not mine..enjoy..#fire #firemen #firetruck #emergency #rescue #911 #summertime #sirensÛ_ http://t.co/hcYAJsAcfJ,Fire/Wildfire
2759,8039,Newlyweds feed thousands of Syrian refugees instead of hosting a banquet wedding dinner http://t.co/EGcv7ybjae #Age #news,Not a disaster
2760,8632,Here we go....one more Toss with the Seismic boys! With a stellar undercard all killer no filler keep an eye... http://t.co/Xs6aa2c6Jb,Earthquake
2761,9441,Remembrance  http://t.co/ii4EwE1QIr #Hiroshima http://t.co/H3vUsqzyQo,Other disaster
2762,10180,"Violent Forces Radio: Now Playing Torture - Storm Alert
TuneIn Player @ http://t.co/XsSgEdSbH4",Storm/Hurricane/Tornado
2763,5868,"Canada: Hailstorm flash flooding slam Calgary knocks out power to 20k customers
http://t.co/SkY9EokgGB http://t.co/5IyZsDA6xB",Flood
2764,3819,@BldrCOSheriff says 2nd grenade found is 'younger' that WWII era grenade found earlier. They'll detonate it at 8:00 tonight. @CBSDenver,Other disaster
2765,3424,@QueenBrittani_ GM! I pray any attack of the enemy 2 derail ur destiny is blocked by the Lord &amp; that He floods ur life w/heavenly Blessings,Flood
2766,7011,Wed Aug 8 !  #Mayhem @ Avalon !  19+ Event ! July &amp; Aug Bdays Free! Tix -&gt; http://t.co/1oZe4aW3Ju Txt (818) 447-8427 http://t.co/uzpKaRBAQv,Not a disaster
2767,10525,#IDFire Cherokee Road and Road 22 (Three Sisters Wildfire): There are two roads closed to the general public: ... http://t.co/UORXfF0NfX,Fire/Wildfire
2768,675,Notley's tactful yet very direct response to Harper's attack on Alberta's gov't. Hell YEAH Premier! http://t.co/rzSUlzMOkX #ableg #cdnpoli,Violence/Attack/Terrorism
2769,2547,Motorcyclist bicyclist injured in Denver collision on Broadway: http://t.co/241cN8yxjq by @kierannicholson,Accident/Crash
2770,4215,Hundreds feared drowned as migrant boat capsizes off Libya: Hundreds of migrants are feared to have drowned af... http://t.co/Cbhe0eXIRA,Not a disaster
2771,11275,Authorities issued a flood warning for Jakarta.,Flood
2772,5447,Allergan Kicks off REFRESH AMERICA Program to Supply First Responders With Free Eye Drops http://t.co/0OjKuLqO5I http://t.co/wkmcPmCtgu,Not a disaster
2773,11270,Rivers overflowed causing widespread flooding in Los Angeles.,Flood
2774,8320,China's Stock Market Crash: Are There Gems In The Rubble? http://t.co/o6oNSjHCsD #tcot #p2 #news,Not a disaster
2775,5637,Nigeria warned against massiveåÊflooding http://t.co/CofH4khFsD http://t.co/m0fLpPxIlg,Flood
2776,8028,y'all read 12000 Nigerian refugees repatriated from Cameroon http://t.co/aVwE1LBvhn,Other disaster
2777,7613,Pandemonium In Aba As Woman Delivers Baby Without Face (Photos) - http://t.co/xRP0rTkFfJ,Other disaster
2778,2716,So in one episode they undo season 1. Kai joins FF Ren beats Aichi with Psy  and misaki gets crushed.  What the fuck?,Not a disaster
2779,5507,I added a video to a @YouTube playlist http://t.co/aTCMrjzJTp Nicki Minaj - Up In Flames (Official Video),Not a disaster
2780,150,"Schoolboy ÛÒ Aftershock (Original Mix)
Excision &amp; Skism ÛÒ SEXisM (Far Too Loud Remix)
Firebeatz Schella ÛÒ Dear New... http://t.co/JQLzUA6YzQ",Fire/Wildfire
2781,10849,A gas thing just exploded and I heard screams and now the whole street smells of gas ... ??,Other disaster
2782,8222,#ModiMinistry Stuart Broad Takes Eight Before Joe Root Runs Riot Against Aussies http://t.co/rc22r1xlIs,Not a disaster
2783,4750,@pantalonesfuego Yeah I grew up in the canyon above L.A. We had to evacuate a few times.,Other disaster
2784,1349,"If a truckload of soldiers will be blown up nobody panics but when one little lion dies everyone loses their mind'
http://t.co/wjNTaOkdHf",Other disaster
2785,905,@StationCDRKelly Any Support Sys 4 @USAgov AUTH taken Hostage by BLK US clergyforced 2 exist younger&amp;grossly disfigured by BIOTERRORISM?@AP,Violence/Attack/Terrorism
2786,10024,Seriously though..... Otto Reggie Twister and Sam was living that good life on Rocket Power.,Not a disaster
2787,2781,@benznibeadel_ hehe like u HAHAHA I'm kidding love u I'm gonna sleep na bc curfew ??,Not a disaster
2788,9529,Three Israeli soldiers wounded in West Bank terrorist attack via /r/worldnews http://t.co/su4ZVWADj7,Violence/Attack/Terrorism
2789,5903,You can never escape me. Bullets don't harm me. Nothing harms me. But I know pain. I know pain. Sometimes I share it. With someone like you.,Other disaster
2790,4932,Our electricity just fucking exploded they're trying to fix it now,Not a disaster
2791,6290,"Oh god Diane is following them to the hostage exchange in a taxi. 
#RandomActsOfRomance",Violence/Attack/Terrorism
2792,5371,An 18-wheeler came along and struck the fire truck spinning it around 180 degrees and causing it to roll over' http://t.co/kmPfhGlhoo,Fire/Wildfire
2793,2598,Man killed in crash in Barrington Hills: A Hoffman Estates man was killed in a single-car crash Wednesday afte... http://t.co/b6NphxOrZg,Accident/Crash
2794,6278,Û÷Good SamaritansÛª shot in horror hijacking http://t.co/V5yUUALoqw #263Chat #Twimbos ZimpapersViews,Other disaster
2795,6535,nflexpertpicks: Michael Floyd's hand injury shouldn't devalue his fantasy stock: Michael Floyd's damaged digits won... Û_,Not a disaster
2796,6828,I WAS PEACEFULLY SITTING IN MY ROOM AND I HEARD THIS LOUD BANG OF SOMETHING FALLING,Other disaster
2797,5202,...American casualties including 400000ÛÒ800000 fatalities and five to ten million Japanese fatalities.' https://t.co/TxzXCNUDr8,Other disaster
2798,6116,Hellfire is surrounded by desires so be careful and donÛªt let your desires control you! #Afterlife #islam,Not a disaster
2799,11253,Rivers overflowed causing widespread flooding in New Orleans.,Flood
2800,9219,Turkish troops killed in Kurdish militant 'suicide attack' http://t.co/nVP6wrKL1E,Violence/Attack/Terrorism
2801,11262,Flooding shut down major roads in Miami today.,Flood
2802,9381,How would you like to be remembered? ÛÓ On how i survived big achievements and what i really am. http://t.co/X7r2LNjsh8,Not a disaster
2803,576,Jewish leaders prayed at the hospital where a Palestinian family is being treated after arson http://t.co/Wf8iTK2KVx via @HuffPostRelig,Other disaster
2804,8327,#Poetry #friendship Lifes Giants - Is life throwing rubble at you ? Are there giants in your mind ? http://t.co/G4wipbG0jx ~LyricalEyes,Not a disaster
2805,10747,#science Now that a piece of wreckage from flight MH370 has been confirmed on RÌ©union Island is it possible t...  http://t.co/uqva3dfbCA,Accident/Crash
2806,6426,@leeranaldo expressing his rage about Hurricane Sandy #LCOutOfDoors http://t.co/IwPR2qGYsI,Storm/Hurricane/Tornado
2807,4792,Family evacuated after weather bomb http://t.co/2A4z8pmvVE,Explosion
2808,2791,@DomeTufnellPark Do you know what the curfew for Havoc Fest is on Sunday please?!,Not a disaster
2809,5428,I just added 'Sandy First Responders Lost Their Homes' to VIP Home Page Group on @Vimeo: https://t.co/lKXi6UXjaQ,Other disaster
2810,10814,Wrecked tired but not gonna be asleep before 3??,Not a disaster
2811,6249,#hot  Funtenna: hijacking computers to send data as sound waves [Black Hat 2015] http://t.co/RaPaDCea1w #prebreak #best,Not a disaster
2812,6654,@MartinMJ22 @YouGov When did a 12 seat majority with 36% of the vote become a landslide?,Other disaster
2813,9428,The legendary dutch producer Dannic is making his way to Denver to bring his progessive house sound to... http://t.co/s3JhXiDslZ,Not a disaster
2814,8800,@_DANGdaddy the sirens are telling you to get ready to TURN UP???????? http://t.co/qAQqrJv9gU,Not a disaster
2815,2432,@tackettdc Like a scene from When Worlds Collide ......,Other disaster
2816,4116,ItÛªs time to do away with drought.Check out how the #cloud #IOT are helping conserve water http://t.co/nnv3zwVANt,Other disaster
2817,3140,Debris confirmed from MH370; relatives hope for discovery of crash site: Malaysian officials confirm a breakth... http://t.co/MGYVGlENKS,Accident/Crash
2818,5021,COOL: @NASA captures 'dark side' of the moon which is never visible from Earth http://t.co/qKP30b4ag2 #EyewitnessWV http://t.co/N3hgJSYVO2,Not a disaster
2819,1758,The fire brigade should play this guys music at burning buildings to put the flames out,Fire/Wildfire
2820,6996,Beach Reads in August #Giveaway Hop &amp; @StuckInBooks is giving away any book in Mayhem series!  http://t.co/Jp3OY0OuXq,Not a disaster
2821,4692,Men escape car engulfed in flames in Parley's Canyon crews investigating cause - http://t.co/zevAn9kJzL http://t.co/UUZFs1L5Kt,Other disaster
2822,5959,Choking Hazard Prompts Recall Of Kraft Cheese Singles http://t.co/XGKyVF9t4f,Not a disaster
2823,4241,Hundreds feared drowned as migrant boat capsizes off Libya http://t.co/pPJi1tCNML,Other disaster
2824,8489,I JUST SCREAMED @toddyrockstar http://t.co/JDtPirnm76,Other disaster
2825,901,@BishoyRagheb fair. Bioterrorism is the way to go. Does that mean my BSc isn't irrelevant?,Violence/Attack/Terrorism
2826,11284,Flooding shut down major roads in Miami today.,Flood
2827,8428,Watch This Airport Get Swallowed Up By A Sandstorm In Under A Minute http://t.co/qr6BtDCqCj,Storm/Hurricane/Tornado
2828,9515,Reading rec today: Faisal Devji's Terrorist in Search of Humanity on extremists using idea ever since the bomb of humanity as single entity,Explosion
2829,4553,"This from The City of Calgary - 

City of Calgary has activated Municipal Emergency Plan

The Municipal Emergency... http://t.co/hA5BoppeJy",Other disaster
2830,5106,Maratha raiders scorched their lands &amp; Punjab refused them food aid during the 1943 famine wonder if Bengalis harbor some 'hard feelings,Other disaster
2831,10534,#California #wildfire destroys more homes but crews advance. http://t.co/2PPzGpxybi http://t.co/dS9khKffwc,Fire/Wildfire
2832,4073,#Myanmar  Displaced #Rohingya at #Sittwe point of no return http://t.co/3S8nhaPVCh  #Prison like conditions #genocide IHHen MSF Refugees,Not a disaster
2833,7509,PODCAST: Oil spill anniversary http://t.co/wVdAVXTDaq,Not a disaster
2834,7504,Refugio oil spill may have been costlier bigger than projected http://t.co/Rqu5Ub8PLF,Other disaster
2835,2787,INFO R. CURFEW IN OPER UNTIL 2030 Z. TAXIWAYS FOXTROT 5 &amp; FOXTROT 6 NAVBL. WND: 060/5. EXP INST APCH. RWY 05. DAMP. TMP: 10. QNH: 1028.,Not a disaster
2836,2224,Emergency crews are on the scene of a chemical spill at Spohn Shoreline. We will have more details as they come to us.,Not a disaster
2837,5720,@hornybigbadwolf -sets the forest on fire-,Fire/Wildfire
2838,2884,#pt Cross-sectarian protest. Powerful Shia cleric says militias must withdraw:'ur fightin ISIS but we wont forget damage uve done to ur ppl,Other disaster
2839,1862,@AdamRubinESPN I know we have been burned just a week ago in a similar spot but getting @MattHarvey33 out o just 88 pitches save some inn,Not a disaster
2840,2097,@reriellechan HE WAS THE LICH KING'S FIRST CASUALTY BLOCK ME BACK I HATE YOU! http://t.co/0Gidg9U45J,Other disaster
2841,3109,#?? #?? #??? #??? MH370: Aircraft debris found on La Reunion is from missing Malaysia Airlines ...  http://t.co/q1GlK8plUD,Other disaster
2842,327,(To Luka) 'They should all die! All of them! Everything annihilated!' - Alois Trancy -,Not a disaster
2843,2981,@MikeParrActor if Ross is dead I shall never watch emmerdale again I'll be that heartbroken ??,Not a disaster
2844,5368,wild night in the village of pugwash every fire truck is out that the town has which is like a fire truck for every house -population:6,Fire/Wildfire
2845,11299,Residents are evacuating due to rising floodwaters in Sydney.,Flood
2846,11059,"A 4.5 earthquake just struck near Houston, shaking buildings.",Earthquake
2847,7492,This beautifully rapturous facade that we've poured life into has itself given birth to a deplorable fate our total obliteration.,Not a disaster
2848,10289,Please allow me to reiterate it's not the weapon it's the mindset of the individual! #professional #help! -LEGION! https://t.co/2lGTZkwMqW,Other disaster
2849,1540,@AaronTheFM guys to scared to show his real name anyway he knows I'll bomb him,Not a disaster
2850,6564,@_keypsters full game? Injury cut is here https://t.co/YYqws4sO9J,Not a disaster
2851,9961,@helene_yancey GodsLove &amp; #thankU my sister Helene for RT of NEW VIDEO http://t.co/cybKsXHF7d The Coming Apocalyptic US Earthquake &amp; Tsunami,Earthquake
2852,7898,WIPP emergency activated because of slightly elevated levels of radiation. #sejorg,Other disaster
2853,11175,Severe flooding has submerged roads in Tokyo.,Flood
2854,584,Mourning notices for stabbing arson victims stir Û÷politics of griefÛª in Israel http://t.co/GbluHRrlto,Other disaster
2855,4733,What if the fire up in the Catalinas gets worse and we have to evacuate the area. Aka no school tomorrow,Fire/Wildfire
2856,3922,DEVASTATED ISNT THE WORD ROSS OUT OF ALL PEOPLE #Emmerdale #SummerFate,Not a disaster
2857,8991,"Gets violently ill and it's obvious
Male coworker(unaware of why): don't get everyone else sick!
Sir you cannot catch this #periodstories",Not a disaster
2858,2817,@XHNews We need these plants in the pacific during the cyclone seasons it would help,Storm/Hurricane/Tornado
2859,1365,@KalinAndMyles @KalinWhite my ig is being blown up just with hackers I need it to stop #givebackkalinwhiteaccount,Not a disaster
2860,10268,#DebateQuestionsWeWantToHear If U start another war would U B willing 2 go 2 the war-zone yourself or send UR sons and/or daughters 2 fight?,Other disaster
2861,2878,@JoeDawg42 TOR for a TOR situation only. Wind damage enhanced wording is key IMO,Other disaster
2862,5847,~ More wicked weather rolls through Calgary and surrounding areas http://t.co/SxwJyR3K3l http://t.co/aEWGlVqReH,Other disaster
2863,8826,sleeping with sirens are so irrelevant,Not a disaster
2864,4233,Jacksonville  family bands together as memorial is planned for  ... http://t.co/tilgurKv7Z,Other disaster
2865,8666,A Sinkhole caved in a Brooklyn Street today on 5th Ave &amp; 64th Street. http://t.co/eUKhLKgGdO,Not a disaster
2866,6892,@billy_hodge Aurora theater shooting trial: Gunman expected notoriety for mass murder and nothing else  http://t.co/1RPCHRu72C,Violence/Attack/Terrorism
2867,3114,How Missing JetÛªs Debris Could Have Floated to RÌ©union - The New York Times http://t.co/pNnUnrnqjA,Other disaster
2868,10819,@marynmck That's beyond adorable. I hope it won't be wrecked now that it's been noticed ...,Not a disaster
2869,4300,Kids Disappear in Dust Storm in Atmospheric Aussie Thriller http://t.co/0MNPCER9nO RT @Newz_Sacramento,Storm/Hurricane/Tornado
2870,1821,I HATE WHEN IM TRYING TO STRAIGHTEN MY HAIR AND MY BROTHER COMES SWOOPING IN BEHIND ME AND SCARES ME I JUST BURNED MY FINGER,Not a disaster
2871,5722,View of smoke column rising above the south end of the Blake Fire along Forest Road 1. #RouteComplex http://t.co/Yqg5Pvw5gX,Fire/Wildfire
2872,10450,PRAYERS FOR MY COUSIN! He's in California helping with the wild fires.,Fire/Wildfire
2873,10096,Striking views of Super Typhoon Soudelor as it tracks toward Taiwan China http://t.co/hsjp6Hoffe,Storm/Hurricane/Tornado
2874,9069,ÛÏ@NewsHour: Investigators rule catastrophic structural failure resulted in 2014 Virgin Galactic crash http://t.co/M8HRetrO31Û,Accident/Crash
2875,3103,Is a wing part enough to solve the MH370 mystery?: http://t.co/ys2bveKlxK,Not a disaster
2876,8414,Who need friends when there's booze and Darude - Sandstorm :D,Not a disaster
2877,1780,Ton of smoke coming out of one of the new apartment buildings at 160 Ross in Auburn. Several fire trucks on scene. http://t.co/AHVYmSQHqC,Fire/Wildfire
2878,9120,16yr old PKK suicide bomber who detonated bomb in Turkey Army trench released http://t.co/mGZslZz1wF,Explosion
2879,5336,This fire is WAY too close wtf is going on ???? http://t.co/drf3mmRbyx,Fire/Wildfire
2880,9358,@Babypicturethis SNACKS SNACKS SNACKS. Snacks is how we survived flights with W&amp;P when they were wee.,Not a disaster
2881,9393,The Cafe Run by Acid Attack Survivors in #India http://t.co/qmiF0bLwOa http://t.co/l6PIf3LpEn,Violence/Attack/Terrorism
2882,10702,the sunset boys wreck my bed   original 1979 usa gimp label  vinyl 7' 45  newave http://t.co/X0QLgwoyMT http://t.co/hQNx8qMeG3,Accident/Crash
2883,962,@DJJOHNBLazE shout out blaze the hottest DJ in the Sothwest,Not a disaster
2884,2127,@BuzzFeed Stannis is not evil in the books GOT is a catastrophe just saying,Not a disaster
2885,82,They sky was ablaze tonight in Los Angeles. I'm expecting IG and FB to be filled with sunset shots if I know my peeps!!,Not a disaster
2886,8880,I get to smoke my shit in peace,Other disaster
2887,8303,China's Stock Market Crash: Are There Gems In The Rubble? http://t.co/7R7ADdVbsX,Accident/Crash
2888,10671,I keep scrolling to find out what he said or did....but there seems to be no exact starting point.  Wounds run deep. : /,Not a disaster
2889,10121,In depth: the new world of work and how young people businesses and economies are coping with huge upheaval http://t.co/0blKwCuPZq via @ft,Not a disaster
2890,7515,"Watch our video of Wendell Berry speaking about the BP oil spill in the Gulf of Mexico.

ItÛªs the birthday... http://t.co/tN1aX1xMBB",Other disaster
2891,5662,"Who is bringing the tornadoes and floods. Who is bringing the climate change. God is after America He is plaguing her
 
#FARRAKHAN #QUOTE",Flood
2892,8764,@Foxy__Siren best wishes boo????????,Not a disaster
2893,9962,I liked a @YouTube video from @team0epiphany http://t.co/kui6Ig2EpZ GTA 5 Mods - NEW TSUNAMI MOD GAMEPLAY! HUGE WAVES SHARK HUNTING,Not a disaster
2894,3023,@KellKane thanks I narrowly averted death that was fun you're right,Other disaster
2895,5612,Cuban leader extends sympathy to Vietnam over flooding at http://t.co/xLq8G6vb2r,Flood
2896,6857,We have different moral systems. Mine rejects the mass murder of innocents yours explicitly endorses such behavior. https://t.co/qadRKEJZ9T,Other disaster
2897,9499,HereÛªs how media in Pakistan covered the capture of terrorist Mohammed Naved http://t.co/3MtWh0jJns,Violence/Attack/Terrorism
2898,3132,What Irony Debris of Flight MH370 found on 'Reunion Island'.,Other disaster
2899,4660,Do you feel engulfed with low self-image? Take the quiz: http://t.co/kcpgAy4FlJ http://t.co/BZqC6JuAix,Not a disaster
2900,5398,Truck catches fire in Warwick: A tree service truck caught fire around 7:15 p.m. on Wednesday in Warwick on In... http://t.co/nAdAvcq9VA,Fire/Wildfire
2901,4477,@philadper2014 They would all get #Electrocuted !!!!!!!!!,Not a disaster
2902,1927,@Louis_Tomlinson incredible? THE CHILDREN WERE SCREAMING BUILDINGS WERE BURNING AND I WAS DANCING IN THE ASHES,Other disaster
2903,10216,Force Factor VOLCANO 120 Capsule Brand New  - Full read by eBay http://t.co/HewutDLDqh http://t.co/8etXXzBdua,Not a disaster
2904,4089,@peterjukes A crime that killed/displaced millions. In which systematic torture was carried out. But look. GrahamWP fired a gun! Arrest him!,Fire/Wildfire
2905,3352,i try n eat healthy but seriously it's like my arms move by themselves n before i know it I've demolished an entire fridge,Not a disaster
2906,7569,Families to sue over Legionnaires: More than 40 families affected by the fatal outbreak of Legionnaires' disea... http://t.co/oJyW7jkUH5,Other disaster
2907,9024,Stretcher in 5 min https://t.co/DIWLBiaHvP,Not a disaster
2908,10139,Diageo's CEO stresses that a board revolt at United Spirits has not impacted Indian operations http://t.co/gfs7UsulgQ,Not a disaster
2909,6906,@AParra210 So you are stereotyping the people. Are you a mass murderer like today's shooter?,Not a disaster
2910,8611,My brain feels like it's vibrating inside my skull. The MRI is going to look like a seismic readout of a faultline during earthquake season.,Earthquake
2911,499,5 Seconds of Summer Is my pick for http://t.co/J6WsePTXgA Fan Army #5SOSFAM http://t.co/qWgIwC9w7Z,Not a disaster
2912,4978,"A Time-Lapse Map of Every Nuclear Explosion Since 1945 - by Isao Hashimoto #War #atomicbomb 
https://t.co/V0t8H4Iecc",Explosion
2913,2596,.@Emily_Noel95 @SterlingKnight @joeylawrence @ABCFmelissajoey that car crash was pretty fun to film  #melissaandjoeychat,Accident/Crash
2914,5890,@leedsrouge Love what you picked! We're playing WORTH IT by FIFTH HARM/KID INK because of you! Listen &amp; Vote: http://t.co/0wrATkA2jL,Other disaster
2915,853,#world FedEx no longer to transport bioterror germs in wake of anthrax lab mishaps  http://t.co/5zDbTktwW7,Not a disaster
2916,6943,@blairmcdougall and when will you be commenting on Ian Taylor's dealings with mass - murderer Arkan?,Other disaster
2917,6495,My baby girls car wreak this afternoon thank God no serious injuries and she was wearing her seatbelt!!!... http://t.co/NJQV45ndS2,Other disaster
2918,1762,"Must get hot in burning buildings

-loses followers- https://t.co/8sP8xLbbDR",Other disaster
2919,5845,@AdriaSimon_: Hailstorm day 2.... #round2 #yyc #yycstorm http://t.co/FqQI8GVLQ4,Storm/Hurricane/Tornado
2920,10200,#calgaryweather  It would be nice if they would fix radar before another violent storm  Uninformed citizens dangerous #YYC #yycweather,Storm/Hurricane/Tornado
2921,9123,16yr old PKK suicide bomber who detonated bomb in Turkey Army trench released http://t.co/n7Yst76ku3,Explosion
2922,9758,@LauraE303B @SheilaGunnReid A war we'll never win? There r 2500 Yezidi women trapped as slaves.We know where they are. Doing nothing is evil,Not a disaster
2923,10593,Richmond police officer wounded suspect killed http://t.co/m9d2ElImZI,Other disaster
2924,559,Mourning notices for stabbing arson victims stir Û÷politics of griefÛª in Israel http://t.co/eug6zHciun,Other disaster
2925,3006,my vibrator shaped vape done busted,Not a disaster
2926,6562,nflweek1picks: Michael Floyd's hand injury shouldn't devalue his fantasy stock: Michael Floyd's damaged digits won... Û_,Not a disaster
2927,10654,Time heals all wounds. And if it doesn't you name them something other than wounds and agree to let them stay. ????,Not a disaster
2928,9424,"RT @SyedIHusain @penelopephoto 
The man who survived Hiroshima: 'I had entered a living hell on earth' http://t.co/qFinwD7ls7",Not a disaster
2929,9114,#Bestnaijamade: 16yr old PKK suicide bomber who detonated bomb in ... http://t.co/KSAwlYuX02 bestnaijamade bestnaijamade bestnaijamade beÛ_,Explosion
2930,881,To fight bioterrorism sir.,Violence/Attack/Terrorism
2931,3128,RÌ©union Debris Is Almost Surely From Flight 370 Officials Say http://t.co/hJ1BX8Bgu1,Not a disaster
2932,6701,Imagine a room with walls that are lava lamps.,Other disaster
2933,10135,For THIS FAN this was 1 upheaval too many! Done with this garbage of a show! @ABCNetwork @shondarhimes @EllenPompeo  https://t.co/hq5TDxKqHB,Not a disaster
2934,319,@jacksfilms #yiayplan well first we strike dreamworks and the minions will be annihilated.,Not a disaster
2935,10520,The Latest: More homes razed by Northern California wildfire - LancasterOnline http://t.co/ph7wllKRfI #Lancaster,Fire/Wildfire
2936,2461,@FarhanKVirk @PTISalarKhan ! Instead of promoting false news first get your facts right . It was a road rage incident . Vehicles collided,Not a disaster
2937,602,mo the way she says 'carry' https://t.co/vQzRUTHRNU,Not a disaster
2938,7199,RaÌ¼l sends a message of condolence to Vietnam following natural disaster http://t.co/bgyTmqJ3OO,Other disaster
2939,4097,For those displaced by disasters label and legal status remain out of reach https://t.co/kJMgTEEklp,Not a disaster
2940,6436,"Militants attack police post in Udhampur; 2 SPOs injured

Suspected militants Thursday  attacked a police post in... http://t.co/1o0j9FCPBi",Violence/Attack/Terrorism
2941,2360,35W Memorial honoring those who died when the bridge collapsed. http://t.co/qIb5fYaLGs,Not a disaster
2942,7,Just got sent this photo from Ruby #Alaska as smoke from #wildfires pours into a school ,Fire/Wildfire
2943,2722,Uribe just crushed that,Not a disaster
2944,6510,Accident with injuries on #NJ36 SB at CR 516/Leonardville Rd http://t.co/2xwIHy2wsg,Accident/Crash
2945,5034,How ÛÏLittle BoyÛ Affected the People In Hiroshima ÛÒ Eyewitness Testimonials http://t.co/mUAnfWcRW9,Other disaster
2946,207,@Mintechan Hihow are you? There is Keio line on the stationright? BTW do you know the airplane accident near Chofu airport this week?,Accident/Crash
2947,10950,Aftershocks continue following the earthquake in San Francisco.,Earthquake
2948,7377,Someone teaching you that obedience will obliterate trials in your life is trying to sell you a used car. Jesus's life blows that theory.,Other disaster
2949,11077,A sudden quake caused damage to structures in Tokyo.,Earthquake
2950,83,How the West was burned: Thousands of wildfires ablaze in #California alone http://t.co/iCSjGZ9tE1 #climate #energy http://t.co/9FxmN0l0Bd,Fire/Wildfire
2951,6333,video says #ISIS Threatens To Kill Croatian Hostage 5oil-worker) If #Egypt Does Not Release Female Prisoners in 48 H http://t.co/GvpKrRdQnu,Violence/Attack/Terrorism
2952,8592,@elephino_ @Thrusta1 no but it's a convenient and seismic shift in 6 months from trying to bury the event and now allegedly 'enhance it,Earthquake
2953,3954,"http://t.co/IQoWZgvZNl #LatestNews #CNBC #CNN

The anniversary of the devastation wrought by the first military use of an atomic weapon cÛ_",Other disaster
2954,3560,Me watching Law &amp; Order (IB: @sauldale305) (Vine by @NaturalExample) https://t.co/tl29LnU44O,Other disaster
2955,4461,South Side factory where worker electrocuted pays $17000 penalty #Columbus http://t.co/nSGWiCYXFT,Not a disaster
2956,11026,Authorities confirmed seismic activity near Bangkok moments ago.,Earthquake
2957,10636,Gunshot wound #9 is in the bicep. The only one of the ten wounds that is not in the chest/torso area.  #KerrickTrial #JonathanFerrell,Other disaster
2958,6250,#hot  Funtenna: hijacking computers to send data as sound waves [Black Hat 2015] http://t.co/ChGipZWxsx #prebreak #best,Not a disaster
2959,10925,A sudden quake caused damage to structures in Auckland.,Earthquake
2960,4079,Historic flooding across Asia leaves hundreds dead millions displaced: http://t.co/4roisyXJlw http://t.co/3R8QoZJt7T,Flood
2961,1330,If you bored as shit don't nobody fuck wit you... But when you busy yo shit get blown up! Smh,Not a disaster
2962,8622,On Thursday at 00:25 we updated our #kml of 2D and 3D #seismic exploration vessels. #offshore #oil http://t.co/btdjGWeKqx,Not a disaster
2963,10257,My new sounds: War Zone https://t.co/hNXRfqRk3P on #SoundCloud,Not a disaster
2964,9104,Pic of 16yr old PKK suicide bomber who detonated bomb in Turkey Army trench released http://t.co/VtVXa0Srmw http://t.co/Qq70Gf99ba,Explosion
2965,9301,So much shit has happened today wtf idk how I survive thruuu it all,Other disaster
2966,7242,What Natural Disaster Are You When You Get Angry? http://t.co/O9DzgZqEMf,Not a disaster
2967,8445,Update: The police seemed like nice enough people. I felt bad when I transformed and they screamed... Don't worry they're only unconscious.,Not a disaster
2968,9596,My mama scared of the thunder ????,Not a disaster
2969,3895,70 years after : Hiroshima and Nagasaki - consequences of a nuclear detonation @ICRC http://t.co/BKh7Z6CWWl,Other disaster
2970,5705,Memphis always floods,Flood
2971,3564,@VacantLDN this may be a peculiar compliment but I would be incapable of doing my research w/out the desolate headspace your music provides,Not a disaster
2972,5788,Hvy rain wind sm hail Tree down on Bluff Ridge Rd. Multiple trees down o on house on South Shades Crest Rd. (Past Lake Drive) @spann,Not a disaster
2973,4594,@KimAcheson @ScottWalker / Emergency Room can not refuse you service &amp; you can do a payment plan.,Not a disaster
2974,10166,Terrifying POV footage captures violent landing from inside a passenger jet during a storm in Amsterdam http://t.co/TyAOYEpelz,Storm/Hurricane/Tornado
2975,10683,Our wounds can so easily turn us into people we don't want to be and we hardly see it happening,Not a disaster
2976,4836,FAAN gives owners of abandoned aircraft evacuation ultimatum http://t.co/zZpojgngAJ via @dailytimesngr. They should probe them too!,Other disaster
2977,3505,Madhya Pradesh Train Derailment: Village Youth Saved Many Lives,Other disaster
2978,4138,California meets drought-fueled fire season with extra crews.. Related Articles: http://t.co/rKDzB0TGC3,Fire/Wildfire
2979,7971,#News : The Latest: More Homes Razed by Northern California Wildfire - New York Times http://t.co/5kBRZZmf8c #TAFS #FB100%,Fire/Wildfire
2980,10943,The earthquake in San Francisco caused power outages and road damage.,Earthquake
2981,6356,Sinjar Massacre Yazidis Blast Lack of Action Over Hostages http://t.co/q4Q8XsYZOB,Explosion
2982,4205,the future of america #GamerGate http://t.co/UhF7NyAbSw,Not a disaster
2983,8467, #OTRAMETLIFE ' I SWEAR TO GOD I DIDNT EVEN READ IT PROPERLY AND I THOUGH IT SAID 'OMLETTE LIFE' AND SCREAMED. I NEED TO SLEEP OMFG. BYE.,Not a disaster
2984,4815,my school is so fucking dumb they just set off the evacuation sirens on accident,Accident/Crash
2985,4490,Watching a man electrocuted on the roof of #mumbailocals is definitely a lesson.. People please learn!! #lessonforlife #marinelines #mumbai,Other disaster
2986,5454,At the #999day Emergency Services display! Meeting the brave police firefighters and first responders that help keep us safe! ????????,Fire/Wildfire
2987,4625,Can you recommend anyone for this #job? RN Emergency Services Full Time 3p - 3\:30a Rose de Lima Campus - http://t.co/xQrLEWiA4x #Hiring,Not a disaster
2988,3725,Flood: Two people dead 60 houses destroyed in Kaduna: Two people have been reportedly killed an... http://t.co/kEE1tyTZ15 #SemasirTalks,Flood
2989,8272,@foxandfriends where is protest looting and rioting that is for ignorant people,Not a disaster
2990,8076,@wcvh01 @1233newcastle @aaronkearneyaus @LesMcKeownUK  PS I notice you are a vet?? I rescue kitties ?? .thank you for your service ??????????,Not a disaster
2991,4712,CHICAGO (AP) ÛÓ Organizers of Lollapalooza say they are reopening the music festival after the threat of a storm prompted them to evacuate,Storm/Hurricane/Tornado
2992,8081,Tell the United Nations: Plantations are NOT forests! https://t.co/cic7h64Qv8 via @RainforestResq,Not a disaster
2993,4973,ITS A TIE DYE EXPLOSION ON IG HELP ME. IM DROWNING IN TIE DYE,Explosion
2994,6772,Heavy rain gusty winds and vivid lightning moving east through the Triad now. http://t.co/JMu5uyamdu,Other disaster
2995,5369,#Irvine #SigAlert update: 133 S now closed at Irvine Blvd. 133 N closed past the 5 b/c of trash truck fire. @KNX1070,Fire/Wildfire
2996,6284,#hot  Funtenna: hijacking computers to send data as sound waves [Black Hat 2015] http://t.co/wG1rt0kB4g #prebreak #best,Not a disaster
2997,8177,VIDEO: 'We're picking up bodies from water': Rescuers are searching for hundreds of migrants in the Mediterran... http://t.co/PsPm3ahGKQ,Other disaster
2998,7960,The Latest: More Homes Razed by Northern California Wildfire - ABC News http://t.co/AKnBtuyaef,Fire/Wildfire
2999,3442,BCC: Premature interest rates increases could derail the recovery: Commentating on todayÛªs interest rate decis... http://t.co/aftpebIkbO,Not a disaster
3000,10205,2012#Shell's 250-foot-tall drilling rig broke loose from a towline&amp;drifted out of control during violent winter storm #incompetent #shellno,Storm/Hurricane/Tornado
3001,8002,The Latest: More homes razed by Northern California wildfire - http://t.co/R1CNSjUAYQ http://t.co/DQ1yLcrF9K,Fire/Wildfire
3002,1595,On 1st August #Turkish jets bombed the village Zergele in Qendil and killed 8 civilians and 15 others wounded,Explosion
3003,3946,Ooh the girl that won actually is meeting the boys im devastated ?????? but congrats to the winner!!! #OTRABaltimore,Not a disaster
3004,2543,Solano SR37 / Skaggs Island Rd **Trfc Collision-1141 Enrt** http://t.co/MylIeRUXK1,Accident/Crash
3005,10615,@wocowae Police Officer Wounded Suspect Dead After Exchanging Shots http://t.co/oiOeCbsh1f ushed,Other disaster
3006,10167,[WP] You work on the top floor of a hotel when suddendly a violent storm comes the news proclaims your city in a Û_ http://t.co/S6Rc7dbAL1,Storm/Hurricane/Tornado
3007,8554,screams into void? https://t.co/XRlzvFeiLH,Not a disaster
3008,2958,my last retweet i hope i drop dead,Not a disaster
3009,4679,Why tf did I decide to workout today? My body feels like it's been engulfed by a mass of fiery disdain.,Not a disaster
3010,9449,"Truth...
https://t.co/nXS3Z1kxiD
#News
#BBC
#CNN
#Islam
#Truth
#god
#ISIS
#terrorism
#Quran
#Lies http://t.co/UDKMAdKuzY",Violence/Attack/Terrorism
3011,10754,Wreckage 'Conclusively Confirmed' as From MH370: Malaysia PM,Accident/Crash
3012,5113,11-Year-Old Boy Charged With Manslaughter of Toddler: Report: An 11-year-old boy has been charged with manslaughter over the fatal sh...,Other disaster
3013,3651,@Adz77 You spelled Ronda wrong last night and then again today ;) @RondaRousey she'll destroy you.,Not a disaster
3014,2249,Emergency services called to Bacup after 'strong' chemical smells http://t.co/hJJ7EFTJ7O,Not a disaster
3015,11239,Severe flooding has submerged roads in Auckland.,Flood
3016,47,@sunkxssedharry will you wear shorts for race ablaze ?,Not a disaster
3017,8198,Stuart Broad Takes Eight Before Joe Root Runs Riot Against Aussies: Stuart Broad took career-best figures of 8... http://t.co/2UmwMG7lvN,Not a disaster
3018,2856,I liked a @YouTube video http://t.co/tBX8cAKdrw GTA 5 Online - COLLATERAL DAMAGE! (GTA V Online PC),Not a disaster
3019,10103,Obama Declares Disaster for Typhoon-Devastated Saipan: Obama signs disaster declaration for Northern Marians a... http://t.co/a1MoeJxqyA,Storm/Hurricane/Tornado
3020,11310,Severe flooding has submerged roads in Jakarta.,Flood
3021,10772,Wreckage 'Conclusively Confirmed' as From MH370: Malaysia PM: Investigators and the families of those who were... http://t.co/2Jr3Yo55dr,Accident/Crash
3022,5667,Pasco officials impressed by drone video showing floods: Drone videos have given an up-close view of flooded areasÛ_ http://t.co/PrUunEDids,Flood
3023,8569,Oh no!  @ATPWorldTour is letting one of their players scream!  Turning @CitiOpen off. Can't listen to the screams,Not a disaster
3024,3449,@PumpkinMari_Bot lemme just derail this real quivk to say. HELL DAMN F,Not a disaster
3025,2780,@ScotRail i be seen them turn a blind eye to a bloke drinking and smoking on during the curfew time cos'its not worth the hassle,Other disaster
3026,1997,@jiminswang i was about 2 say bush fires in aus but the reason is hot,Fire/Wildfire
3027,2558,Mom fights to recover in hospital from fiery car crash while kids miss her at home - http://t.co/0UH26R2zfX,Accident/Crash
3028,10717,I'm an emotional wreck someone hold me until they upload the damn video #whatstheimportantvideo,Accident/Crash
3029,4766,Powerlines down over tram on GC Highway. Passengers have just been evacuated @9NewsBrisbane @9NewsGoldCoast http://t.co/KD3Qsakbi5,Other disaster
3030,11190,Emergency services are responding to flood damage in Bangkok.,Flood
3031,9735,If our love is tragedy why are you my remedyyyy,Not a disaster
3032,3020,Microsoft Xbox 360 console RRoD red ring of death AS IS FOR PARTS OR REPAIR - Full read byÛ_ http://t.co/IpQCCT5hGC http://t.co/oofPEfRh3r,Not a disaster
3033,11197,Flooding shut down major roads in Auckland today.,Flood
3034,6046,Yeah it actually is this whole week we in a heat wave :( https://t.co/cB2NWtGy47,Not a disaster
3035,6124,Come watch @QelricDK bash some face in Hellfire Citadel! http://t.co/juQIuN2mhg,Fire/Wildfire
3036,2248,Emergency 4 Harbor City Mod v4.5.2 #6 Chemical Fire in Residential Area!: http://t.co/uLuPxYzJwV via @YouTube,Fire/Wildfire
3037,2399,@xDescry I was wrong to call it trusty actually.. considering it spontaneously collapsed on me that's not very trusty.,Other disaster
3038,5824,Central Mass. fruit trees escape heavy damage after wind hail http://t.co/VbFfodtP6M,Other disaster
3039,9477,"?? Iran largest sponsor of terrorism
?? If #IranDeal goes thru US gives $150 Billion

?? FACT: US will become largest supporter of terrorism",Violence/Attack/Terrorism
3040,4855,Evacuation order lifted for town of Roosevelt - Washington Times http://t.co/Kue48Nmjxh,Not a disaster
3041,1122,Did anyone else see that fireball falling to earth? Look like a plane blew up.,Fire/Wildfire
3042,6804,Ercjmnea: Breaking news! Unconfirmed! I just heard a loud bang nearby. in what appears to be a blast of wind from my neighbour's ass.,Not a disaster
3043,4404,Wish I didn't just electrocute myself 4 times in 30 seconds ??,Not a disaster
3044,7705,Need stop panicking when I'm driving and people are behind me who I know ???? always stall ??,Not a disaster
3045,7859,Alabama Home Quarantined Over Possible EbolaåÊCase http://t.co/cGKy5rw9cw,Not a disaster
3046,532,One Direction Is my pick for http://t.co/q2eBlOKeVE Fan Army #Directioners http://t.co/eNCmhz6y34 x1435,Not a disaster
3047,10026,Playing twister with a broken arm wasn't the smartest decision I've made recentlu,Not a disaster
3048,5724,IT STARTS A FOREST FIRE THAT CANNOT BE PUT OUT. http://t.co/3STfmN26r9,Fire/Wildfire
3049,10667,Woodlawn Shooting Wounds 79-Year-Old Woman Teen - Woodlawn - http://t.co/nu3XXn55vS Chicago http://t.co/XNGrfNQSx3,Violence/Attack/Terrorism
3050,5673,there's this person &amp; they reckon when you're dying your brain floods with dmt causing you to relive your life in real time in a simulation,Not a disaster
3051,7936,Nigeria: Rainstorm Destroys 600 Houses in Yobe State: [Daily Trust] Damaturu -Over 600Û_ http://t.co/BBQnK76qUS,Storm/Hurricane/Tornado
3052,1358,@DodgersNation he was due to get blown up at least this is still a winnable game.,Not a disaster
3053,3572,I totally agree. They rape kill destroy and leave land desolate. Action needs to happen before the swarm swells. https://t.co/Twcds433YI,Other disaster
3054,196,Experts in France begin examining airplane debris found on Reunion Island: French air accident experts o... http://t.co/YVVPznZmXg #news,Accident/Crash
3055,6814,Nearly had a heart attack just now; loud bang against window next to meÛ_turns out it was two birds flying into the glass.,Violence/Attack/Terrorism
3056,9401,Patient-reported outcomes in long-term survivors of metastatic colorectal cancer - British Journal of Surgery http://t.co/5Yl4DC1Tqt,Other disaster
3057,6044,Never really seen olive leaf extract to help with a rash but good luck! @IngeScott humid heat wave and flared up. I take olive oli extract,Not a disaster
3058,4220,Visting Georgina at The Drowned Rat Cafe.....awful view!! http://t.co/pYLFb3tI9U,Other disaster
3059,1748,Port Coquitlam fire burning several businesses http://t.co/Q5FzYLBvTk,Fire/Wildfire
3060,11078,Emergency crews are responding after an earthquake rattled Tokyo.,Earthquake
3061,1810,MaFireEMS: RT WMUR9: Two buildings involved in fire on 2nd Street in #Manchester. WMUR9  http://t.co/QUFwXRJIql via KCarosaWMUR,Fire/Wildfire
3062,2813,"A new tropical cyclone is forming near Guam.

Once it is formed it will be called 'Molave'.",Storm/Hurricane/Tornado
3063,1687,Two giant cranes holding a bridge collapse into nearby homes http://t.co/OQpsvrGbJc,Other disaster
3064,5940,"Whoever got compared with Hazard faded away one by one. 
Kagawa 
Januzaj 
Di Maria 
Who's next?",Not a disaster
3065,8232,To All The Meat-Loving Feminists Of The World Riot Grill Has Arrived http://t.co/SkAAUSjpO4 OliviaMiles01,Not a disaster
3066,10312,#AskConnor there's a zombie apocalypse. the item to your right is your weapon. you're either screwed or you're gonna live.,Not a disaster
3067,950,Port Coquitlam fire crews say an electric towel warmer started the four alarm blaze last week that destroyed several businesses.,Fire/Wildfire
3068,9416,Breaking news: Haunting memories drawn by survivors http://t.co/PCjBvrs7xw,Other disaster
3069,1574,"Oops.
H bomb lost 70 miles off the Okinawan coast.
Fell off the ship 1965.
http://t.co/yVsJyzwxJR",Explosion
3070,4394,#SISMO ML 2.0 SICILY ITALY http://t.co/vsWivoDCkL,Not a disaster
3071,908,HST's Anthony Kimery Discusses #BioTerrorism on @Syfy Channel's 'Joe Rogan Questions Everything' #Pathogen #Virus http://t.co/0FDsc3f2IW,Violence/Attack/Terrorism
3072,8423,Watch This Airport Get Swallowed Up By A Sandstorm In Under A Minute http://t.co/xSZicdWxq0,Storm/Hurricane/Tornado
3073,1968,I Pledge Allegiance To The P.O.P.E. And The Burning Buildings of Epic City. ??????,Other disaster
3074,10990,The earthquake in Jakarta caused power outages and road damage.,Earthquake
3075,9695,Weak but distinct rotation fully condenses near Villa Ridge MO today near MCV center.  A 'sub-tornado?' Video: https://t.co/Fd9DzspuGk,Storm/Hurricane/Tornado
3076,3968,70 Years After Atomic Bombs Japan Still Struggles With War Past: The anniversary of the devastation wrought b... http://t.co/1erd2FPryP,Explosion
3077,769,@Avalanche need anyone to carry your bag? ??,Not a disaster
3078,10172,Storm batters Auckland and Northland: A violent overnight storm has battered Auckland and Northland uprooting... http://t.co/enrPGRgtTs,Storm/Hurricane/Tornado
3079,8018,wowo--=== 12000 Nigerian refugees repatriated from Cameroon,Other disaster
3080,3391,"Kaduna Begins Demolition Of Buildings On Govt School Lands
http://t.co/77cIWXABVAÛ_t-school-lands/",Other disaster
3081,8951,Well this storm hit out of no where! ??,Storm/Hurricane/Tornado
3082,5505,Maryland mansion fire that killed 6 caused by damaged plug under Christmas tree report says - Into the flames... http://t.co/lKJFabQzb3,Fire/Wildfire
3083,6791,Lightning http://t.co/9DQhdEi357,Not a disaster
3084,8147,VIDEO: 'We're picking up bodies from water' - Rescuers are searching for hundreds of migrants in the Mediterranean... http://t.co/yhQU5UV6Ok,Other disaster
3085,3562,"We've become desolate 
Its not enough it never is.",Not a disaster
3086,7603,@J3Lyon I'm going to put the FFVII ones out at the weekend so I think Pandemonium! (Don't forget the exclamation mark) would be midweek.,Not a disaster
3087,8478,I have never screamed so loud https://t.co/PC3h1NE4G0,Not a disaster
3088,10623,Police Officer Wounded Suspect Dead After Exchanging Shots,Other disaster
3089,2562,No citation for Billings police officer who caused Broadwater crash http://t.co/aAhYoEITzl http://t.co/ULZ3ubQV5z,Accident/Crash
3090,2376,I just collapsed in my bed ugh I'm exhausted,Not a disaster
3091,5563,JKL cancels Flash Flood Warning for Bell Harlan Knox [KY]  http://t.co/4rY6zhcPOQ #WX,Flood
3092,706,I cant believe a fucking cis female is going to somehow claim to be offended over a transgendered female who's been attacked by media,Not a disaster
3093,5712,BE CAREFUL anyone who lives west of Beaverton. Forest Grove has a rapidly spreading fire heading east,Fire/Wildfire
3094,3332,"@ILoveNuiHarime More than that.
Demolished.",Not a disaster
3095,6702,The sunset looked like an erupting volcano .... My initial thought was the Pixar short Lava http://t.co/g4sChqFEsT,Other disaster
3096,3880,Ignition Knock (Detonation) Sensor-Senso fits 90-96 Subaru Legacy 2.2L-H4 http://t.co/pcCksm1tVM http://t.co/yWzngj7uow,Not a disaster
3097,2841,1970 Mercury Cyclone GT Quarter Panel D/S Rear Trim Moulding Cobra Jet 429CJ http://t.co/wqUL8pG5Px http://t.co/4ykXt3kd62,Storm/Hurricane/Tornado
3098,9085,"Jet fuel cant melt steel'
'The structural failure is illogical'
'The second plane crashing into the building is fake'
'It was a bomb",Explosion
3099,4613,Call for Tasmania's emergency services to be trained in horse rescues http://t.co/zVQwLpScSC,Not a disaster
3100,10251,Zone of the Enders MGS2 God of War. RT @D_PageXXI: Quote this with your favorite PS2 game,Not a disaster
3101,9234,@61_alvin @Craigyb74 @nomar4eva @Shahasda80 @wherepond @trensabby @parallelpond the wall Israel erected has stopped suicide bombing?,Explosion
3102,8286,"people rioting everywhere and I think I'd be one of them.'

Usami-san &lt;3",Other disaster
3103,9974,It's my senior year I just wanna go all out,Not a disaster
3104,9778,#entertainment Hollywood movie about trapped miners released in Chile: SANTIAGO Chile (AP) ÛÓ The Hollyw... http://t.co/C22ecVl4Hw #news,Not a disaster
3105,3532,Mumbai24x7 Helping Hand: In Mumbai 2 TTEs take charge of helpline to calm anxious relatives - The Ind... http://t.co/tUARYIJpqU #Mumbai,Other disaster
3106,6292,Egyptian Militants Tied to ISIS Threaten to Kill Croatian Hostage (New York Times) http://t.co/GTXndnJRrl (1717 GMT),Violence/Attack/Terrorism
3107,11119,Emergency crews are responding after an earthquake rattled Toronto.,Earthquake
3108,2346,Warne shocked over Australia's epic collapse at Trent Bridge: Johannesburg Aug 06 (ANI): Legendary Australian... http://t.co/LwwoJXtTIV,Other disaster
3109,55,INEC Office in Abia Set Ablaze - http://t.co/3ImaomknnA,Other disaster
3110,5567,A [small] flood with bigåÊconsequences https://t.co/CVPdVHxd1R http://t.co/FDMXP4FcMo,Flood
3111,4378,Contruction upgrading ferries to earthquake standards in Vashon Mukilteo: The upgrades will bring the vulnera... http://t.co/Au5jWGT0ar,Earthquake
3112,2840,raleigh cyclone 15 gear mountain bike 26'': http://t.co/4LpPmad80G #sportinggoods http://t.co/lleFHhggrL,Storm/Hurricane/Tornado
3113,3466,The crocodile tears don't wash with me she's more upset that the gravy train has been derailed #kidscompany http://t.co/BCPmVylSih,Other disaster
3114,9775,(?EudryLantiqua?) Hollywood Movie About Trapped Miners Released in Chile: 'The 33' Holly... http://t.co/us1DMdXZVb (?EudryLantiqua?),Other disaster
3115,5312,Why is it that my pinky feels like it's lit on fire ? #freaky,Fire/Wildfire
3116,9407,Aya KanoÛªs family has taken two nuclear hits: First #Hiroshima. Then #Fukushima. http://t.co/kcx9w2EJ8A http://t.co/aC50jw3Xmw,Not a disaster
3117,5006,I liked a @YouTube video from @theblacklink http://t.co/Ac8P9HJH2q Game Informer Taken King News Explosion Part 1! | Destiny PS4 |,Explosion
3118,9295,@ASOLIDRIGHTHOOK omg I remember that?? she just didn't give a shit yet somehow she managed to survive Idek how,Not a disaster
3119,5926,Politicians are using false allegations to attack #PlannedParenthood &amp; harm women. We aren't fooled we #StandwithPP http://t.co/bIE5pfR2Ac,Violence/Attack/Terrorism
3120,728,@eunice_njoki aiii she needs to chill and answer calmly its not like she's being attacked,Not a disaster
3121,10954,Emergency crews are responding after an earthquake rattled Mexico City.,Earthquake
3122,1768,Witness video shows car explode behind burning buildings on 2nd St this afternoon #Manchester  http://t.co/cgmJlSEYLo via @MikeCroninWMUR,Other disaster
3123,3320,Man Cam just demolished his plate. His ass was hungry,Not a disaster
3124,2614,#UK Bin Laden family plane crashed after 'avoiding microlight and landing too far down runway': Three members ... http://t.co/fQj0SqU3lG,Accident/Crash
3125,2522,Traffic Collision - Ambulance Enroute: Florin Rd at Franklin Blvd South Sac http://t.co/dYEl9nMQ0A,Accident/Crash
3126,10078,Typhoon Soudelor heads for Taiwan http://t.co/Pg0BhL6FQC #wtf #news #tv #fun #funny,Storm/Hurricane/Tornado
3127,1137,Help fight Northern Corn Leaf Blight with Headline Amp https://t.co/LVoqPgkLI7,Not a disaster
3128,3758,Fall back this first break homebuyer miscalculation that could destruction thousands: MwjCdk,Not a disaster
3129,5045,Dutch crane collapses demolishes houses: Dramatic eyewitness video captures the moment a Dutch crane hoisting...  http://t.co/8PpZNGYAqE,Not a disaster
3130,4063,At least 180 dead a million displaced in India floods - India | ReliefWeb http://t.co/0abgFgLH7X,Flood
3131,2018,American Weapons and Support Are Fueling a Bloody Air War in Yemen http://t.co/ZBLU4xXo44,Not a disaster
3132,7259,truthfrequencyradio Third of US West Coast Children Hit with Problems Following Fukushima NUCLEAR DISASTER: FU... http://t.co/7ktvkW3sS0,Not a disaster
3133,2473,@imaginator1dx currently reading after. as you can see after we collided is on my dresser waiting to get read http://t.co/QwrASZ6LHO,Not a disaster
3134,1806,"There are multiple buildings on fire In Downtown Hinton OK.
The fire is threatening to level the entire block! #8NN https://t.co/GXDKLhxU22",Fire/Wildfire
3135,10928,Aftershocks continue following the earthquake in Mexico City.,Earthquake
3136,3904,@UN No more #GujaratRiot &amp; #MumbaiRiot92-93 which devastated 1000&amp;1000 Indianperpetrated by #Modi &amp; #ChawalChorbjp @UN_Women  @UNNewsTeam,Other disaster
3137,2967,???????? this the dead ass truth you pay for shit you not gone use  https://t.co/iW1sDopMvR,Not a disaster
3138,10917,A shallow earthquake has been detected in San Francisco.,Earthquake
3139,8161,VIDEO: 'We're picking up bodies from water': Rescuers are searching for hundreds of migrants in the Mediterran... http://t.co/zG1YddywA5,Other disaster
3140,9144,Six people were killed Thursday when a Taliban suicide bomber detonated an explosives-rigged truck outside a police compound in eastern,Explosion
3141,834,FedEx no longer to transport bioterror germs in wake of anthrax lab mishaps http://t.co/HQsU8LWltH via @usatoday,Violence/Attack/Terrorism
3142,5761,Worth the read --&gt; As California fires rage the Forest Service sounds the alarm about sharply rising wildfire costs http://t.co/2LZtOMsAUz,Fire/Wildfire
3143,10311,"No more war.People need no any weapon.
We need the world of peace. https://t.co/DhRvYtjlFL",Not a disaster
3144,9442,"Cross-border terrorism: Pakistan caught red-handed again
http://t.co/FfbnLuiy0f via@timesofindia",Violence/Attack/Terrorism
3145,9074,Investigators have said a Virgin Galactic spaceship crash was caused by structural failure after the co-pilot ... http://t.co/WC69XAJIs4,Accident/Crash
3146,5417,Loved the way this book was written to include so many vantage points of First Responders @DetKenLang #kindle http://t.co/KcRnMJKJ73,Not a disaster
3147,253,Twelve feared killed in Pakistani air ambulance helicopter crash http://t.co/Xum8YLcb4Q,Accident/Crash
3148,8606,Exploration takes seismic shift in #Gabon to #Somalia http://t.co/kLtIt88AS3,Earthquake
3149,447,#PBBan (Temporary:300) Russaky89 @'aRmageddon | DO NOT KILL | FLAGS ONLY | Fast XP' for Reason,Not a disaster
3150,598,@_301DC @Cloudy_goldrush i hate white people mo,Other disaster
3151,2,"Heard about #earthquake is different cities, stay safe everyone.",Earthquake
3152,10619,Suspected Salvadoran gang members killed four people and wounded seven more on Wednesday in an attack on a bus as it travelled down a ruralÛ_,Violence/Attack/Terrorism
3153,8204,http://t.co/cxB55H37jn Rascal Flatts Riot Tour Atlantic City Beach Concert-August 20 2015-2 Tickets http://t.co/H6tyYSGR30,Not a disaster
3154,4277,I have the experience performing cpr on a actual drowning victim.,Not a disaster
3155,6747,I lava you ??,Not a disaster
3156,2314,Interview on The Collapse of Materialism Best #TalkRadio Listen Live: http://t.co/sDXZHjco0X,Other disaster
3157,9111,#GRupdates Pic of 16yr old PKK suicide bomber who detonated bomb in Turkey Army trench released --&gt;... http://t.co/hUCyI6NRbB,Explosion
3158,10347,Helpful Tips For Nuking An Asteroid http://t.co/GwRsga9uJV,Not a disaster
3159,749,Car Receiving tube Installation for Avalanche Sound Output HHw,Not a disaster
3160,8760,Apparently they're going to have a WW2 siren to announce something. Not sure if that's fun or dull bc the WW2 siren is a v monotonous sound.,Not a disaster
3161,143,only had a car for not even a week and got in a fucking car accident .. Mfs can't fucking drive .,Accident/Crash
3162,129,RT nAAYf: First accident in years. Turning onto Chandanee Magu from near MMA. Taxi rammed into me while I was halfway turned. Everyone confÛ_,Accident/Crash
3163,7445,Why did God order obliteration of ancient Canaanites? | Bible scholars say dire warnings lie hidden in ancient text http://t.co/waC5K25gBC,Not a disaster
3164,9684,Still can't get over the thunderstorm/tornado we were woken up to yesterday. Half the street is still in the dark! http://t.co/Y8h5v1j2y7,Storm/Hurricane/Tornado
3165,6958,3 Years After the Sikh Temple Massacre Hate-Violence Prevention Is Key | Colorlines http://t.co/iJoORKaGyj,Not a disaster
3166,1678,"Project Syndicate: A Marshall Plan for the United States: 
http://t.co/lz8xmyi75x",Not a disaster
3167,4602,Sustainability Task Force Presents Levy to Fund Emergency Services - WDTV http://t.co/2FiBE2HAXC,Other disaster
3168,8828,@salem_police ok so no sirens but a speaker system for chip music for a food cart should be fine with underskirt lighting?,Not a disaster
3169,1933,My man runs into burning buildings for a living but is scared to hit up a girl. I don't get it.,Not a disaster
3170,4371,@GreenLacey GodsLove &amp; #thankU my sister for RT of NEW VIDEO http://t.co/cybKsXHF7d The Coming Apocalyptic US Earthquake &amp; Tsunami,Earthquake
3171,9750,Rly tragedy in MP: Some live to recount horror: ÛÏWhen I saw coaches of my train plunging into water I called my daughters and said t...,Other disaster
3172,4491,"Worked in factory pressing designs onto T-shirts was electrocuted 
d/t faulty ground. Boss docked my pay while I was at ER #WorstSummerJob",Other disaster
3173,6777,World War II book LIGHTNING JOE An Autobiography by General J. Lawton Collins http://t.co/ihxkforg4I http://t.co/jD6lcRuOHA,Not a disaster
3174,6276,#hot  Funtenna: hijacking computers to send data as sound waves [Black Hat 2015] http://t.co/xV3D9bPjHi #prebreak #best,Other disaster
3175,6932,Another White mass murderer. Thank God I live in California.  https://t.co/4COg0OTiWn,Other disaster
3176,3097,Since 1940 the year Angela Sanders was born roundhouse kick related deaths have increased 13000 percent.,Other disaster
3177,206,A girl who died in an airplane accident fifteen years ago,Accident/Crash
3178,6161,Swansea ?plot hijack transfer move for Southampton target Virgil van Dijk? http://t.co/UOq87SP5JP,Not a disaster
3179,1799,Fire hazard associated with installation of non-compliant external cladding on high-rise buildings - Insurance - Aust http://t.co/wFsEaOBATo,Not a disaster
3180,867,USATODAY: On today's #frontpage: #Bioterror lab faced secret sanctions. #RickPerry doesn't make the cut for FoxNewÛ_ http://t.co/5uKOHk7SoB,Violence/Attack/Terrorism
3181,3617,Wow! I just won this for free The Hobbit: Desolation of Smaug UV digital download code *GIN 9 http://t.co/MjFdCrjs8j #listia,Not a disaster
3182,3601,I liked a @YouTube video from @iglxenix http://t.co/dcxjIJtyYJ Desolation PvP: Beacon Blast Bombardment 3 (Minecraft Xbox One),Explosion
3183,740,Christian Attacked by Muslims at the Temple Mount after Waving Israeli Flag via Pamela Geller - ... http://t.co/e4wK8Uri8A,Violence/Attack/Terrorism
3184,2079,Georgian wines have become a casualty in Russia's political campaign against the Ukraine: http://t.co/wCo724AmPl,Not a disaster
3185,2422,PIERCE THE VEIL Rubber Bracelet Wristband Collide with the Sky - Full read by eBay http://t.co/6QC8whdiZY http://t.co/ineZZAES5D,Not a disaster
3186,7556,Legionnaires' Disease: What's Being Done to Stop Deadly Outbreak' http://t.co/FftOKd0Vts #????_?????,Other disaster
3187,9213,@PieroCastellano @nipped suicide bombing civilians in major TR cities yet?,Explosion
3188,3612,The Hobbit: The Desolation of Smaug (#dvd 2014 2-Disc Set Digital Copy) http://t.co/000siJjL3t http://t.co/JlUJsHCvoA,Not a disaster
3189,4280,The Drowning Girl by Caitlin R. Kiernan Centipede Press Signed numbered Limited - Full reÛ_ http://t.co/2zJcfAzs2N http://t.co/jAAvvwDOZ6,Not a disaster
3190,4188,When I genuinely like someone I REALLYYY like them and I have to hold back or else I'll drown them with affection and attention ??,Not a disaster
3191,7440,The day Hiroshima through the eyes of the bomber crew and survivors http://t.co/AYEWJ8marn via @MailOnline,Explosion
3192,224,Horrible Accident Man Died In Wings of Airplane (29-07-2015) http://t.co/hG8u2kR1Rq,Accident/Crash
3193,11167,Flash floods swept through Tokyo after heavy rainfall.,Flood
3194,10318,Even if u have your weapon and your badge we gonna put them choppas on your ass????,Other disaster
3195,4419,I feel like I would actually electrocute myself if I tried this  https://t.co/FgKpYTiKtI,Not a disaster
3196,11260,People are stranded after sudden flooding hit Istanbul.,Flood
3197,9509,@rahulkanwal why  Jammu is soft target for terrorist,Violence/Attack/Terrorism
3198,2928,@mlp_Delrim Please tell my why they might be in danger if they knew what you knew?,Not a disaster
3199,4963,Hp lto-5 lump together warehouse information explosion is more than one divestment able: PMngiqy,Explosion
3200,6922,So wait he really not gonna tell his wife that he is a mass murderer now and a cheat #derailed @itv2...I'm done with this film ????,Not a disaster
3201,5780,U.S. Forest Service says spending more than half of budget on fires: By Ian SimpsonÛ_ http://t.co/UyYYrKd6q3,Fire/Wildfire
3202,6136,"APC needs to watch all these PDP defecting to APC 

Patience Jonathan On The Move To Hijack APC In Bayelsa State http://t.co/zzMwIebuci",Not a disaster
3203,11208,Boats are being used for rescues in flooded areas of Berlin.,Flood
3204,1201,My mic and controllers aren't working one second,Not a disaster
3205,7263,3 former executives to be prosecuted in Fukushima nuclear disaster http://t.co/uNTyEVXR4v,Not a disaster
3206,3405,Don't let #WMATA #Metro derail your day! Get a text every morn when you wake up with the best route to work: http://t.co/uhl0aKfvSm #sms,Not a disaster
3207,4962,EE recalls Power Bar phone chargers after explosion burns woman ÛÒ The Register http://t.co/lhTvKcoISo,Explosion
3208,1906,The Arab autocracies: Burning down their house http://t.co/xcjRamGQ22 via @TheEconomist,Not a disaster
3209,2388,Great British Bake Off's back and Dorret's chocolate gateau collapsed - JAN MOIR http://t.co/2SgDOFsmrQ http://t.co/xLEgC6UorA,Other disaster
3210,11178,Residents are evacuating due to rising floodwaters in Toronto.,Flood
3211,2848,"#LocalEventCountdown:
8. Curtain opens on The Black Cyclone in Shelby tickets &amp; info: http://t.co/v7dCz5DJDj #rstoday",Storm/Hurricane/Tornado
3212,11100,The ground shook violently during an earthquake in Manila.,Earthquake
3213,5576,And please don't flood poor @RobertBEnglund's mentions. He's put in his work!,Flood
3214,5730,We are having forest fires out here in #socal but the only fire you should watch for is @YBTheProphet #RealHiphop https://t.co/ZPSnX5iYAJ,Fire/Wildfire
3215,3936,@argentings WE COULD HAVE HAD IT AAAAAAALLLL IÛªm not even on that season and IÛªm devastated,Other disaster
3216,1925,the mv should just be them strutting like they mean it while buildings are burning up in the bg and flames everywhere how cool would that be,Other disaster
3217,8405,Watch This Airport Get Swallowed Up By A Sandstorm In Under A Minute http://t.co/7IJlZ6BcSP,Storm/Hurricane/Tornado
3218,5378,Our garbage truck really caught on fire lmfao.,Not a disaster
3219,2367,1 hour parade like 50 people collapsed. #OneHeartOneMindOneCSS,Other disaster
3220,3709,(SJ GIST): 148 Houses Farm Produce Destroyed By Flood In Sokoto: About 148 houses were on Saturday destroyed ... http://t.co/vqU1Y31hKU,Flood
3221,837,.@APHL responds: FedEx no longer to transport bioterror germs in wake of anthrax lab mishaps http://t.co/cGdj3dRso9,Violence/Attack/Terrorism
3222,9379,Oh my days!!!! Thank God Cain has survived!!! ??#Emmerdale #SummerFate,Not a disaster
3223,9895,Still traumatised at the sight of an old woman throwing her shit out the window ?????,Not a disaster
3224,4899,Learn How I Gained Access To The Secrets Of The Top Earners &amp; Used Them To Explode My Home Business Here: http://t.co/e84IFMCczN Please #RT,Not a disaster
3225,227,#UPDATE: Picture from the Penn Twp. airplane accident. http://t.co/6JfgDnZRlC,Accident/Crash
3226,8460,I just screamed when I saw Jordan come out the door behind Donnie on #Wahlburgers  ??,Not a disaster
3227,8810,@KIRO7Seattle Just saw a Bomb Squad car heading north on Elliott with sirens on - any word on where they're headed??,Explosion
3228,6214,Governor Allows Parole for School Bus Hijacker http://t.co/7mqh7fhxYL http://t.co/BNCcwcsCKt #SahelNews,Not a disaster
3229,10692,Watertown Gazette owner charged in wreck http://t.co/JHc2RT0V9F,Accident/Crash
3230,5980,"Our tipster previews Chelsea v Swansea &amp; there's a 48/1 double! http://t.co/PFSrYJS1pc 
#Chelsea #Hazard http://t.co/SKdBot7TGF",Not a disaster
3231,4678,#RaheelSharif is manifesting how one RIGHT man at the helm can save a Sinking Ship engulfed in a Dark-Stormy-Tidal-Sea. Well Done.,Storm/Hurricane/Tornado
3232,1222,I call it a little bit of your blizzard?,Other disaster
3233,9035,Stars HC Hughes down w/ what looks like lower back injury. Being put on stretcher. 4:46 to play in the 2nd Wash up 25-23,Not a disaster
3234,442,Shadow boxing the apocalypse,Other disaster
3235,1022,Blazing Hot! Etisalat Free MB For Complete 12 Months: Etisalat Is Giving out 100MB on TECNO Q1 here is the Ime... http://t.co/AVzsYIe1nT,Not a disaster
3236,10236,I added a video to a @YouTube playlist http://t.co/y2Mt6v13E8 Doc: Volcanoes and Earthquakes - Inside the Volcano,Earthquake
3237,5857,Get out of the hailstorm and come down to @TheBrokenCity 2night at 9PM to catch a screening ft. @thebanffcentre! There will be BEER + FOOD!,Storm/Hurricane/Tornado
3238,10493,Finger Rock wildfire grows to 500 acres #Tucson http://t.co/zSXGEI1Nxf,Fire/Wildfire
3239,7887,Ebola: Alabama Home Quarantined Over Possible Ebola Case.. Related Articles: http://t.co/BiigD1LEq3,Other disaster
3240,11243,Emergency services are responding to flood damage in Manila.,Flood
3241,9892,Why is the story about Kids Company about POLITICIANS over a measly å£3million?  Why is it not about THE KIDS??? Our traumatised children?,Not a disaster
3242,10076,Global precipitation measurement satellite captures 3-D image of Typhoon Soudelor - @NASAHurricane http://t.co/iGCEtuMkcW,Storm/Hurricane/Tornado
3243,3137,Malaysia confirms plane debris washed up on Reunion Island is from Flight MH370 http://t.co/YS3WALzvjg,Other disaster
3244,413,the apocalypse is upon us,Not a disaster
3245,11133,Homes were damaged as floodwaters surged through Mexico City.,Flood
3246,3530,Suresh Prabhu calls Harda derailment a natural calamity; officials feel warning signs ignored: Prabhu may regr... http://t.co/Q5MlbODVm4,Other disaster
3247,6875,@noah_anyname The utopian impulse inevitably ends in gulags and mass murder.,Other disaster
3248,6475,@Braves_Ninja @david_brelsford For Freddie before being injured this year it was a great deal,Not a disaster
3249,9730,#ModiMinistry Rly tragedy in MP: Some live to recount horror http://t.co/s43wE7Oe2i,Other disaster
3250,5433,Attention Service Members Veterans Educators First Responders in Jacksonville FL http://t.co/4UrtBEAcE5,Not a disaster
3251,10736,Wreckage Confirmed As Part of Missing Malaysia Airlines Flight MH370 http://t.co/yoPeYPJkb2 (VICE News),Accident/Crash
3252,3297,Just had my first counter on a league game against another Orianna I happened to demolish her xD. I totally appreciate people that play her,Not a disaster
3253,2819,BBC Forced To Retract False Claims About Cyclone Pam http://t.co/tbbObvCotj via @wordpressdotcom,Storm/Hurricane/Tornado
3254,8050,...//..// whao.. 12000 Nigerian refugees repatriated from Cameroon http://t.co/aVwE1LBvhn,Not a disaster
3255,4370,Manuscript suspiciously rejected by Earthquake Science Journal could rock your world https://t.co/6vBQEwsl1J viaYouTube,Earthquake
3256,5024,Read an eyewitness account from #Hiroshima from this day in 1945 http://t.co/njAffyjaRz http://t.co/1xHSuEwQn4 #LIFE,Other disaster
3257,2443,#TheDoolingGroup 2 injured when 2 school buses collide - åÊ #BREAKING: School bus slams into school bus in Bordento... http://t.co/YQHfio9XQm,Other disaster
3258,9321,It's going on three years that we have been separated. Sometimes you have to let a man know you will leave him. &amp; that u can survive without,Not a disaster
3259,3407,@Hajirah_ GM! I pray any attack of the enemy 2 derail ur destiny is blocked by the Lord &amp; that He floods ur life w/heavenly Blessings,Flood
3260,7583,Families to sue over Legionnaires: More than 40 families affected by the fatal outbreak of Legionnaires' disea... http://t.co/ZA4AXFJSVB,Other disaster
3261,9420,As Anniversary Nears Atomic Bomb Survivors Speak Out Against Nuclear Power - http://t.co/Uo8GrDAuAT,Explosion
3262,6961,"@KabarMesir @badr58 
Never dies a big Crime like RABAA MASSACRE as long the revolution is being observed.
#rememberRABAA",Other disaster
3263,3156,RMT is playing Jackson Browne - Before the Deluge [Listeners: 2/100] [Requests are: On],Not a disaster
3264,4136,@jonbuda What if the drought is just a giant marketing campaign for Star Wars where they turn California into Tattooine?,Not a disaster
3265,3547,#Amtrak Rail #Disaster http://t.co/H6Ol73KZJg http://t.co/Qfydu4PVGK,Not a disaster
3266,1772,.@greenbuildermag @NFPA to hold free webinar on #wildfire mitigation 8/19 at 2pm ET. http://t.co/xmsvOHKccP @Firewise @Michele_NFPA,Fire/Wildfire
3267,1786,Smoke detectors not required in all buildings: An office building on Shevlin-Hixon Drive was on fire. There we... http://t.co/z6Ee1jVhNi,Fire/Wildfire
3268,2612,Major Hamayun Shaheed pilot of MI-7 heli that crashed in Mansehra http://t.co/2z8UbsY5M8,Accident/Crash
3269,5860,Hailstorm flash flooding slam Calgary knocks out power to 20k customers http://t.co/sNpPqrwuXB,Flood
3270,8756,"@Siren_Six @B30wu1f2 
Well then we see things differently.",Not a disaster
3271,5848,Gotta love #summer in #Calgary. #yyc #hailstorm #crazyweather http://t.co/xQbWnLBBIu,Storm/Hurricane/Tornado
3272,10993,"A 6.0 earthquake just struck near Manila, shaking buildings.",Earthquake
3273,10931,Authorities confirmed seismic activity near New Orleans moments ago.,Earthquake
3274,3416,Two trains derail in central India's Madhya Pradesh http://t.co/ijDePwuYNY,Not a disaster
3275,838,#News FedEx no longer to transport bioterror germs in wake of anthrax lab mishaps (say what?): åÊFedEx no... http://t.co/K0Y7xFxmXA #TCOT,Violence/Attack/Terrorism
3276,5234,Afghan Soldier Kills US General America's Highest-Ranking Fatality Since Vietnam http://t.co/SiHQPlUIDW,Other disaster
3277,9153,"qtSZg mhtw4fnet

Suicide bomber kills 15 in Saudi security site mosque - Reuters",Explosion
3278,9299,@amyschumer you eat food in order to survive?! Ugh and to think how much I admired you.,Not a disaster
3279,10858,The death toll in a #IS-suicide car bombing on a #YPG position in the Village of Rajman in the eastern province of Hasaka has risen to 9,Explosion
3280,351,"Allied Plans for the Annihilation of the German People http://t.co/RUHxGlo18q
http://t.co/HbUpkzWdWq
Louis Nizer - Very interesting...",Not a disaster
3281,4736,So all the store's fire alarms went off today at work and we had to evacuate. I was like 'OMG!! I.S.I.S. ITS HAPPENING!!!!,Fire/Wildfire
3282,11185,Boats are being used for rescues in flooded areas of Houston.,Flood
3283,5796,Seen on Fahlo:#WCW All Hail the QueenåÊ?? http://t.co/zrhXy9iBno http://t.co/Opjz8fGdIy,Not a disaster
3284,11269,Flash floods swept through New Orleans after heavy rainfall.,Flood
3285,612,If you don't have anything nice to say you can come sit with me.,Not a disaster
3286,11146,Boats are being used for rescues in flooded areas of Houston.,Flood
3287,11219,Homes were damaged as floodwaters surged through Sydney.,Flood
3288,7362,Watch Sarah Palin OBLITERATE Planned Parenthood For Targeting Minority Women! ÛÒ BB4SP http://t.co/Dm0uUpqGWY,Other disaster
3289,3369,#download &amp; #watch Demolition Frog (2002) http://t.co/81nEizeknm #movie,Other disaster
3290,1491,BODY BAGS! https://t.co/0McXc68GZD,Not a disaster
3291,10923,Authorities confirmed seismic activity near Sydney moments ago.,Earthquake
3292,2439,#Funfact #facts Can Stars Collide? http://t.co/E1ao9A7rw9,Not a disaster
3293,5370,Ltd Toy Stamp &amp; Vintage Tonka TFD No 5 Pressed Steel Pumper Fire Truck  - Full read by eBay http://t.co/hTvyEnXCBS http://t.co/xSvPzxYRe3,Fire/Wildfire
3294,8984,Storm rolling into Hilton Head gonna be fun,Storm/Hurricane/Tornado
3295,8305,RT PemantauJKT48: China's Stock Market Crash: Are There Gems In The Rubble? http://t.co/g0En3ELVCL via melodyJKTÛ_ http://t.co/KHrish3BP0,Accident/Crash
3296,7555,Wow-the name #LegionnairesDisease comes from an outbreak of pneumonia at the @AmericanLegion convention in Philly in 1976--29 died from it.,Other disaster
3297,9421,Hiroshima survivors fight nuclear industry in Brazil ÛÒ video http://t.co/uvM975yha2,Other disaster
3298,3316,I got my wisdom teeth out yesterday and I just demolished a whole bowl of chicken Alfredo like its nothing...,Not a disaster
3299,9623,GSP issues STRONG THUNDERSTORM WILL IMPACT PORTIONS OF NORTHEASTERN PICKENS COUNTY UNTIL 1115 PM EDT for  Greater Pickens Pickens MountainÛ_,Storm/Hurricane/Tornado
3300,1127,The only reason why player's now have an ego is cause MW3 had cod champs that's when eSports Blew up and now player's strictly look for ORGs,Not a disaster
3301,7982,The Latest: More homes razed by Northern California wildfire - http://t.co/P3g3bQBczu http://t.co/RpBxdfnx5k,Fire/Wildfire
3302,10277,Um OK '@dandre_5: Sundays during football seasonfrom about 9 am - 11 pm women shouldn't even log onshit be a complete war zone,Not a disaster
3303,11308,Residents are evacuating due to rising floodwaters in Los Angeles.,Flood
3304,7975,@RazeD_ yea in this photo,Not a disaster
3305,7224,Suncorp net profit rises to $1.13 billion in worst year of natural disaster claims http://t.co/cwZ37lNDVk,Other disaster
3306,5222,Dying of Lyme disease: Case fatality rate nearly 100% http://t.co/RgT9GhODpW,Other disaster
3307,5434,The longer you wait the more people die': #Lafayette theater shooting first responders relied on training: http://t.co/yXOojnbr7m,Violence/Attack/Terrorism
3308,3684,(SJ GIST): 148 Houses Farm Produce Destroy... http://t.co/dkrGS2AWEX #StreetjamzDotNet | https://t.co/mR9KcGpIwM,Other disaster
3309,10208,Jetstar and Virgin forced to cancel Bali flights again because of ash from Mount Raung volcano http://t.co/jTJoFLtMS4,Other disaster
3310,8570,"IS THE UPDATE RLY LIFE NOW IS IT IS It/Screams 
vibrates i cant handle",Not a disaster
3311,8260,#BHRAMABULL Watch Run The Jewels Use Facts to Defend Rioting in Ferguson: The socially minded duo takes on the... http://t.co/y9eTXHCvjr,Not a disaster
3312,1427,Two-Tone Cross-Body Smartphone Bag Only $15 Shipped! via Dian's Daily Deals - ** Two-Tone ... http://t.co/91LaZl2crV,Not a disaster
3313,3782,When life is cheap evil abounds and @PPact @HillaryClinton profit from its destruction.#DefundPP http://t.co/H5rzmAy8lP,Not a disaster
3314,4231,#dw_english Hundreds feared drowned as migrant boat capsizes off Libya: Hundreds of migrants are feared to hav... http://t.co/i9HW0qZoVy,Not a disaster
3315,6666,WATCH: Likely landslide victims denied assistance again http://t.co/BxiohtiC5X,Not a disaster
3316,1628,@MisfitRarity misfit got bombed,Not a disaster
3317,2368,... The pain of those seconds must have been awful as her heart burst and her lungs collapsed and there was no air and...,Other disaster
3318,7160,It looks like a mudslide' poor thing! ?? #greatbritishbakeoff,Other disaster
3319,3353,Real-life 'Up' house set to be saved from demolition by charity http://t.co/rdD5Fe1qyJ,Not a disaster
3320,8402,Watch This Airport Get Swallowed Up By A Sandstorm In Under A Minute http://t.co/GaotrG4mTr,Storm/Hurricane/Tornado
3321,10457,@SenFeinstein   Thanks Sen. Feinstein now hurry home because California is a huge uncontrolled wild fire. Lightening is starting new fires.,Fire/Wildfire
3322,2595,Learn cPanel in 2015. Join cPanel Crash Course only $20 http://t.co/TltY2Mumco,Accident/Crash
3323,1604,@WhiteHouse @POTUS Just cos Germany invaded Poland Japan bombed Pearl Harbor PRE-EMPTIVE SUICIDE http://t.co/I2AAG6Lp6W,Explosion
3324,8891,Just want someone to smoke a blunt &amp; talk about life with ??,Not a disaster
3325,10449,#FOXDebateQuestions:  To what degree has Obama's efforts to institute Sharia Law exacerbated the California wild fires?,Fire/Wildfire
3326,9372,The 'twins' survived their first day of high school!! They're gonna have a great year!! #makinmemories 2015 http://t.co/gM8p0Bd8Mt,Not a disaster
3327,6680,.@MartinMJ22 @YouGov Which '#Tory landslide' ... you can't POSSIBLY mean the wafer-thin majority of #GE2015?!!,Not a disaster
3328,5072,@robertmeyer9 re: your example low food prices cause farmers to go broke= famine next year. means simple Capitalism failed to feed people&gt;,Not a disaster
3329,4526,"Myanmar floods: Childfund https://t.co/pQHQ4JnZTT
 and International Needs https://t.co/FX0W2Sq05F and CARE Aust @CAREemergencies appeals",Flood
3330,7090,"Byproduct of #metal price meltdown is a higher #silver price
http://t.co/KBC2Ax8Zl9",Not a disaster
3331,791,Avalanche City - Sunset http://t.co/48h3tLvLXr #nowplay #listen #radio,Other disaster
3332,10243,The Architect Behind Kanye WestÛªs Volcano https://t.co/MUSBIk7EJf,Not a disaster
3333,1964,? High Skies - Burning Buildings ? http://t.co/uVq41i3Kx2 #nowplaying,Not a disaster
3334,400,I liked a @YouTube video from @teamtwiistz http://t.co/OCurjyDRcn FUTURISTIC HOUSE (Built To Survive The Apocalypse!) - Minecraft,Not a disaster
3335,10414,Whirlwind that has lasted for more than an hour and still strong. A standstill in parts of middle east.,Other disaster
3336,3999,IRIN Asia | Red tape tangles Nepal reconstruction | Nepal | Disaster Risk Reduction | Natural Disasters http://t.co/q7LG6ncf7G,Not a disaster
3337,3002,WHAT AN INCREDIBLE CHARACTER MY HEART IS BROKEN THAT HE IS ACTUALLY DEAD!! #RIPROSS WE WILL MISS YOU!  https://t.co/LgqmdnaVDf,Not a disaster
3338,8680,Some Evansville residents told to limit water usage due to sinkhole construction: Some Evansville residents haveÛ_ http://t.co/SJNyFszCu1,Other disaster
3339,4267,and no one knows that i'm drowning and i know that i can't fcking survive,Not a disaster
3340,2516,2 dead 2 injured in head-on collision on Kenai Spur Highway http://t.co/hbbGY2vZYt,Accident/Crash
3341,5766,@BlueJays @Braves @Angels Instead of dumping water on yourselves please send it to British Columbia to help with the forest fires,Fire/Wildfire
3342,2132,You r a wonderful person  ???? @thomasistrash #ThomasIsTrash http://t.co/7bcLAzAfIH,Not a disaster
3343,2022,Countless Casualties All Across The Globe War Being Orchestrated On All The Corners Of The Planet [On All Levels] http://t.co/G1BWL3DQQK,Other disaster
3344,8156,@AndyGilder Channel 5 have been doing the same for the RSPCA with Dog Rescuers.....'The Infomercial' has crept in the back door.,Not a disaster
3345,9029,Keep shape your shoes ??#Amazon #foot #adjust #shape #shoe Mini Shoe Tree Stretcher Shaper Width Extender Adjustable http://t.co/8cPcz2xoHb,Other disaster
3346,10499,Be ember aware! http://t.co/LZmL1xB2nH,Other disaster
3347,2383,3D view of the storm that developed &amp; collapsed over Albertville this evening; some wind damage reported #valleywx http://t.co/2wJ1MNz3mE,Storm/Hurricane/Tornado
3348,2316,Correction: Tent Collapse Story http://t.co/CMbNMvVDKl,Not a disaster
3349,5793,LZK issues Severe Thunderstorm Warning [wind: 60 MPH hail: 0.75 IN] for Sharp [AR] till 8:15 PM CDT  http://t.co/AUXSMdG1uN #WX,Storm/Hurricane/Tornado
3350,10300,fun fact: every rapid-fire weapon in the game is a hard counter to the slosher and the splattling,Fire/Wildfire
3351,9844,"Why #Marijuana Is Critical For Research in Treating #PTSD

http://t.co/5PRq6FvE5Z 
#hempoil #cannabis #marijuananews http://t.co/HcvbwtKlMT",Not a disaster
3352,7544,California: Spring Oil Spill Estimate Grows ' by THE ASSOCIATED PRESS via NYT http://t.co/zdpa4DBtsU,Other disaster
3353,768,Dorion: Sens looking for consistency from Hoffman #ColoradoAvalanche #Avalanche http://t.co/msK68XoY7T http://t.co/ykWKx0QKtX,Not a disaster
3354,7291,"#Nuclear policy of #Japan without responsibility about Nuclear #Disaster will repeat same #failure.
#annonymous #guardian #NYTimes #Reuters",Other disaster
3355,6770,iCASEIT - MFi Certified Lightning Cable - 1m http://t.co/b32Jmvsb1E http://t.co/Wnp8jkyESp,Not a disaster
3356,9668,Going to attempt the California fair again tomorrow hopefully we don't die in a tornado ??,Storm/Hurricane/Tornado
3357,5278,"The Opposite of Love is Fear HereÛªs Why
http://t.co/r5bXZzhXkm",Other disaster
3358,3358,De-watering demolition defends against flooding http://t.co/dTO0ULjxn3,Flood
3359,9237,9) 'Without the bombing you would have to do hara-kiri you know commit suicide'. http://t.co/UO0aQk9KR8 Hiroshima 70 years ago.,Explosion
3360,6155,Tension In Bayelsa As Patience Jonathan Plans To Hijack APC PDP - The Sun http://t.co/VBiGAnIRSJ,Not a disaster
3361,4909,@DelDryden If I press on the twitch will my head explode?,Not a disaster
3362,4624,#Breaking #News - Call for Tasmania's emergency services to be trained in horse ... - http://t.co/urJwsVr311 http://t.co/7JfrETeIi4,Other disaster
3363,5830,New warning for Central Hills 1' hail 60 mph winds. NOT affecting Sturgis but could later tonight. #KOTAWeather http://t.co/E8oUxVKuTE,Not a disaster
3364,1534,Hiroshima prepares to remember the day the bomb dropped http://t.co/oJHCGZXLSt,Explosion
3365,1379,New Ladies Shoulder Tote Handbag Women Cross Body Bag Faux Leather Fashion Purse - Full reÛ_ http://t.co/y87Gi3BRlV http://t.co/1zbhVDCXzS,Not a disaster
3366,7684,Sending your kid to college? Don't panic! Check out coping tips from a rabbi/social worker: http://t.co/7HEaFOGkOU http://t.co/6bj2yf7pC7,Not a disaster
3367,6670,Now Playing: Landslide by Smashing Pumpkins http://t.co/7pQS4rshHb #89X,Not a disaster
3368,1728,@fewmoretweets all lives matter. Just not a fan of burning down buildings and stealing from your neighbors to 'protest,Other disaster
3369,9689,@sarahnandola BTW we all live in libertyville now. Bc of the tornado,Storm/Hurricane/Tornado
3370,6435,Udhampur terror attack: Militants attack police post 2 SPOs injured: Suspected militants tonight attacked a p... http://t.co/nZAFokxX0h,Violence/Attack/Terrorism
3371,8284,@BLutz10 But the rioting began prior to the decision for the indictment so you're not really making sense at this pointÛ_,Other disaster
3372,8818,I was walking past the fire house today &amp; as soon as I walk by the doors they get call and flip the sirens on. I've never ran so fast.,Fire/Wildfire
3373,7219,Expert Prepper: Financial Collapse Natural Disaster Failed Grid... http://t.co/5tf4CV4KeI http://t.co/KqYCFkcLr5,Not a disaster
3374,4639,beyond stressed beyond hysteria into the grey misty indifference of complete shutdown of all but emergency services in my brain,Not a disaster
3375,4009,paladins is going to be a disaster,Not a disaster
3376,2273,Do me a favor and fall off a cliff,Not a disaster
3377,762,1-6 TIX Calgary Flames vs COL Avalanche Preseason 9/29 Scotiabank Saddledome http://t.co/5G8qA6mPxm,Not a disaster
3378,733,Christian Attacked by Muslims at the Temple Mount after Waving Israeli Flag via Pamela Geller - ... http://t.co/PuVOZi3Pa3,Violence/Attack/Terrorism
3379,8485,@CokeBoys__ yo best I screamed when I watched your snap chat of you smoking with that big ass cast ????,Not a disaster
3380,5237,???? #mortalkombat #mortalkombatx #mkx #fanart #fatality ?Follow for more? #Gaming #Pictures #YoutubeÛ_ https://t.co/LQCqjUNwiR,Not a disaster
3381,7394,@ohnoeunhae Hyukkie &amp; Chullie aim to completely obliterate the ship that was Eunhae.,Not a disaster
3382,1677,2 Injured 1 missing in bridge collapse in central Mexico http://t.co/kHF0iH05A9,Other disaster
3383,11233,Flash floods swept through Bangkok after heavy rainfall.,Flood
3384,4896,My brains going to explode i need to leave this house. Ill be out smoking packs if you need me,Not a disaster
3385,2189,Learning from the Legacy of a Catastrophic Eruption http://t.co/PgXfocgHqg via @newyorker,Other disaster
3386,546,Two Jewish Terrorists Charged In Historic-Church Arson | The Ugly Truth http://t.co/iEksNFSbY7 http://t.co/VWCf3slkrW,Not a disaster
3387,5032,Lone Survivor: The Eyewitness Account of Operation Redwing and the Lost Heroes of SEAL TeamÛ_ http://t.co/NXtWXJCAVh http://t.co/oL8ESFRGLE,Other disaster
3388,9940,@cspan #Prez. Mr. President you are the biggest terrorist and trouble maker in the world. You create terrorist you sponsor terrorist.,Violence/Attack/Terrorism
3389,2463,I scored 111020 points in PUNCH QUEST stopped when a squeaky bat collided into my skull. http://t.co/aEtgbxm1pL,Other disaster
3390,10487,Fire in Pisgah National Forest grows to 375 acres - WSOC Charlotte http://t.co/djUfkRrtFt,Fire/Wildfire
3391,10156,A look at state actions a year after Ferguson's upheaval http://t.co/vXUFtVT9AU,Other disaster
3392,8785,Outdoor Siren Test 2pm :: The FGCU Siren will be tested at 2pm today. Another message will be sent when the test is concluded.,Not a disaster
3393,232,"+ Nicole Fletcher one of a victim of crashed airplane few times ago. 

The accident left a little bit trauma for her. Although she's 

+",Accident/Crash
3394,765,http://t.co/p5PnsRPH5G -RARE VINTAGE COLLECTABLE WINDRIVER AVALANCHE EDT 60ML SPRAY FOR MEN#Deals_UK http://t.co/wkZIYnyyrY,Not a disaster
3395,11002,Emergency crews are responding after an earthquake rattled Istanbul.,Earthquake
3396,10587,Police Officer Wounded Suspect Dead After Exchanging Shots http://t.co/XxFk4KHbIw,Other disaster
3397,6344,#hot  C-130 specially modified to land in a stadium and rescue hostages in Iran in 1980 http://t.co/zLco4UE5OQ #prebreak #best,Violence/Attack/Terrorism
3398,906,70 won 70...&amp; some think possibility of my full transformation is impossible.  I don't quite like medical mysteries. BIOTERRORISM sucks.,Not a disaster
3399,10315,Abe's government made clear that grenades were not 'weapon.,Other disaster
3400,1709,Ashes 2015: Australia collapse at Trent Bridge - how Twitter reacted http://t.co/ik7mGidvbm http://t.co/AF1yzUS8LN,Other disaster
3401,4957,#news #science London warship exploded in 1665 because sailors were recycling artillery cartridges... http://t.co/r4WGXrA59M #life #tech,Other disaster
3402,1174,The #Palestinian #refugee tragedy is a blight on humanity &amp; should shame every #Israeli for living with it. https://t.co/gAAE0nO5du,Other disaster
3403,11094,Aftershocks continue following the earthquake in Los Angeles.,Earthquake
3404,8404,Watch This Airport Get Swallowed Up By A Sandstorm In Under A Minute http://t.co/rkU0IDM6aQ,Storm/Hurricane/Tornado
3405,1346,On #ThisDayInHistory in 1862 Confederate ship blown up by crew. Read More http://t.co/IW7ELSzIfZ via @History,Other disaster
3406,1407,Louis Vuitton Monogram Sophie Limited Edition Clutch Cross body Bag - Full read by eBay http://t.co/I4AogcSOY5 http://t.co/dJIwG9pxV4,Not a disaster
3407,4772,Chesterfield apartment complex evacuated because of fire #STL http://t.co/MIq39IOK3U,Fire/Wildfire
3408,453,Red Faction: Armageddon  (Microsoft Xbox 360 2011) - Full read by eBay http://t.co/ypbVS1IJya http://t.co/9dFLv6ynqr,Not a disaster
3409,8692,Do you feel like you are sinking in low self-image? Take the quiz: http://t.co/JvjALYg2n1 http://t.co/qXMWELJbc0,Not a disaster
3410,5636,#BREAKING Business at the Sponge Docks washed out by rain flooding  /#news,Flood
3411,5530,@st3ph007 do you think the pedagogy/practice is more important than the environment? #BFC630NZ walls can be 'flattened' in many ways,Not a disaster
3412,4988,EE recalls Power Bar battery packs after explosion in student's bedroom http://t.co/EKWTiHlwuf,Explosion
3413,6968,"@xMissXanthippex lmao exactly
Especially who they challenged. I didn't want michael jackson popcorn OR kermit tea watching that massacre",Not a disaster
3414,1887,Leader of #Zionism STOP BURNING #Babies  https://t.co/6xYsDN2Xz0,Other disaster
3415,6029,Skinny Jeans are Hazardous for Your Health! http://t.co/TVdvP7VdAs,Not a disaster
3416,9960,So did we have a hurricane tornado tsunami? Someone please tell me what the hell happened #nopower,Storm/Hurricane/Tornado
3417,7878,Alabama firefighters quarantined after possible Ebola exposure http://t.co/hzpX6vAQPZ reports http://t.co/L4W0PCorbs,Fire/Wildfire
3418,6261,#hot  Funtenna: hijacking computers to send data as sound waves [Black Hat 2015] http://t.co/6AqrNanKFD #prebreak #best,Not a disaster
3419,6287,Islamic State threatens to kill another hostage: @DailyGleaner @TJProvincial @TJGreaterSJ http://t.co/dfPLiqjMk2,Violence/Attack/Terrorism
3420,652,"BREAKING: Terror Attack On
Police Post #Udhampur",Violence/Attack/Terrorism
3421,3967,70 Years After Atomic Bombs Japan Still Struggles With War Past http://t.co/5wfXbAQMBK The anniversary of the devastation wrought by theÛ_,Explosion
3422,4821,FAAN orders evacuation of abandoned aircraft at MMA http://t.co/GsOMtDPmoJ,Other disaster
3423,1978,You know it's hot when there are bush fires right near your villa ????,Fire/Wildfire
3424,11166,Flash floods swept through Sydney after heavy rainfall.,Flood
3425,6364,One Year On From #IS Massacre in #Sinjar Yazidis Blast Lack of Action over 3000--5000 Yazidis who remain enslaved: http://t.co/vnSn284ovw,Explosion
3426,9344,@TheDailyShow Mahalo nui loa for making my 20s. My generation could not have survived the (W.) Bush years without you. #JonVoyage #holomua,Not a disaster
3427,1575,The Guardian view on the Hiroshima legacy: still in the shadow of the bomb | Editorial: The world longs to cas... http://t.co/ct2JUtvYTg,Explosion
3428,7312,@RobertHarding @RepJohnKatko Crazy to use the Netanyahu argument Iran can flush A NUCLEAR REACTOR DOWN THE TOILET,Other disaster
3429,3451,Here's what may have caused a Metro train to derail in downtown D.C. http://t.co/mEiSNKv5Tb,Other disaster
3430,7912,@myrtlegroggins &lt;gasp!&gt; I forgot Sunday! OMG,Not a disaster
3431,5752,As California fires rage the Forest Service sounds the alarm about rising wildfire costs http://t.co/Tft1bb4xaZ,Fire/Wildfire
3432,3902,I'm literally devastated right now??,Not a disaster
3433,7306,US Navy Sidelines 3 Newest Subs - http://t.co/guvTIzyCHE: DefenseNews.comUS Navy Sidelines 3 Newest SubsD... http://t.co/SY2WhXT0K5 #navy,Other disaster
3434,10681,Driver rams car into Israeli soldiers wounds 3: military: A driver rammed a car into a group of Israeli soldi... http://t.co/oBSZ45ybAJ,Other disaster
3435,8381,Don't ruin a good today by thinking about a bad yesterday ????,Not a disaster
3436,5133,Photo: No need to put your all your feelings on social mediaÛ_the results could be fatal. #message http://t.co/EzxtovAl4l,Not a disaster
3437,718,I attacked Robot-lvl 1 and I've earned a total of 16000 free satoshis! http://t.co/2PZcXSkNCg #robotcoingame #Bitcoin #FreeBitcoin,Violence/Attack/Terrorism
3438,9670,Second tornado confirmed in SundayÛªs storm http://t.co/Ffnzit7kgN,Storm/Hurricane/Tornado
3439,7319,If I'm also not mistaken we're sitting right next 2 a nuclear reactor. Not smart when we have a cataclysmic event &amp; that reator melts down.,Other disaster
3440,3106,#?? #?? #??? #??? MH370: Aircraft debris found on La Reunion is from missing Malaysia Airlines ...  http://t.co/MRVXBZywd4,Other disaster
3441,8149,#world Fears over missing migrants in Med: Rescuers search for survivors after a boat carrying as many a... http://t.co/6DS67XAI5e #news,Other disaster
3442,8417,Watch This Airport Get Swallowed Up By A Sandstorm In Under A Minute http://t.co/1oemJTO9Dp,Storm/Hurricane/Tornado
3443,6187,Governor allows parole for California school bus hijacker who kidnapped 26 children in 1976. http://t.co/hdAhLgrprl http://t.co/Z1s3T77P3L,Other disaster
3444,2611,@brianroemmele UX fail of EMV - people want to insert and remove quickly like a gas pump stripe reader. 1 person told me it crashed the POS,Accident/Crash
3445,7526,Plains All American Pipeline company may have spilled 40 percent more crude oil than previously estimated.... http://t.co/WEZjqC4Cf2,Other disaster
3446,8976,Severe T-storm Warning for Union County ~3:45pm. Top threats include heavy rain lightning &amp; damaging winds. http://t.co/XWOevMK0aA,Storm/Hurricane/Tornado
3447,9746,Rly tragedy in MP: Some live to recount horror: ÛÏWhen I saw coaches of my train plunging into water I called myÛ_ http://t.co/gDjTzkpCHK,Other disaster
3448,9479,New US counter #terrorism program urges #Muslims to rat each other out critics say http://t.co/mVn6T9VhUl http://t.co/7lUfjX684i,Violence/Attack/Terrorism
3449,2408,And when those waves shall ripple collide it's on the tide of YOUR LOVE I will survive. #love @LesleyChappelle,Not a disaster
3450,379,"@INCIndia under Sonia Gandhi is like Pakistan. Every defeat is treated like a victory.Total annihilation only answer
http://t.co/KtTYiTOw64",Not a disaster
3451,573,WEHTWTVWlocal: Trial date set for man charged with arson burglary. https://t.co/eUk7lKS11r,Not a disaster
3452,764,As you can imagine I had plenty to talk about with a maths teacher from Liverpool of a similar age into music !,Not a disaster
3453,1852,burned 202 calories doing 30 minutes of Walking 4.0 mph very brisk pace #myfitnesspal,Not a disaster
3454,5046,RT patrickjbutler: Excellent damiengayle eyewitness account of Kids Company closure: 'You drop the bomb and expectÛ_ http://t.co/pHH1VmLfoo,Explosion
3455,9439,Haley Lu Richardson Fights for Water in The Last Survivors (Review) http://t.co/oObSCFOKtQ,Not a disaster
3456,2228,Emergency services called to Bacup after 'strong' chemical smells http://t.co/4GaJhSPfwl,Not a disaster
3457,1647,70th anniversary of Hiroshima atomic bombing marked  http://t.co/1mGvd4x5Oe,Explosion
3458,5164,#NYC #News Legionnaires death toll rises to 8 in New York City: All eight fatalities were of older adults with... http://t.co/IQJ1Z3jXx8,Other disaster
3459,7183,@new_hart2010 #mudslide... nuff said #GBBO,Other disaster
3460,1702,Australia's Ashes disaster - how the collapse unfolded at Trent Bridge - Telegraph http://t.co/6FYnerMUsG,Other disaster
3461,2449,PIERCE THE VEIL Rubber Bracelet Wristband Collide with the Sky - Full read by eBay http://t.co/H4WUPpaT6k http://t.co/WisjhDH58n,Not a disaster
3462,1566,&lt;Kyodonews&gt; UPDATE1: Hiroshima marks 70th A-bomb anniv. amid fears of eroded pacifism http://t.co/VpGu8z1Lhb #followme #japan,Explosion
3463,1509,Lab today ready for these body bags. ??,Not a disaster
3464,9696,Loving you was like throwing a lasso around a tornado I tried to hold on to.??,Storm/Hurricane/Tornado
3465,9753,Rly tragedy in MP: Some live to recount horror: ÛÏWhen I saw coaches of my train plunging into water I called ... http://t.co/21hsrrqZOu,Other disaster
3466,8035,...//..// whao.. 12000 Nigerian refugees repatriated from Cameroon http://t.co/HuhWPmryWz,Other disaster
3467,1880,501 sky news mandem in totteham going maddddd burning up fed cars an dem ting dere,Other disaster
3468,8307,China's Stock Market Crash: Are There Gems In The Rubble?: ChinaÛªs stock market crash this summer has sparked ... http://t.co/OajW6rTFNc,Accident/Crash
3469,1246,BRING ME THE HORIZON BLOOD STAINED GIANT ART PRINT PANEL POSTER NOR0603 http://t.co/u5ELKCA4CW http://t.co/tsGKlZZS0C,Not a disaster
3470,11040,"A 4.5 earthquake just struck near London, shaking buildings.",Earthquake
3471,424,Dad bought a DVD that looks like a science doc on the front but I read the back and it's actually about the impending biblical apocalypse,Other disaster
3472,2489,2 pple have been confirmed dead and over 20 rescued while many went missing after a ferry carrying 200 collided with a fishing boat.#News,Other disaster
3473,4626,When you say call dad but your phone dials emergency services..... #awesomejobsiri,Not a disaster
3474,6552,My prediction for the Vikings game this Sunday....dont expect a whole lot. Infact I think Zimmer goal is....injury free 1st game,Other disaster
3475,7732,My day isn't going the way I planned so I'm low key panicking. GIMME BACK MY AIR!!!,Not a disaster
3476,4004,Time to End the Disaster of Rail Privatisation http://t.co/ksxznPY5gt,Not a disaster
3477,3755,@PeterArnottGlas I've written a play about Dr Rae and his destruction by Lady Franklin as it happens.  Commissioned by Mull Theatre,Not a disaster
3478,2703,Crushed,Not a disaster
3479,9440,Survivors! Isabel Hodgins Danny Miller Laura Norton &amp; Mark Charnock take a group pic #SummerFate #BehindTheScenes https://t.co/qUKpVpwRFv,Not a disaster
3480,10127,"How long O Lord (Study 3)
 The sixth seal opens the events of Revelation 12. The political upheaval in the Roman... http://t.co/GW0CXoOJyV",Other disaster
3481,1145,Carl Everest Rob Cobes Whitt Blight Frost Leo Snuff Godly and a few others. I will drink a beer with them. Someday.,Not a disaster
3482,5130,11-Year-Old Boy Charged With Manslaughter of Toddler: Report: An 11-year-old boy has been charged with manslaughter over the fatal sh...,Other disaster
3483,11075,Residents reported strong tremors after an earthquake hit Miami.,Earthquake
3484,5668,"@ictyosaur I never thought it would be a wtf moment yet it's here after months of 90 degree heat
Next we will have flash floods..",Flood
3485,8926,@PyrBliss ah I remember those days. In a snowstorm too.,Storm/Hurricane/Tornado
3486,5571,2 NNW Hana [Maui Co HI] COUNTY OFFICIAL reports COASTAL FLOOD at 5 Aug 10:00 AM HST -- WAIANAPANAPA STATE PARK CLOSED DUE TO LARGE SURF. Û_,Flood
3487,3141,ABC OnlineMH370: Aircraft debris found on La Reunion is from missing Malaysia Airlines ...ABC OnlineA piece of aircraft debris which ...,Other disaster
3488,7423,Took'em long enough. Good that they're making some amends though this has still obliterated their reputation. https://t.co/1g9s3KeASL,Not a disaster
3489,10760,Wreckage 'Conclusively Confirmed' as From MH370: Malaysia PM: Investigators and the families of those who were... http://t.co/LjylxZ1fBi,Accident/Crash
3490,6422,"Entertain this thought for a moment:

diarrhea hurricane",Not a disaster
3491,4469,South Side factory where worker electrocuted pays $17000 penalty http://t.co/PENJHc4ZCx #Columbus #Ohio #news,Not a disaster
3492,286,2 held with heroin in ambulance http://t.co/d9sOwi1G21 http://t.co/OPxmdPIwAu,Not a disaster
3493,5322,My asshole is on fire  https://t.co/Y3FO0gHg8t,Not a disaster
3494,7709,#Business People are finally panicking about cable TV http://t.co/FcfSSlxMy2 http://t.co/9xFzkpdmQz,Not a disaster
3495,8234,@DavidJordan88 @Stephanenny Except we don't know who started the riot or if it even makes sense to credit any particular individuals...,Other disaster
3496,8687,Watch This Giant Sinkhole Form on New York City Street http://t.co/BEnWu5IARa,Not a disaster
3497,1517,Womens Stylish Metal Chain Pearls Solid Hanbags Shoulder Cross Body Bags Golden http://t.co/oR0JZb9cFh http://t.co/6byul0ID4l,Not a disaster
3498,2994,If you're my boyfriend's ex or had any feelings for him. DONT TALK TO HIM! Don't follow him. He is dead to you. He don't exist niggah. ??????????,Not a disaster
3499,7868,"Officials say a quarantine is in place at a Birmingham home over a possible Ebola case.

Edward Khan of the... http://t.co/qnIJ2p8Zv6",Other disaster
3500,2275,Fall off a cliff please  https://t.co/4vWSL2Gfp0,Other disaster
3501,1190,@Ashayo @MsMiggi Hi Ashayo! I believe there will be VODs on YouTube after the presentation but there is nothing like seeing it live :),Other disaster
3502,5279,Trying to conquer my fear of flying by pulling massive G's with this flight simulator. #OculusRift #VirtualReality http://t.co/rHFjkUQ7zw,Not a disaster
3503,7370,@PauloSergioMDC @TheIranDeal @POTUS Those silly talks trusting a terrorist nation (who hates us) that has vowed to obliterate Israel.,Violence/Attack/Terrorism
3504,5666,OFA outfit floods net w paid OFA trolls &amp;automated netbots that spam any story that is not complimentary of the One http://t.co/hNlSDLhmB9,Flood
3505,7918,Three #people were #killed when a severe #rainstorm in the #Italian #Alps caused a #landslide' http://t.co/hAXJ6Go2ac,Storm/Hurricane/Tornado
3506,9261,the idea of an album that is entirely ZAYN just sunk in to me and im loving it,Not a disaster
3507,4840,Updated #RockyFire map with Mandatory Evacuation areas (red) Advisory Evacuation (yellow) 2 Evac Centers (green) https://t.co/gZEgjoAKKw,Fire/Wildfire
3508,6388,HURRICANE GUILLERMO LIVE NOAA TRACKING / LOOPING WED.AUG.5TH ~ http://t.co/RjopJKbydR ~  http://t.co/NUFDgw9YEv http://t.co/2oKSCwYoHC,Storm/Hurricane/Tornado
3509,6995,Tonight It's Going To Be Mayhem @ #4PlayThursdays. Everybody Free w/ Text. 1716 I ST NW (18+) http://t.co/N8w252JoVT,Not a disaster
3510,9118,recap/ Pic of 16yr old PKK suicide bomber who detonated bomb in Turkey Army trench released http://t.co/6jzCEdaYRG,Explosion
3511,5677,69 Dead Due to Floods in Myanmar: Naypyidaw Aug 5 (Prensa Latina) The death toll rose today to 69 in Myanmar... http://t.co/JoDs9a32PI,Flood
3512,1615,@antpips67 @JohnEJefferson obviously I'm aware that not all AS are from countries we have bombed but a lot are fleeing conflict,Explosion
3513,4137,U.S. in record hurricane drought http://t.co/Wd4UdSxacq via CNN,Storm/Hurricane/Tornado
3514,2226,Standard behavior of Chemical Mixers so that Emergency Purposes...JyB,Not a disaster
3515,1738,Like how are ppl not burning these buildings down knowing why it was originally created?,Not a disaster
3516,8176,#News: 'Many deaths' in shipwreck: Rescuers are trying to save hundreds of migrants after the... http://t.co/tX51oYbrN6 via @TheNewsHype,Accident/Crash
3517,2993,Man Found Dead in Demi Moore's Swimming Pool! http://t.co/oCtnPyUEei,Other disaster
3518,4575,b/c it costs less to have sick people using emergency rooms?...grrrr.... http://t.co/vFbbcHwrFD,Other disaster
3519,10722,Greer man dies in wreck http://t.co/n2qZbMZuly,Accident/Crash
3520,1049,Keep thinking about it until I stepped on a broken glass pun tak sedar and I don't feel the pain also it's bleeding. Shit,Not a disaster
3521,2991,Typhoon Soudelor taking dead aim at Taiwan http://t.co/BhsUxVq6NF,Storm/Hurricane/Tornado
3522,6150,Criminals Who Hijack Lorries And Buses Arrested In Enugu (PHOTO) http://t.co/LRTU8Rwn2f,Other disaster
3523,6270,@ReasonVsFear 'One?'  Oh nonononono.  This hijacking's been going on forever but I've seen it about a dozen diff places today alone.,Not a disaster
3524,335,just completely annihilated cech with paul keegan what a time to be alive,Not a disaster
3525,7692,I had school today and I've already had a panic attack. Thank you high school for sucking !!!,Not a disaster
3526,4053,.POTUS #StrategicPatience is a strategy for #Genocide; refugees; IDP Internally displaced people; horror; etc. https://t.co/rqWuoy1fm4,Not a disaster
3527,1285,Whats the bloody use of the bus app if everything has no prediction? No one driving bus today? http://t.co/zvGrM5PGZa,Not a disaster
3528,1751,@TravDave @Kornbread_ICU especially where it happened. Really nothing to tear up. Burning the buildings saves the city money for real,Not a disaster
3529,1278,Add these items to your everyday eating habits. Please do the research on how to take with your bloodÛ_ https://t.co/LnpsCaDaXr,Not a disaster
3530,3590,@peregrinekiwi @boymonster I recall CP2020 Australia was a blighted desolate corporate,Not a disaster
3531,777,Free Ebay Sniping RT? http://t.co/RqIPGQslT6 Chevrolet : Avalanche Ltz Lifted 4x4 Truck ?Please Favorite &amp; Share,Not a disaster
3532,3529,#???? #?? #??? #??? Trains derailment: 'It's the freakiest of freak accidents' - The Indian Express   http://t.co/4Y4YtwhD74,Accident/Crash
3533,2238,Emergency units simulate a chemical explosion at NU: Suppose a student in the research labs at NorthwesternÛ_ http://t.co/ExitLxgIsJ,Explosion
3534,2705,So my Neptunia girls are all nearly level 150 and I've crushed all the non-S-rank Colosseum fights.  Major grinding happens very soon.,Not a disaster
3535,2241,Day 2. Liquidation of emergency at chemical object. #USAR2015 #USAR15 #RUOR #??????????? http://t.co/gGTmDqUdDo,Not a disaster
3536,11029,Emergency crews are responding after an earthquake rattled Berlin.,Earthquake
3537,2344,#ROH3 #JFB #TFB #alrasyid448ItuRasya Correction: Tent Collapse Story http://t.co/xsnJi8EJRl ROH3 SmantiBatam #ROH3SmantiBatam,Not a disaster
3538,5486,ÛÏYou see the devastation &amp; itÛªs shocking.ÛÏ  Firefighters continue to battle flames in California. benstracy reports Û_,Fire/Wildfire
3539,7103,13 reasons why we love women in the military   - lulgzimbestpicts http://t.co/BcBfCStZXh http://t.co/ViK72Id8Zu,Not a disaster
3540,10161,@hippieXox If the word 'violent' comes to mind it's food poisoning. Nothing you can do but weather the storm about 24 hours.  :(,Storm/Hurricane/Tornado
3541,6432,Brooklyn Sites Get $2.6 Million to Undo Hurricane SandyÛªs Toll http://t.co/HukwD0RE2a,Storm/Hurricane/Tornado
3542,1651,70th Anniversary of Hiroshima bombing https://t.co/juwvomhGPd,Explosion
3543,4956,@marymc21 ahhhh I'm just being a baby. My car's engine kinda sorta exploded and we're trying to find a solution,Not a disaster
3544,3640,"This desperation dislocation
Separation condemnation
Revelation in temptation
Isolation desolation
Let it go and so to find away",Other disaster
3545,6886,@Conservatexian Farrakhan calling for 10000 men to rise up &amp; commit mass murder. http://t.co/gV84WNhB7S,Not a disaster
3546,5481,*NEW* Snap On Tools Black baseball Hat/Cap Silver/Gray Embroidered S Logo Flames - Full reÛ_ http://t.co/hTqVF44UQs http://t.co/PvXeLxCJeu,Not a disaster
3547,8110,18 bovines rescued 3 smugglersåÊnabbed http://t.co/E7fn5G5rUu,Other disaster
3548,3756,Russian authorities to take account of petition against destruction of sanctioned food: Vladimir Putin's press... http://t.co/QbMcSJaVt0,Not a disaster
3549,7038,Slayer Reflects on Low Mayhem Festival Attendance King Diamond &amp; Jeff Hanneman's Passing http://t.co/ysKaDmFBbB,Not a disaster
3550,1590,US drone bombs Islamic State target in Syria after taking off from Turkey: A US armed drone has bombed a targe... http://t.co/m0daP5xLwo,Explosion
3551,11074,A sudden quake caused damage to structures in Bangkok.,Earthquake
3552,2684,yhngsjlg just tweeted about their secret crush:http://t.co/IoqM5bm1Dg,Not a disaster
3553,4254,Boy saves autistic brother from drowning: A nine-year-old in Maine dove into a pool to save his autistic broth... http://t.co/pihUIaOR5O,Not a disaster
3554,8835,Gostei de um vÌ_deo @YouTube de @christinartnd http://t.co/bwe9kJCEPt Sleeping with Sirens Postcards and Polaroids acoustic cover,Not a disaster
3555,10425,{{ whirlwind romance dress | in-store &amp; online }} #freshoutofthebox #getitbeforeitsgone #under50 #newnewnew... http://t.co/8BUTsC4ZyN,Not a disaster
3556,7833,Reddit Will Now Quarantine Offensive Content http://t.co/NAS3IPm5vh,Not a disaster
3557,2920,Training grains of wheat to bare gold in the August heat of their anger I'm the no trespass lest you seek danger.,Not a disaster
3558,9224,Turkish troops killed in Kurdish militant 'suicide attack' http://t.co/q1eIXnjjpt,Violence/Attack/Terrorism
3559,4716,When there's a fire alarm going off in zehrs and we keep working for 20 minutes then decide to evacuate everyone..,Fire/Wildfire
3560,3833,"Detonate (feat. M?.?O?.?P?.?)
from Grandeur by Apollo Brown http://t.co/GFDhFMPCEl",Not a disaster
3561,4773,"Trafford Centre film fans angry after Odeon cinema evacuated following false fire alarm: 
 Twitter users tell ... http://t.co/dZLENSe1Gw",Fire/Wildfire
3562,5042,With all due respect @RepMikeRogersAL y would u completely disregard ALL eyewitness accounts on Benghazi? #WereNotGruberVoters. #PJNet,Not a disaster
3563,8397,Watch This Airport Get Swallowed Up By A Sandstorm In Under A Minute http://t.co/Z2Ph0ArzYI,Storm/Hurricane/Tornado
3564,10440,my wife has opted to take holidays &amp; historically since we met @lanahillman gets special treatment her bonfires can't start wild fires-RAIN!,Fire/Wildfire
3565,4105,http://t.co/vYmnRnSThG: U.S. in record hurricane drought http://t.co/1mvSQG0XKE,Storm/Hurricane/Tornado
3566,1682,"Throwback Thursday: More Thoughts About Citizen Media During Minneapolis Bridge Collapse Disaster - http://t.co/GudUDAZ4fx 
#TBT",Not a disaster
3567,4025,Illinois Tornado Slipped Under The Radar Emergency Officials Say http://t.co/zhGu8yE1bj,Storm/Hurricane/Tornado
3568,9877,@PerkPearl that's just not on. I'd be traumatised are you OK? The car has gone and now for #GBBO and relax.....,Not a disaster
3569,3571,It's really sad that white people are quick to give money to desolate uneducated black ppl before educated blacks who are productive,Not a disaster
3570,2989,411Naija åÈ Flood: Two people dead 60 houses destroyed in Kaduna http://t.co/yAvL49DoOF,Flood
3571,6870,@guardian Has Japan ever truly come to terms with devastation and mass murder of millions of Chinese and others with traditional weapons?,Other disaster
3572,10566,I like the weird ones like Rain of Mystical or Windstorm or Ocean Waves https://t.co/gCdxYdBSc4,Not a disaster
3573,9448,@RobPulseNews @huyovoeTripolye Phillips should be charged for assisting terrorism. LDNR-terrorists' organizations. http://t.co/XwnJYsV9V9,Violence/Attack/Terrorism
3574,6415,@VinusTrip Did you see #hurricane #guillermo with #MeteoEarth? http://t.co/mfckpVzfV8,Storm/Hurricane/Tornado
3575,1281,The whole of New Zealand is shouting 'Bloody Marvellous'! John Campbell to join Radio NZ http://t.co/F88fCLiVzH #radionz,Not a disaster
3576,9047,Virgin galactic crash: early unlocking of brakes triggered structural failure http://t.co/Kp1hDchfNZ,Accident/Crash
3577,10377,@kirstiealley @_AnimalAdvocate Or pay it for a photo safari no weapons allowed. Otherwise=they just like to kill something.,Not a disaster
3578,2758,@michelleellle ?? shut up freshman its past ur curfew. u need some sleep!! u spend too much of ur time watching tv instead of going outside ??,Not a disaster
3579,3796,So you have a new weapon that can cause un-imaginable destruction.,Other disaster
3580,9818,@crazyindapeg @VETS78734 completely understandable considering the trauma #ptsdchat,Not a disaster
3581,6404,"Hurricane Dancers: The First Caribbean Pirate Shipwreck
Margarita Engle - Henry Holt and Co. (BYR). http://t.co/i7EskymOec",Not a disaster
3582,8469,ÛÏ@beachboyIrh: AT GMA THE SECURITY GUY SAID 'THIS IS A FAMILY SHOW' AND EVERYONE SCREAMED 'OOORRRR IS IT'Û I love this fandom,Not a disaster
3583,7536,News@ Refugio oil spill may have been costlier bigger than projected http://t.co/jhpdSSVhvE,Other disaster
3584,5066,http://t.co/tcXRtfaPZa Russian 'food crematoria' provoke outrage amid crisis famine memories http://t.co/eT9xxfdJnM,Not a disaster
3585,2777,@Reddakushgodd she said a few months. But I get a curfew for out time smfh,Not a disaster
3586,8157,The Rescuers and The Rescuers Down Under are on NetflixÛ_ YouÛªre welcome.,Not a disaster
3587,101,Just got to love burning your self on a damn curling wand... I swear someone needs to take it away from me cuase I'm just accident prone.,Accident/Crash
3588,6729,Check out my Lava lamp dude ???? http://t.co/To9ViqooFv,Other disaster
3589,9802,@Pandamoanimum Duly noted.The involuntary wince I have when people send me words like 'holibobs' must make it look like I have trapped wind.,Not a disaster
3590,586,960KZIM: Steele police arrest 2 in possible arson investigation https://t.co/w6ZbWryqjC,Not a disaster
3591,9921,@smoak_queen 'I'm going to be in so much trouble.,Not a disaster
3592,0,Just happened a terrible car crash,Accident/Crash
3593,9792,took her to the trap house now lil mama trapped out ??,Not a disaster
3594,3852,Ignition Knock (Detonation) Sensor-Senso BECK/ARNLEY fits 93-95 Audi 90 2.8L-V6 http://t.co/gOXvNzOUj3 http://t.co/YB3GeEtFbT,Not a disaster
3595,2902,@GettingLost @JennEllensBB @Muncle_jim It said they had superficial wounds and it was the pepper spray that did the most damage.,Other disaster
3596,1937,@foxnewsvideo @AIIAmericanGirI @ANHQDC So ... where are the rioters looters and burning buildings????  WHITE LIVES MATTER!!!!!!,Other disaster
3597,6206,Remove the http://t.co/2nS5TfnxpA and Linkury Browser Hijacker http://t.co/W2kVScbTLp http://t.co/tn8o00NrLP,Not a disaster
3598,2713,@DancingOnHwy there is nothing I love more than seeing Bears fans get their hopes and dreams crushed.,Not a disaster
3599,646,Stay vigilent. Civil liberties are under constant attack. #nativehuman #myreligion  https://t.co/WWu070Tjej,Violence/Attack/Terrorism
3600,6373,Cruz: Iran deal Û÷leaves 4 American hostages languishing in IranÛª  http://t.co/EXsQIJF4nY - #NoIranDeal  #TedCruz2016 http://t.co/y7sIPKB1kd,Violence/Attack/Terrorism
3601,8412,Watch This Airport Get Swallowed Up By A Sandstorm In Under A Minute http://t.co/Q0X7e84R4e,Storm/Hurricane/Tornado
3602,284,@vballplaya2296 want me to send you  some medic supplies from my dad's ambulance?,Not a disaster
3603,10147,A Look at State Actions a Year After #Ferguson's Upheaval http://t.co/qwSbVfLPE1,Other disaster
3604,8722,INVESTMENT NEWS Keurig Green Mountain Inc. Third-Quarter Earnings: Shares Sinking After-Hours - Stocks in the NewÛ_ http://t.co/GtdNW1SpVi,Not a disaster
3605,1033,#Nepal: This house near TIA bleeding intÛªl airline companies dry. | http://t.co/lI8wi1kuMY,Not a disaster
3606,6628,@MI_Country_Hick pfft! I wish I had a bot like that. Instead I'm daily inundated with 140 characters of the same unhinged machismo bullshit.,Not a disaster
3607,10222,USGS EQ: M 1.9 - 5km S of Volcano Hawaii: Time2015-08-06 01:04:01 UTC2015-08-05 15:04:01 -10:00 a... http://t.co/3rrGHT4ewp #EarthQuake,Earthquake
3608,3474,Metro acting chief Jack Requa says train that derailed was a six-car train with 1000 and 2000 series rail cars. #wmata,Other disaster
3609,10217,Eruption of Indonesian volcano sparks transport chaos: In this picture done from video Mount Raung inÛ_ http://t.co/7muG2kAhL7 ?,Other disaster
3610,3232,Businesses are deluged with invoicew. Make yours stand out with colouj or shape and it's likely to rise to the top of the pay' pile.,Not a disaster
3611,9228,PKK Suicide Bombing Kills 2 Soldiers in Turkey http://t.co/dfanUDwSQ3,Explosion
3612,4681,Man is equally incapable of seeing the nothingness from which he emerges and the infinity in which he is engulfed -- Blaise Pascal,Not a disaster
3613,2161,Following a catastrophic injury acute medical care takes precedent.  PTSD often follows in it's wake undetected... http://t.co/BZkqpl6R0a,Other disaster
3614,9315,I Will Survive by Gloria Gaynor (with Oktaviana Devi) ÛÓ https://t.co/HUkJZ1wT36,Other disaster
3615,3386,The only demolition 2 be done by Christians is the putting away or throwing out of the flesh &amp; sin - personally. #IntheSpiritWeBuild 2gether,Not a disaster
3616,8429,Watch This Airport Get Swallowed Up By A Sandstorm In Under A Minute http://t.co/wD9ODwjj9L,Storm/Hurricane/Tornado
3617,1813,I hope the only time I end up on TV is when I'm being arrested for lighting buildings on fire.,Fire/Wildfire
3618,5389,Found this cool photo not mine 1952 Dodge Wayne bodied 4 window bus.  Ex Libby MT Fire Department truck. All oriÛ_ http://t.co/mcEjZzxgh8,Fire/Wildfire
3619,4395,Sure the #Megaquake story brought a sense of panic but the question is: will anything really change? http://t.co/9f3rDN9N3D,Other disaster
3620,10655,Help yourself or those you love who suffer from self-esteem wounds. You can today! http://t.co/tu6ScRSXVG http://t.co/iDhj4JBQ05,Not a disaster
3621,9651,A STRONG THUNDERSTORM WILL AFFECT CENTRAL HALIFAX COUNTY THROUGH 1145 PM EDT for Halifax [VA] till 11:45 PM EDT http://t.co/MjSTefgGU5,Storm/Hurricane/Tornado
3622,3956,70 Years After Atomic Bombs Japan Still Struggles With War Past: The anniversary of the devastation wrought b... http://t.co/iTBJ6DKRZI,Explosion
3623,58,Check these out: http://t.co/rOI2NSmEJJ http://t.co/3Tj8ZjiN21 http://t.co/YDUiXEfIpE http://t.co/LxTjc87KLS #nsfw,Not a disaster
3624,5407,Choose to be happy. Fire truck the rest.' http://t.co/tAmRCWfYgd ????? Review of Kick Push by @JayMcLeanAuthor,Not a disaster
3625,7274,3 Former Executives To Be Prosecuted In Fukushima Nuclear Disaster http://t.co/UmjpRRwRUU,Other disaster
3626,1980,Drought fuels bush fires in Jamaica - http://t.co/ZDtDqQbAHC http://t.co/PsQCNsVfgP - @JamaicaObserver @cnewslive RE https://t.co/6ZGef8J8Bm,Fire/Wildfire
3627,3124,"Malaysia seem more certain than France.

Plane debris is from missing MH370 http://t.co/eXZnmxbINJ",Other disaster
3628,874,FedEx no longer shipping bioterror germs - WXIA-TV | @scoopit http://t.co/ZQqJrQsbJm,Not a disaster
3629,8441,Watch This Airport Get Swallowed Up By A Sandstorm In Under A Minute http://t.co/bgM4cSrbVd,Storm/Hurricane/Tornado
3630,7757,A man tried to steal my phone I saw ye police near me and punched him and started shouting for them. I ran after him for two miles....,Not a disaster
3631,7985,ABC News The Latest: More Homes Razed by Northern California Wildfire ABC News The latest onÛ_ http://t.co/RruNs5rDz5,Fire/Wildfire
3632,9526,Three Israeli soldiers wounded in West Bank terrorist attack - Haaretz http://t.co/u4gSBNU8wc,Violence/Attack/Terrorism
3633,5101,The Adventures of Mineness #9   The Famine Is Over http://t.co/spYmIQNeCj,Other disaster
3634,10913,Authorities confirmed seismic activity near Sydney moments ago.,Earthquake
3635,2185,Jim Rickards Blog: Catastrophic Outcomes May Come Faster Than Expecte... http://t.co/czEgzbnJ4x http://t.co/B53yr0ccmX,Not a disaster
3636,2720,Man crushed to death by own car http://t.co/CrPO9DkW9v,Other disaster
3637,1339,I don't understand how White Iverson by Post Malone hasn't blown the fuck *UP* already.,Not a disaster
3638,5566,Hey @FLOOD_magazine send me to #HOTCHIP @hot_chip @greektheatrela,Flood
3639,897,Bioterrorism : Guidelines for Medical and Public Health Management (2002) http://t.co/zkUXHnoBaG http://t.co/FHgkYxffu5,Violence/Attack/Terrorism
3640,2828,"Back to the future in #Vanuatu how Cyclone Pam has encouraged traditional ways of living:
http://t.co/aFMKcFn1TL http://t.co/6QZXFK2LFS",Storm/Hurricane/Tornado
3641,1950,like for the music video I want some real action shit like burning buildings and police chases not some weak ben winston shit,Not a disaster
3642,1720,@ameenshaikh3 sir i just only wanted to make a point about @sureshpprabhu you made and said he is lying about bridge collapse.,Other disaster
3643,10888,Emergency crews are responding after an earthquake rattled London.,Earthquake
3644,1775,Fire destroys two buildings on 2nd Street in #Manchester http://t.co/Tqh5amoknd,Fire/Wildfire
3645,6620,@Rossifumibhai @alexeeles all 6 of them?! As you can see from the pic they were clearly inundated. Good try though,Not a disaster
3646,5171,Understand that there are no fatalities as no one was trapped inside the wholesale market. 8 fire engines and 40 fire fighters on scene.,Fire/Wildfire
3647,10374,I will adamantly opposed to nuclear weapons.,Other disaster
3648,11304,People are stranded after sudden flooding hit Houston.,Flood
3649,8466,@theboysftvines oh my god i SCREAMED WHEN I SAW THIS YESSSS,Not a disaster
3650,1533,this is about to be a bomb ass firework picture http://t.co/lr4BTvuEoM,Not a disaster
3651,5206,PolicyLab is at @CECANF's last public hearing in NYC today and tomorrow to address child abuse and neglect fatalities http://t.co/n2cY3Z4TPB,Other disaster
3652,3247,Glimpses: &lt;b&gt;Hyderabad&lt;/b&gt; deluged by heavy rainfall: HYDERABAD: With flood waters headingÛ_ http://t.co/TWFWTxZ2dS,Flood
3653,7861,Fucking yes /r/antiPOZi is quarantined.  Triggered the cucks we have.,Not a disaster
3654,6017,Caution: breathing may be hazardous to your health.,Not a disaster
3655,4883,my brain id about to explode lmao,Not a disaster
3656,9727,@MeekMill Have your beef Idgaf but you went too far when you used a tragedy where PEOPLE DIED to insult Drake. You owe T.O an apology.,Not a disaster
3657,8849,@wizkhalifa smoke ??so much you don't gotta do shit but light?? one of his locks on fire  ...that's like a whole tre five right there.,Fire/Wildfire
3658,4200,Wtf this mom just drowned her child?!,Other disaster
3659,2899,"lmao fuckboy changed his @ for damage control
@Pseudojuuzo",Not a disaster
3660,9587,Tuesday Bolts ÛÒ 8.4.15 http://t.co/mkMSV54eV2 #Thunder #NBA,Not a disaster
3661,9966,I just wanna food but of course I had to get caught in this fucking tsunami. ????,Not a disaster
3662,4187,drown me in clementines,Not a disaster
3663,8019,./.....hmm 12000 Nigerian refugees repatriated from Cameroon http://t.co/YTW9SlWvmg /(,Other disaster
3664,6517,@ringsau and injuries can account for elevated levels of tb4 Richard?,Not a disaster
3665,1200,This game drove me to a rolo mini blizzard,Not a disaster
3666,3706,@evdaikoku @zjwhitman carp erased justin smith?? Pretty sure he destroyed our leftside,Not a disaster
3667,1745,into burning fucking buildings (2/2),Other disaster
3668,4918,The Dress Memes Have Officially Exploded On The Internet http://t.co/3drSmxw3cr,Other disaster
3669,2649,Heard #SKH on the radio for the first time. Almost crashed the car. @5SOS @Ashton5SOS @Luke5SOS @Michael5SOS @Calum5SOS,Accident/Crash
3670,11277,Boats are being used for rescues in flooded areas of Berlin.,Flood
3671,5145,11-Year-Old Boy Charged With Manslaughter of Toddler: Report: An 11-year-old boy has been charged with manslaughter over the fatal sh...,Other disaster
3672,6327,While being held hostage by Tobias Hankel,Violence/Attack/Terrorism
3673,2731,Papi absolutely crushed that ball,Not a disaster
3674,7969,The Latest: More Homes Razed by Northern California Wildfire - ABC News http://t.co/lY8x7rqbwN,Fire/Wildfire
3675,3750,"How can we help save a beautiful town in Ontario from destruction by a power plant developer?
http://t.co/hlD5xLYwBn",Not a disaster
3676,1990,28 Oct 1895: 'Bush Fires.' http://t.co/zCKXtFc9PT,Fire/Wildfire
3677,237,"#OMG! I don't believe this. #RIP bro
#AirPlane #Accident #JetEngine #TurboJet #Boing #G90 http://t.co/KXxnSZp6nk",Accident/Crash
3678,2697,@Team_Barrowman Just saying your my man crush!,Not a disaster
3679,10462,In Europe nature is kind while in US they have tornados hurricanes wild fires earthquakes flash floods mega snow droughts.,Earthquake
3680,2865,@writebothfists It got pretty windy here too... But no damage.,Not a disaster
3681,3500,@GerryConnolly @RepDonBeyer @timkaine Today's #Metro commute debacle w/derailed non-passenger train shows clearly we need a Rail MGR CEO!,Other disaster
3682,9799,Billionaire Mottas Try Getting Trapped Money Out of Venezuela - Bloomberg http://t.co/5JqMWaf6Vp,Not a disaster
3683,7288,3 Former Executives to Be Prosecuted in Fukushima Nuclear Disaster http://t.co/JSsmMLNaQ7,Other disaster
3684,5697,Flash floods landslides possible as Hanna draws in more monsoon rains - Pagasa http://t.co/TzWmsEQPHW | via News5 #iBalita,Flood
3685,3331,Uttarakhand: Journalist's house demolished who exposed corruption - Oneindia http://t.co/Ro1aWWuDYE,Not a disaster
3686,10409,I moved to England five years ago today. What a whirlwind of time it has been! http://t.co/eaSlGeA1B7,Other disaster
3687,5715,Our little forest fire wardens http://t.co/aPreNsss3x,Fire/Wildfire
3688,7523,Refugio oil spill may have been costlier bigger than projected http://t.co/gtHddzAvhg #LosAngelesTimes #latimes #news,Other disaster
3689,9163,Suicide Bomber Kills 13 At Saudi Mosque http://t.co/VHQeD0gO0n,Explosion
3690,1858,@widouglass @kurrrlyW @AdamRubinESPN @Nationals Welp that dunce got burned here,Not a disaster
3691,7040,Tonight It's Going To Be Mayhem @ #4PlayThursdays. Everybody Free w/ Text. 1716 I ST NW (18+) http://t.co/iW2OTzQFkH,Not a disaster
3692,2253,Emergency prompted due to chemical spill at a factory near RedruthåÊUK https://t.co/oiCtAcbwSR http://t.co/46lSIanjMC,Not a disaster
3693,859,FedEx no longer will ship potential bioterror pathogens - Atlanta Business Chronicle http://t.co/YLLQJljiIQ,Not a disaster
3694,10073,Obama Declares Disaster for Typhoon-Devastated Saipan: Obama signs disaster declaration for Northern Marians a... http://t.co/9i6CrCRq2m,Storm/Hurricane/Tornado
3695,3168,Photo: forrestmankins: Colorado camping. http://t.co/S0VgTkhW7V,Not a disaster
3696,231,Horrible Accident Man Died In Wings Of ÛÏAirplaneÛ 29-07-2015. WTF You CanÛªt Believe Your EYES ÛÒ... http://t.co/6fFyLAjWpS,Accident/Crash
3697,2232,Rossendale: Emergency services called to Bacup after 'strong' chemical smells http://t.co/hUDTl2HdSV #rossendale,Not a disaster
3698,1954,Heavy smoke pouring out of buildings on fire in Port Coquitlam http://t.co/GeqkdaO4cV http://t.co/Dg0bGzeCgM,Fire/Wildfire
3699,3194,#BigData Deluge is out! http://t.co/khatZh7agZ,Not a disaster
3700,9518,Tltltltltlttlt @P_Grolsh: Ladies are doing gymnastics in the shower!!! Opening legs wider wololo #MetrofmTalk,Not a disaster
3701,189,@JadeForMKX You should be happy I don't use Aftershock. That variation counters your play style hard.,Not a disaster
3702,3462,DC Media: tip for getting updates on the derailed #WMATA train today - ask them about movie night and quickly change the subject!,Other disaster
3703,65,I gained 3 followers in the last week. You? Know your stats and grow with http://t.co/TIyUliF5c6,Not a disaster
3704,432,There's a Storm over Cairo in the latest 'X-Men Apocalypse' set photo https://t.co/fS012trUDG via @YahooTV,Storm/Hurricane/Tornado
3705,8040,In Photos: The Young Refugees Forced to Flee Burundi's Violence | VICE News https://t.co/jOjnq2oOPi see more http://t.co/DsKuI6Mmgl,Other disaster
3706,1629,Bombing of Hiroshima 1945. http://t.co/4UHq9jKCvq,Explosion
3707,9185,Suicide Bomber Kills More Than a Dozen in Saudi Mosque: Saudi Arabia have started experiencing some terrorist ... http://t.co/GuAJ2t910b,Explosion
3708,7745,Police arrest suspect in killing of Mexican journalist and 4 women http://t.co/uvxLZhIG4R,Not a disaster
3709,9929,Sitting in my room the whole time in vegas to stay out of trouble,Not a disaster
3710,2298,627% but if they had lower striked than 16 I would have gone even further OTM. This could really fall off a cliff.,Other disaster
3711,9112,//./../.. Pic of 16yr old PKK suicide bomber who detonated bomb in Turkey Army trench released http://t.co/Sj57BoKsiB -/,Explosion
3712,9525,"RT AbbsWinston: #Zionist #Terrorist Demolish Tire Repair Shop Structure in #Bethlehem
http://t.co/ph2xLI8nVe http://t.co/22fuxHn7El",Violence/Attack/Terrorism
3713,690,[infowars]  Nashville Theater Attack: Will Gun Grabbers Now Demand ÛÏHatchet Control?Û http://t.co/n3yJb8TcPm #nwo,Violence/Attack/Terrorism
3714,795,No snowflake in an avalanche ever feels responsible.,Not a disaster
3715,2287,"Video: Man rescued after 80ft cliff fall at Shaldon
Read more: http://t.co/efQCLTEVlr http://t.co/4gQy7ziMfC",Not a disaster
3716,10046,@bamagaga Best part of today? Your song I'M TO BLAME by @KIPMOOREMUSIC is about to play on 101.9 The Twister! http://t.co/sKV3O4Teni,Not a disaster
3717,4439,#KCA #VoteJKT48ID JoelHeyman: My loose understanding is: @ 750k subs AH will electrocute then eat Michael. Don't want 2 influence anythinÛ_,Not a disaster
3718,7844,Reddit Will Now Quarantine Offensive Content http://t.co/LTmgdP6Jaf,Other disaster
3719,9644,OUN continues Severe Thunderstorm Warning for Oklahoma [OK] till 10:30 PM CDT http://t.co/oIM6Po8XCu,Storm/Hurricane/Tornado
3720,7494,"Path of Obliteration
Back From The Dead
Story by @KyleWappler @thisishavehope

 http://t.co/1PdNlsP8XW",Other disaster
3721,6352,#hot  C-130 specially modified to land in a stadium and rescue hostages in Iran in 1980 http://t.co/g601NBD7wS #prebreak #best,Violence/Attack/Terrorism
3722,7107,VINTAGE EAGLE 4' OIL CAN OILER FOR WWII JEEP MB GPW MILITARY  VEHICLE TOOL KIT http://t.co/9tpFRN725P http://t.co/hVH6b3wOLg,Not a disaster
3723,7636,The move Saturday --&gt; #Mirage! 400 N. West st. Raleigh NC 21+ http://t.co/bXdaTWjNHS Tickets at: http://t.co/7hAnPcr5rK,Not a disaster
3724,4350,Contruction upgrading ferries to earthquake standards in Vashon Mukilteo - Q13 FOX http://t.co/E981DgSkab #EarthquakeNews,Earthquake
3725,11268,Emergency services are responding to flood damage in Bangkok.,Flood
3726,7624,: Pandemonium In Aba As Woman Delivers Baby Without Face (Photos) - http://t.co/mA7cbwuCpd,Not a disaster
3727,2854,Drop it down on a nigga do damage ! ??,Not a disaster
3728,6588,Most of us ddnt get this English  RT @ReIgN_CoCo: The World Is Inundated With Ostentatious People Stay Woke!,Not a disaster
3729,200,When carelessness leads to an aviation accident the victim has the right to seek compensation for damages. http://t.co/eqAG6rz1vO,Accident/Crash
3730,9205,Kurdish Militants Target Turkish Military In Suicide Attack - Huffington Post http://t.co/03bJm4ORoW,Violence/Attack/Terrorism
3731,9824,It's shocking how your heart repairs itself from such terrible trauma,Not a disaster
3732,9279,"Sweet jeezus. How is this an election issue?
This is how far we've sunk. https://t.co/XJ5BklBxWI",Not a disaster
3733,6982,One Year After Massacre IraqÛªs Yazidis a Broken People http://t.co/pHqK28doni,Not a disaster
3734,5248,Fatality https://t.co/GF5qjGoyCi,Other disaster
3735,11183,People are stranded after sudden flooding hit Toronto.,Flood
3736,1593,The majority of those killed were civilians on the ground after the jet first bombed the city's main street then dramatically plummeted,Explosion
3737,3360,"#Muslim cemetery demolition infuriates cultural groups in #Israel 

http://t.co/vpLZKUidz2",Not a disaster
3738,8334,#360WiseNews : China's Stock Market Crash: Are There Gems In The Rubble? http://t.co/aOd2ftBMGU,Accident/Crash
3739,177,320 [IR] ICEMOON [AFTERSHOCK] | http://t.co/THyzOMVWU0 | @djicemoon | #Dubstep #TrapMusic #DnB #EDM #Dance #IcesÛ_ http://t.co/83jOO0xk29,Not a disaster
3740,6561,#PFT Barkevious Mingo missed Browns practice with a mystery injury http://t.co/D7m9KGMPJI,Not a disaster
3741,1169,"This is the Red Eye crossing the ocean
Peeling potatoes with servile devotion...

#BLIGHT!",Not a disaster
3742,11145,Authorities issued a flood warning for Manila.,Flood
3743,272,AMBULANCE SPRINTER AUTOMATIC FRONTLINE VEHICLE CHOICE OF 14 LEZ COMPLIANT | eBay http://t.co/Kp2Lf4AuTe,Not a disaster
3744,1686,Bridge collapse not natural calamity but man-made: MPP lambasts Congress - KanglaOnline http://t.co/jp9XylA3C5  #Yugvani,Other disaster
3745,996,SHOUOUT TO @kasad1lla CAUSE HER VOCALS ARE BLAZING HOT LIKE THE WEATHER SHES IN,Not a disaster
3746,6320,Wtf? Her biological father is holding her hostage and her adoptive parents haven't even looked for her. Criminal minds got me fucked up.,Not a disaster
3747,10938,Residents reported strong tremors after an earthquake hit Tokyo.,Earthquake
3748,4949,"that exploded &amp; brought about the
beginning of universe matches what's
mentioned in the versethe heaven and Earth
(thus the universe)",Not a disaster
3749,3883,Ignition Knock (Detonation) Sensor ACDelco GM Original Equipment 213-296 http://t.co/dBwSPgHhsa http://t.co/1CaLqDwvhw,Not a disaster
3750,9060,[CLIP] Top-down coercion - The structural weakness ensuring government failure http://t.co/gNORIjnSVa,Not a disaster
3751,5776,Property losses from northern California wildfire nearly double http://t.co/oTfW5SEkD7 via @YahooNews,Fire/Wildfire
3752,10279,Just trying to find my my peace in a Zone of war,Not a disaster
3753,10971,The earthquake in Delhi caused power outages and road damage.,Earthquake
3754,8374,Long Road To Ruin - Foo Fighters,Not a disaster
3755,2407,I'm not saying you should freak out but Collide starts in 30 mins so you should freak out!  GetÛ_ https://t.co/QOK1BSYZEU,Not a disaster
3756,8652,Latest: USA: Huge sinkhole swallows up Brooklyn intersection http://t.co/vspKHg3nZy,Not a disaster
3757,9425,@Arovolturi3000 survived because of magic  she is searching the wood for survivors outside of London,Other disaster
3758,2188,Learning from the Legacy of a Catastrophic Eruption - The New Yorker http://t.co/y8YqPBE4t9,Other disaster
3759,135,Aashiqui Actress Anu Aggarwal On Her Near-Fatal Accident http://t.co/6Otfp31LqW,Accident/Crash
3760,4345,New Mad Max Screenshots Show Off a Lovely Dust Storm Combat Magnum Opus http://t.co/MUdgU1pUNS http://t.co/AQxwOLbCfq,Not a disaster
3761,3914,ÛÏRichmond Coaches were devastated to hear of the death of their second driver Mr Chance who was sittingÛ_: Jam... http://t.co/dIalTa6t69,Other disaster
3762,4886,im sooooooo full my stomach is going to explode,Not a disaster
3763,11066,Aftershocks continue following the earthquake in London.,Earthquake
3764,9231,@NBCPolitics RUSSIA AND THAT BACK FIRED NOW 2015 look what happened 911bombing of marine barracks  suicide bombers attacks on world sites,Fire/Wildfire
3765,7541,California: Spring Oil Spill Estimate Grows ' by THE ASSOCIATED PRESS via NYT http://t.co/kUiecEtK2z,Not a disaster
3766,8450,"OMFG??
Didnt expect Drag Me Down to be the first song Pandora played 

OMFG I SCREAMED SO LOUD
My coworker is scared http://t.co/VzcvAdkcQp",Other disaster
3767,10934,The earthquake in Bangkok caused power outages and road damage.,Earthquake
3768,11189,Emergency services are responding to flood damage in London.,Flood
3769,10872,Police investigating after an e-bike collided with a car in Little Portugal. E-bike rider suffered serious non-life threatening injuries.,Other disaster
3770,10210,"Japan Aogashima Volcano. By Unknown - Check It Out! http://t.co/OegFQBIqIq
 #Aogashima #Japan #photography #Volcano",Other disaster
3771,433,|LIVE NOW| Princes of the Apocalypse:  D&amp;D Encounters #meerkat http://t.co/oY9ES9FVlt,Not a disaster
3772,5653,Residents in the central part of Ocean City heard from engineers about flood mitigation options Tuesday #OCNJ... http://t.co/jzPrCIqa9D,Flood
3773,10823,@Kirafrog @mount_wario Did you get wrecked again?,Accident/Crash
3774,2617,&gt; Bin Laden family plane crashed after 'avoiding microlight and landing too far down runway... http://t.co/Tu9cgLmgVR #rochdale #heywood,Accident/Crash
3775,179,Aftershock https://t.co/Ecy4U623nO,Not a disaster
3776,970,Lithgow News: Homeless after blaze near Portland http://t.co/Cht5w3znIK,Not a disaster
3777,2544,Traffic Collision - No Injury: I5 S at I5 S 43rd Ave offramp South Sac http://t.co/cT9ejXoLpu,Accident/Crash
3778,8747,Amateur Night' Actress Reprises Role for 'Siren' - HorrorMovies.ca #horror http://t.co/W9Cd6OFfcj,Other disaster
3779,2015,Afghan conflict sees 'sharp rise' in female casualties http://t.co/4hcYwRWN6L http://t.co/2TwXZ6vxbx,Other disaster
3780,277,http://t.co/pWwpUm6RBj Twelve feared killed in Pakistani air ambulance helicopter crash http://t.co/ySpON4d6Qo,Accident/Crash
3781,6317,Islamic State group in Egypt threatens to kill Croat hostage http://t.co/eIoQJWgEiX,Violence/Attack/Terrorism
3782,11206,Flash floods swept through Miami after heavy rainfall.,Flood
3783,9700,Blonde beauty Amanda shows you her big natural boobs in her first set http://t.co/qew4c5M1xd View and download video,Not a disaster
3784,4545,Be safe and be prepare from emergency kits to evacuation. Alertness esp women and children who are also @gmanews  https://t.co/3GALBowItN,Not a disaster
3785,6132,The Prophet (peace be upon him) said 'Save yourself from Hellfire even if it is by giving half a date in charity.,Fire/Wildfire
3786,123,@RobynJilllian @WlSDOMTEETHS I feel like I'm going to do it on accident. Teesha is gonna come out??,Accident/Crash
3787,10438,We all complain about PA but atleast we don't have those wild fires taking our homes like north Cali or the floods in Florida right now,Fire/Wildfire
3788,1946,I liked a @YouTube video http://t.co/EYma5CRlHk Mega Man ZX OST - T17: Ogre Claw (Area G - Burning Buildings),Not a disaster
3789,4307,How to Survive a Dust Storm http://t.co/0yL3yT4YLH,Storm/Hurricane/Tornado
3790,5075,Food crematoria' provoke outrage amid crisis famine memories... http://t.co/REsxAvgpyJ,Other disaster
3791,10445,Some great footage of STRONG work from San Bernardino County Fire who is also working the wild fires right now.... http://t.co/QCYQHvn2Ha,Fire/Wildfire
3792,4346,A dust storm in Pheonix. http://t.co/AMgfOnzUSD,Storm/Hurricane/Tornado
3793,5708,#WorldVision is responding to floods in #India and #MyanmarFlood with more than 300000 affected: http://t.co/eU8jypIzsd,Flood
3794,9018,Sweater Stretcher http://t.co/naTz5iPV1x http://t.co/leaEBy6cR2,Not a disaster
3795,11211,Rivers overflowed causing widespread flooding in London.,Flood
3796,4947,If that was ronaldo Twitter would have exploded,Not a disaster
3797,6003,JKL issues Hazardous Weather Outlook (HWO)  http://t.co/4e719w6m4V #WX,Other disaster
3798,5335,@seanhannity @ScottWalker yeah just who we need another middle class hating republican out to get hard working cops fire fighters teachers,Not a disaster
3799,119,Can wait to see how pissed Donnie is when I tell him I was in ANOTHER accident??,Not a disaster
3800,2234,"Emergency services in Hammondville. Near Jewell Close. STORY: http://t.co/jQcy5NwbUg  #Liverpool #7News
https://t.co/snpmAlngvd",Not a disaster
3801,7771,@BrandonMulcahy @fpine Here's the story http://t.co/TgXutUoyHl,Not a disaster
3802,9122,wo Pic of 16yr old PKK suicide bomber who detonated bomb in Turkey Army trench released http://t.co/Sj57BoKsiB /'/'//,Explosion
3803,4875,"KS except every character is Shizune.
The world would explode.",Not a disaster
3804,4966,Report: Corey Brewer was drug tested after 51-point explosion http://t.co/HhlLQCkcEP,Explosion
3805,4354,USGS EQ: M 1.2 - 23km S of Twentynine Palms California: Time2015-08-05 23:54:09 UTC2015-08-05 16:... http://t.co/T97JmbzOBO #EarthQuake,Earthquake
3806,9203,&lt; 25 Dead In Kuwait Mosque Suicide Bombing Claimed By ISIS Offshoot on http://t.co/eTITgPSrUN,Explosion
3807,1321,Wait until i tell my college friend who reafs bloody mary too about the drama cd,Not a disaster
3808,9382,Well said Sir. My cousin was a POW. Brutally treated. Survived but never talked about it. The bombing was justified https://t.co/SuDkK1wEEZ,Explosion
3809,8124,nigeriantribune: 4 kidnapped ladies rescued by police in Enugu | Nigerian Tribune http://t.co/7hmHpl1Z4y,Not a disaster
3810,8160,Fears over missing migrants in Med: Rescuers search for survivors after a boat carrying as many as 600 migrantsÛ_ http://t.co/UUHNC8ZkOW,Not a disaster
3811,6419,"Would you blow me kisses
If I kept my distance?
Would you send a hurricane
As proof of your existence?",Storm/Hurricane/Tornado
3812,3125,Malaysian Officials Say Debris Found on Reunion Island Is From #MH370. @BillNeelyNBC reports: http://t.co/r6kZSQDghZ,Other disaster
3813,6652,TommyGShow: Burlington County offers to purchase landslide-damaged properties in Florence http://t.co/xgguElyxyi,Not a disaster
3814,7698,@Dirk_NoMissSki yea but if someone faints why are they panicking?.. thats basic stuff ??,Other disaster
3815,5663,Myanmar Flooding: Heavy monsoon rains during the month of July have caused flooding flash floods and landsli... http://t.co/9TG7A5OqFP,Flood
3816,6340,"Russia stood down cold war nuke ban or face ocean superiority 
Unconditional surrender next putin
Game set match
Release the hostages",Violence/Attack/Terrorism
3817,7981,The Latest: More homes razed by Northern California wildfire - http://t.co/3tnuACIV3c http://t.co/SAkORGdqUL,Fire/Wildfire
3818,2733,WRAPUP 2-U.S. cable TV companies' shares crushed after Disney disappoints http://t.co/jFJLbF40To,Not a disaster
3819,6707,Neighbor kids stopped to watch me play Disney's I Lava You song on my uke. Left as I got into Journey's Don't Stop Believing #kidsthesedays,Not a disaster
3820,7468,"@bcwilliams92 We do need to overturn SCOTUS ruling that Congress can't mess with
POTUS. Obliteration of Constitution Will Continue.",Not a disaster
3821,242,Statistically I'm at more of risk of getting killed by a cop than I am of dying in an airplane accident.,Not a disaster
3822,7673,Now playing : Roppongi Panic [22PM] by @candydulfer #listen at http://t.co/ozoD1fdgas - Buy it http://t.co/8IZn6fw2qe http://t.co/uhgHpUiivf,Not a disaster
3823,863,#NowPlaying at #orchardalley in #LES of #nyc 'bioterror- manufactured fear and state repression' @abcnorio #gardens http://t.co/Ba2rRXUgsG,Violence/Attack/Terrorism
3824,6476,RT- Udhampur terror attack: Militants attack police post 2 SPOs injured: Suspected militants tonight at... http://t.co/wN414hp9hZ #News,Violence/Attack/Terrorism
3825,9410,"#WorldNews
 Fears over missing migrants in Med - BBC News - Home:
Rescuers search for survivors after a boat carr.. http://t.co/iJoBZ3MZp0",Other disaster
3826,6584,Michael Floyd out 4-6 weeks with a hand injury. #Cardinals http://t.co/bnMKlPZNiP,Not a disaster
3827,287,Twelve feared killed in Pakistani air ambulance helicopter crash http://t.co/TH9YwBbeet #worldNews,Accident/Crash
3828,2380,VIDEO: Link to the billowing fire after the SouthTowne Lanes roof collapsed: http://t.co/YrRHqZLKoR http://t.co/dXk4sUXMKV,Fire/Wildfire
3829,5240,Don't let your #writing suffer a fatality! Learn how to seek and destroy bad writing--weekly on Live Write Thrive: http://t.co/VVuL9eGPe8,Not a disaster
3830,1621,Today Japan marks 70 yrs since the U.S (A) bombed 2 cities killing over 120000 people But we have to worry about Iran http://t.co/FcIXk23XQH,Explosion
3831,10866,Suicide bomber kills 15 in Saudi security site mosque - Reuters via World - Google News - Wall ... http://t.co/nF4IculOje,Explosion
3832,2331,If Oikawa was in Karasuno I guess I'd just collapse from such an overwhelming happiness.,Not a disaster
3833,7972,The Latest: More Homes Razed by Northern California Wildfire - ABC News http://t.co/d1VjOYg52A,Fire/Wildfire
3834,9682,Tornado warnings issued for southern Alberta http://t.co/zqmzAi8yIz,Storm/Hurricane/Tornado
3835,927,@mariashriver Was '@FultonInfo'Court trip 2 keep strangers-BLK&amp;WHT-from us'g my @SSAPress ID or 2 forfeit 2 them due 2 Bioterrorism look?@AP,Violence/Attack/Terrorism
3836,5669,Granted like half my town floods when it rains but still whatever,Flood
3837,7209,#Nepal Magnitude 4.3 tremor rattles #Dolakha as #aftershock counts 367 | Recent Natural Disasters : http://t.co/Re1d5ffcSx,Earthquake
3838,8368,IT WAS REALLY AWFUL AND I CANT EVEN WORK WITH A MAKE UP ARTIST NOW BECAUSE THEY WILL RUIN THINGS.,Not a disaster
3839,10362,"??Water fight??
Penn park 6pm 
      BYOW
(Bring Your Own Weapons)",Not a disaster
3840,4449,#pakistan#news# PAKPATTAN City News: Man electrocuted From Our Correspondent PAKPATTAN: A man was electrocuted... http://t.co/frpbNhVPyI,Other disaster
3841,988,the bitches say im hot i say no bitch im blazing,Not a disaster
3842,8496,If you are quiet enough you can literally hear the phandom screaming at the tyler tweet,Not a disaster
3843,4124,Pretty neat website to get the latest drought conditions in your area https://t.co/uaoDOquDa1,Other disaster
3844,80,TRUCK ABLAZE : R21. VOORTREKKER AVE. OUTSIDE OR TAMBO INTL. CARGO SECTION. http://t.co/8kscqKfKkF,Other disaster
3845,5117,APD investigating fatal shooting of 3 year old child in southeast Anchorage http://t.co/qYccvUubkr,Violence/Attack/Terrorism
3846,3576,The Desolate Hope: Part 3: BATTLE!!!!: http://t.co/mx3HuxnXgX via @YouTube,Not a disaster
3847,1569,What would it look like if Hiroshima bomb hit Detroit?: Thursday marks the 70-year anniversary of the United S... http://t.co/6sy44kyYsD,Explosion
3848,8625,#Sismo DETECTADO #JapÌ_n [Report 3] 01:02:17 Okinawa Island region M3.8 Depth 10km Maximum seismic intensity 3 JST #??,Earthquake
3849,9626,Severe Thunderstorm Warning for Oklahoma County in OK until 10:30pm. http://t.co/Iyq8gf437p,Storm/Hurricane/Tornado
3850,4777,Rocky fire in Northern California swells to 60000 acres; 12000 evacuated http://t.co/42gW2i2Q41 Portland #Phoenix #Miami #Atlanta #Casper,Fire/Wildfire
3851,7379,@itsTiimothy bhill bruh you can obliterate beez,Not a disaster
3852,10015,"How many sons would a parson parse if a parson could parse sons?'

-popular tongue twister among religious woodchucks",Not a disaster
3853,1713,Australia's Ashes disaster - how the collapse unfolded at Trent Bridge http://t.co/UqEtEeltVU #telegraph,Not a disaster
3854,304,Cop pulls drunk driver to safety SECONDS before his car is hit by train. http://t.co/cTL5xzIHxAåÊ http://t.co/1kDOZTD9mv via @ViralSpell,Not a disaster
3855,318,@violentfeminazi I guess that's ok for Armenians since we've spent most of our history getting annihilated,Other disaster
3856,1467,drake been kept it the most hip hop during this beef and he fucking body bagging meek back to back ??,Not a disaster
3857,10716,*is a wreck* *gives ppl lifestyle advice*,Accident/Crash
3858,8535,"@LordMinion777 *screaming* i can't go!!!
:(",Not a disaster
3859,3909,@polishedstone 'Perrie is DEVASTATED' meanwhile....,Not a disaster
3860,703,Christian Attacked by Muslims at the Temple Mount after Waving Israeli Flag via Pamela Geller - ... http://t.co/ajMtU7EHy2,Violence/Attack/Terrorism
3861,11315,Flash floods swept through Kathmandu after heavy rainfall.,Flood
3862,2914,#onceaho Empire Girl: Vote Abella Danger: Adult Empire is running their first ever hunt for the Emp... http://t.co/xC5RJ36yv2 #alwaysaho,Not a disaster
3863,7251,If i tweet daily #Fukushima #Japan global nuclear disaster&amp; #Chernobyl ppl dont care there is no hope 4 humanity C&gt; http://t.co/MAcob5xLsU,Other disaster
3864,4739,The U.S. also flew over each bomb site in World War II with warning letters telling people to evacuate,Explosion
3865,649,Credit to @pfannebeckers for inspiring me to rediscover this fantabulous #tbt http://t.co/wMHy47xkiL,Not a disaster
3866,8218,To All The Meat-Loving Feminists Of The World Riot Grill Has Arrived http://t.co/TiOst8oKvX,Other disaster
3867,2345,Ashes 2015: Rampant England humiliate rival Australia http://t.co/kMBS7bXkQN,Not a disaster
3868,8816,@TravelElixir Any idea what's going on? I hear no sirens but this damn helo is flying so low my apt is shaking!,Other disaster
3869,2930,The Devil Wears Prada is still one of my favourite films ??,Not a disaster
3870,7876,I'm just going to say it. Under the new reddit policy changes I think /r/conspiracy will be quarantined and how that's bad for the truth mÛ_,Not a disaster
3871,7562,Families to sue over Legionnaires: More than 40 families affected by the fatal outbreak of Legionnaires' disea... http://t.co/z16jNX3LQe,Not a disaster
3872,1618,Me trying to pass lax with my family ends up by me having to run after the ball after it gets bombed over my head,Not a disaster
3873,9225,Suicide bombing at [location named]...' #premonitions http://t.co/iIkSsJGBDn,Explosion
3874,2323,West Side water main break causes street collapse (VIDEO) - El Paso Times http://t.co/uP9TWymJlV,Not a disaster
3875,4859,Evacuation order lifted for Roosevelt after #Wildfire misses town - KOMO News http://t.co/qCpMktGLLR,Fire/Wildfire
3876,10980,Emergency crews are responding after an earthquake rattled Bangkok.,Earthquake
3877,8934,I liked a @YouTube video http://t.co/z8Cp77lVza Boeing 737 takeoff in snowstorm. HD cockpit view + ATC audio - Episode 18,Storm/Hurricane/Tornado
3878,186,Bo2 had by far the best competitive maps imo hope bo3 is the same #InVahnWeTrust,Not a disaster
3879,10,"#flood #disaster Heavy rain causes flash flooding of streets in Manitou, Colorado Springs areas",Flood
3880,569,Palestinian Teen Killed Amid Protests Against Arson Attack http://t.co/okVsImoGic,Violence/Attack/Terrorism
3881,10505,California is battling its scariest 2015 wildfire so far. http://t.co/Lec1vmS7x2,Fire/Wildfire
3882,1958,@Trubeque Destruction magic's fine just don't go burning any buildings.,Not a disaster
3883,10466,Firefighters from Connecticut are headed to California to fight wild fires http://t.co/QWpUxPyWbF http://t.co/8jlXZ6fkxy,Fire/Wildfire
3884,7974,The Latest: More Homes Razed by Northern California Wildfire - ABC News http://t.co/55IdFT20A2 http://t.co/2VSX1yO5hT,Fire/Wildfire
3885,9813,#NissanNews : Trauma Alert and 1 Child Among 6 Hospitalized After 2-Car Wreck on A1A Near Bing's Landing: The ... http://t.co/9dWyJqvFY4,Accident/Crash
3886,8563,@simplyysacred dude like he screams his soul out,Not a disaster
3887,8063,Florida Firefighters Rescue Scared Meowing Kitten from Vent Shaft http://t.co/RVKffcxbvC #fire #firefighter,Fire/Wildfire
3888,916,To fight bioterrorism sir.,Not a disaster
3889,1571,@MattieLBreaux u the bomb ????????????????,Explosion
3890,11028,People evacuated buildings after feeling a strong quake in Tokyo.,Earthquake
3891,10481,Wild land fires.. Here I come. ??????,Fire/Wildfire
3892,6338,@hannahkauthor Read: American lives first | The Chronicle #FreeAmirNow #FreeALLFour #Hostages held by #Iran #IranDeal http://t.co/gWnLHNeKu9,Violence/Attack/Terrorism
3893,10905,Residents reported strong tremors after an earthquake hit Mexico City.,Earthquake
3894,714,#PT: The unit attacked by IS was responsible for targeting Muslim Scholars and imprisoning the youth. http://t.co/f4LhfmEhzh,Violence/Attack/Terrorism
3895,6599,"Our children are being inundated with the false ideas that #homosexuality is
normal and acceptable.",Not a disaster
3896,7759,Now Trending in Nigeria: Police charge traditional ruler others with informantÛªs  murder http://t.co/93inFxzhX0,Other disaster
3897,10227,@Jesssssssee @eevans17 The Illuminati: The Yellowstone Super Volcano Conspiracy http://t.co/wymv9cYxzK,Not a disaster
3898,2168,If a å£1 rise in wages is going to have such a catastrophic impact on wage structure. What the fuck is automation going to do!?,Not a disaster
3899,9161,Mosque bombing strikes Saudi special forces; at least 15 people dead: A suicide bomber struck a mosque i... http://t.co/gigW51IZpK #news,Explosion
3900,11173,Flooding shut down major roads in London today.,Flood
3901,2717,RT #Target Best price on #Avril Crushed Sheer #CurtainPanel #Curtains #Decor #Blinds #Shades : http://t.co/TBhbuX6dc0,Not a disaster
3902,3622,Hey girl you must be The Hobbit: Part Two: The Desolation of Smaug because|I'm not interestud in seeing you. Sorry.,Not a disaster
3903,4259,If you told me you was drowning. I would not lend a hand!,Not a disaster
3904,7432,mentions gotta be obliterated  https://t.co/3iDFkZfXI9,Not a disaster
3905,4843,Evacuation order lifted for town of Roosevelt Wash. though residents warned to be ready to leave quickly http://t.co/Na0ptN0dTr,Other disaster
3906,5591,How did I know as soon as I walked out of class that Calgary would flood again today,Flood
3907,72,Not a diss song. People will take 1 thing and run with it. Smh it's an eye opener though. He is about 2 set the game ablaze @CyhiThePrynce,Not a disaster
3908,8310,ChinaÛªs stock market crash this summer has sparked interest from bargain hunters and bulls betting on a rebound. DÛ_ http://t.co/1yggZziZ9o,Not a disaster
3909,2493,Bicycle-SUV accident in Mesick: Police say that the bicyclist entered onto West M-115 and collided with a boat... http://t.co/A9gtOPyZK8,Accident/Crash
3910,11241,Flooding shut down major roads in Auckland today.,Flood
3911,9467,Pakistan's Supreme Court rules to allow military trials for suspects in terrorism cases http://t.co/ajpbdCalew,Violence/Attack/Terrorism
3912,4612,Ballina emergency services have again been activated following a shark sighting of what has been described as two... http://t.co/Eu5tKTptpW,Not a disaster
3913,6745,@YoungHeroesID LAVA BLAST dan POWER RED #PantherAttack @Mirmanda11 @evaaaSR,Explosion
3914,22,Hey! How are you?,Not a disaster
3915,913,Uganda Seen as a Front Line in the Bioterrorism Fight,Violence/Attack/Terrorism
3916,588,Arson suspect linked to 30 fires caught in Northern California http://t.co/wnuqQAtTTP (via @latimes),Fire/Wildfire
3917,6326,@pmarca content is held hostage by network due to affiliation fees.,Violence/Attack/Terrorism
3918,9392,Important piece on long-term #health effects of #Hiroshima by @juliepower: http://t.co/J2s4Ng7wGt via @smh @croakeyblog,Not a disaster
3919,6384,"@Nervana_1 
As per previous behaviour JAN/AQ would deal with the kidnapped hostages not particularly pleasantly if Div 30 fought JAN/AQ.",Violence/Attack/Terrorism
3920,1431,@ohmyloz @RondaRousey who is bagging her body ? She's smoking hot ??,Not a disaster
3921,4710,[Question] Is anybody else having this problem with the '7' circle in Epicentre? via /r/jailbreak http://t.co/48TPnmbJVG,Not a disaster
3922,3164,@We3forDemocracy it already happens. ABs and rowers tweeting support for Nats last year and the deluge of celeb endorsements for Obama in 08,Not a disaster
3923,4645,We're #hiring! Click to apply: Staff Registered Nurse - Emergency Services (0.9 FTE Evening) - http://t.co/hhiUzIeLtr #Job #Issaquah WA,Not a disaster
3924,8773,Police siren sound effect 1 via Play Tube Fre http://t.co/BLWnTMyQmQ,Not a disaster
3925,2820,GREAT CONDITION Easton Cyclone Softball Bat Fastpitch (-9) 29/20 SK398 http://t.co/rA2mAjPkq2 http://t.co/y7gHHYK05b,Storm/Hurricane/Tornado
3926,1495,Womens Buckle Casual Stylish Shoulder Handbags Pockets Cross Body Bags White http://t.co/mWZQCjhZPb,Not a disaster
3927,3203,Do you feel deluged by unhappiness? Take the quiz: http://t.co/blBVVpbw2z http://t.co/05qooc9CbR,Not a disaster
3928,2505,@Zojadelin you literally almost had a head on collision with us today on pilot knob,Accident/Crash
3929,8509,/ it's fine baby I was screaming at the TV x https://t.co/JwDfPYG3NT,Not a disaster
3930,5120,@_AsianShawtyy ?????????? I'm sorry. But I'm out,Not a disaster
3931,1723,Mmmmmm I'm burning.... I'm burning buildings I'm building.... Oooooohhhh oooh ooh...,Other disaster
3932,6929,Happy boy to mass murderer http://t.co/xPddWH5teM,Other disaster
3933,11129,Rivers overflowed causing widespread flooding in Jakarta.,Flood
3934,11207,Rivers overflowed causing widespread flooding in Sydney.,Flood
3935,8084,UD: Rescue (Structural Collapse) - Scott Road @ Ypres Road York (14 Trucks),Other disaster
3936,4498,"A whistleblower lawsuit accuses that supervisor of sleeping on the job more than once according to officials. 

http://t.co/IPwySnik0G",Not a disaster
3937,4393,There was a small earthquake in LA but don't worry Emmy Rossum is fine,Earthquake
3938,3528,@AlvinNelson07 A train isn't made to withstand collisions! Immediate derailment. It's totally fucked.,Accident/Crash
3939,7313,Finnish ministers: Fennovoima nuclear reactor will go ahead http://t.co/rcLgI3tWAi,Not a disaster
3940,9317,"Escaping her captors was the 1st step. Now she must survive a deadly storm &amp; a wild-looking recluse.
BETRAYED
http://t.co/0Q040STkCV
#books",Storm/Hurricane/Tornado
3941,2014,Civilian casualties rise as Afghan war intensifies in 2015-- http://t.co/NnylXhInPx,Other disaster
3942,6470,@ChristieC733 please support this Please cosponsor S. 928 and support aid for sick and injured 9/11 responders! #renew911health,Other disaster
3943,4012,beautiful disaster https://t.co/qm5Sz0fyU8,Not a disaster
3944,9887,@Jude_Mugabi not that all abortions get you traumatised. At times you are okay with the decision due to reasons like rape,Not a disaster
3945,3411,Such activities of Govt can't derail us from our aim &amp; we still remain peaceful and unite for #FreeSikhPoliticalPrisnors &amp; @bapusuratsingh,Not a disaster
3946,794,Chevrolet : Avalanche LT 2011 lt used 5.3 l v 8 16 v automatic 4 wd pickup truck premium bÛ_ http://t.co/OBkY8Pc89H http://t.co/dXIRnTdSrd,Other disaster
3947,8330,China's Stock Market Crash: Are There Gems In The Rubble? http://t.co/BqBLWiw08g #ROIMentor #yycwalks,Accident/Crash
3948,4414,Photo: weallheartonedirection: I wouldnÛªt let David electrocute himself so IÛªm the asshole http://t.co/nC2d6IRm2u,Not a disaster
3949,1912,@8goingon80 I put on a ton of sunscreen and I'm still burning :/,Not a disaster
3950,4064,#KCA #VoteJKT48ID 12News: UPDATE: A family of 3 has been displaced after fired damaged housed near 90th and Osborn. Fire extinguished no iÛ_,Fire/Wildfire
3951,10967,Authorities confirmed seismic activity near London moments ago.,Earthquake
3952,5332,Dear @CanonUSAimaging I brought it ;) #CanonBringIt #Fire  #CanonTattoo #MN #TheresMoreWhereThatCameFrom http://t.co/tCXxHdJAs6,Not a disaster
3953,4353,2.0 #Earthquake in Sicily Italy #iPhone users download the Earthquake app for more information http://t.co/V3aZWOAmzK,Earthquake
3954,5726,Fire in Pisgah National Forest grows to 375 acres http://t.co/dao9AZEUcr,Fire/Wildfire
3955,5546,David Ortiz just absolutely flattened that baseball??,Not a disaster
3956,10212,#Earthquake #Sismo M 1.9 - 5km S of Volcano Hawaii: Time2015-08-06 01:04:01 UTC2015-08-05 15:04:01 -10:00 at ... http://t.co/eTswuoD3oM,Earthquake
3957,1434,People are bagging on Rousey's body? Shit I'd love to have a body like that. Those who are ridiculing her are probably dudes in skinny jeans,Not a disaster
3958,5223,@hrips_k when u do a fatality and like the corpse is still jittering,Other disaster
3959,5137,11-Year-Old Boy Charged With Manslaughter of Toddler: Report: An 11-year-old boy has been charged with manslaughter over the fatal sh...,Other disaster
3960,4432,@Omar_molina036 @Milioooo_ he's trying to electrocute ya ass lol hell no I ain't fucking with Emilio no more ????????,Not a disaster
3961,8097,Rescued Med migrants arrive in Sicily http://t.co/Z8xIqNgulc,Other disaster
3962,4338,@whatupdave Headline in 2075 'Dust Storm on Mars Destroys 1% of Money Supply,Storm/Hurricane/Tornado
3963,10603,Gunmen kill four in El Salvador bus attack: Suspected Salvadoran gang members killed four people and wounded s... http://t.co/CNtwB6ScZj,Violence/Attack/Terrorism
3964,6428,@BPGVII_GOAT thanks bro ????,Not a disaster
3965,8411,Watch This Airport Get Swallowed Up By A Sandstorm In Under A Minute http://t.co/1tr2KvXCTW,Storm/Hurricane/Tornado
3966,3079,Deaths 3 http://t.co/nApviyGKYK,Not a disaster
3967,2808,"#Camera #Art #Photography http://t.co/TJGxDc3D5p #0215 New BoltåÊCyclone DR PP-400DR Dual Outlet Power PackåÊFor External Camera Flash

$30Û_",Not a disaster
3968,4443,"Why can't robots have a shower? 
Answer: Because they will electrocute themselves!",Not a disaster
3969,6491,in fact if y'all could tag like small creeping or self inflicted injuries of the skin as derma (with brackets) that would be nice,Not a disaster
3970,6921,"Reminder: Mass murderer and white supremacist Anders Breivik was also unsurprisingly an anti-feminist.
http://t.co/1lXnJVl8TR",Other disaster
3971,10502,#IDFire Parker Ridge Fact Sheet Aug 6 2015 (Parker Ridge Wildfire): Information Phone: 208-267-6773 Email: pa... http://t.co/ZggpaCjP7D,Fire/Wildfire
3972,9506,Lupe know how to rap about social issues and not be boring.  American Terrorist All Black Everything and Little weapon are good examples,Violence/Attack/Terrorism
3973,10680,"Crawling in my skin
These wounds they will not hea",Other disaster
3974,8882,Do you guys remember my life goal to smoke a blunt with zouis? Well it's still a goal,Not a disaster
3975,7498,Refugio oil spill may have been costlier bigger than projected: A Plains All American Pipeline oil spill off ... http://t.co/yhmrEgAuxZ,Other disaster
3976,6527,@msnbc What a fucking idiot. He had a gun &amp; a hatchet yet there were still no serious injuries. Glad police terminated him.,Other disaster
3977,9850,"Simmering beneath #NHL good times the league's own concussion issues @PioneerPress

http://t.co/zl7FhUCxHL",Not a disaster
3978,4199,Clev: Me? | You. Clev: Indeed. | Do you know what happened to ben? Clev: He drowned. | How. Clev: By his father. @cleverbot,Not a disaster
3979,2340,Why did I come to work today.. Literally wanna collapse of exhaustion,Other disaster
3980,7159,Looks like a mudslide and tastes like rubber oh how I love the bake off! #britishbakeoff #paulhollywood,Not a disaster
3981,8551,*screams* http://t.co/PU7C4Hhbxj,Not a disaster
3982,6012,Caution: breathing may be hazardous to your health.,Other disaster
3983,4987,This whole podcast explosion thing has been weird. Just replied to a YouTube comment for the first time in... Ever. What is happening?!,Explosion
3984,10585,Gunmen kill four in El Salvador bus attack: Suspected Salvadoran gang members killed four people and wounded s... http://t.co/r8k6rXw6D6,Violence/Attack/Terrorism
3985,8407,Watch This Airport Get Swallowed Up By A Sandstorm In Under A Minute http://t.co/YSrSKuyaSw,Storm/Hurricane/Tornado
3986,1752,I Pledge Allegiance To The P.O.P.E. And The Burning Buildings of Epic City. ??????,Not a disaster
3987,4059,Next up: a charity program for disadvantaged people displaced by the tech boom in SF based on Tinder technology.  https://t.co/yNVz1WrgtN,Not a disaster
3988,8266,@BLutz10 People aren't rioting because justice has been served and that murderer is behind bars. Simple! No justice=no peace Justice=peace.,Other disaster
3989,11064,Aftershocks continue following the earthquake in Sydney.,Earthquake
3990,10075,Typhoon Soudelor taking dead aim at Taiwan http://t.co/3Ac5wuy1R0,Storm/Hurricane/Tornado
3991,9046,Investigators say a fatal Virgin Galactic spaceship crash last year was caused by structural failure after the co-pilot unlocked a braking,Accident/Crash
3992,11321,Flash floods swept through Tokyo after heavy rainfall.,Flood
3993,9364,Survived my first #tubestrike thanks to @Citymapper,Not a disaster
3994,2972,Nah @emmerdale @MikeParrActor ross ain't dead we all know he's just unconscious and your just being dramatic teases,Not a disaster
3995,2859,Damage done: How to Recover From a Negative Social Media Update http://t.co/W2wtjyS599 @SMExaminer,Not a disaster
3996,9503,The Terrorist Tried to Get Out of the Car; I Shot Him' http://t.co/VSoxKbt6Nq,Violence/Attack/Terrorism
3997,5516,Unlike the Donaldson dive into the stands no young boys were flattened in the Kyle Parker catch.,Not a disaster
3998,3544,Very sad to learn of the derailment of 2 trains in Mp.My deepest condolences to the families who lost loved ones in this Mishap @OfficeOfRG,Other disaster
3999,6329,Sydney hostage crisis has now been recovered from the AirAsia wreckage.,Accident/Crash
4000,3476,#Metro still doesn't know when Blue &amp; Orange lines will reopen. Empty passenger car derailed ~ 5 a.m. NOT a new 7000-series. @CQnow #WMATA,Other disaster
4001,158,@afterShock_DeLo im speaking from someone that is using a scuf on xb1 most of them people will end up getting on for ps also.,Not a disaster
4002,5967,"@fplhints hazard depay ozil Ritchie .
Should I go with 3 crazy strikers or 4 midfielders ? #fplboss",Not a disaster
4003,1171,#Detroit has made progress against blight but too many burned out shells of houses remain.,Not a disaster
4004,6720,I lava you,Not a disaster
4005,3246,Is Facebook being deluged by friending spam the last few days or is someone targeting me for some reason?,Not a disaster
4006,7729,@Sawyer_DAA @GuerrillaDawg worst feel in DS when u panicking during  boss fight and you chug two estus and the boss kills you while u drink,Not a disaster
4007,4776,Gold Coast tram evacuated due to broken powerlines http://t.co/hJqbA42iY9 #Local NewsbrokenEmergency ServicesGold CoastpowerlineTramTr,Not a disaster
4008,9028,Mxaaaa South Africans Just Can't Appreciate Effort #Stretcher Was Not That Bad  Stop Hating,Not a disaster
4009,11118,Authorities confirmed seismic activity near Mexico City moments ago.,Earthquake
4010,2647,"f496D mhtw4fnet

Pakistan says army helicopter has crashed in country's restive northwest  - Fox News",Accident/Crash
4011,4768,Red Cross re-opens shelter at Bickleton School after 25 homes evacuated in &amp; around Roosevelt WA due to wildfire. #LiveOnK2,Fire/Wildfire
4012,9143,Suicide Bomber Kills 13 At Saudi Mosque http://t.co/oZ1DS3Xu0D #Saudi #Tripoli #Libya,Explosion
4013,5521,Flattened https://t.co/9jCIBenckz,Not a disaster
4014,4537,Former heroin addict shares story as city leaders sound alarm: City officials said emergency teams responded t... http://t.co/GZxIPMOknB,Other disaster
4015,46,Birmingham Wholesale Market is ablaze BBC News - Fire breaks out at Birmingham's Wholesale Market http://t.co/irWqCEZWEU,Fire/Wildfire
4016,8698,that horrible sinking feeling when youÛªve been at home on your phone for a while and you realise its been on 3G this whole time,Other disaster
4017,5457,First Responders needed for a Cedar City community event Aug 7/8. Contact Terri Linford at 435-327-1148. Meeting tonight.,Not a disaster
4018,10367,WWII Memories Plus Lessons of Hiroshima We Still Need Nuclear Weapons http://t.co/xbMm7ITe9q #denver #billings #rapidcity #seattle #cheyenne,Other disaster
4019,7124,@2for1Lapdances For the people who died in Human Experiments by Unit 731 of Japanese military http://t.co/vVPLFQv58P http://t.co/yOMPxJpPTV,Other disaster
4020,8889,smoke me out,Not a disaster
4021,678,To love you love you love you ...  Massive Attack - Angel (HD) https://t.co/9TW34Gffox vÌ_a @YouTube,Violence/Attack/Terrorism
4022,11196,Residents are evacuating due to rising floodwaters in Jakarta.,Flood
4023,7596,Pandemonium In Aba As Woman Delivers Baby Without Face (Photos) http://t.co/s9fJTsGbmd,Not a disaster
4024,3354,http://t.co/AAffnDCDNq Draw Day Demolition: Daily football selection service that consis... http://t.co/wMu2VUNCKe http://t.co/7K9Rczd2O6,Not a disaster
4025,8258,@CloydRivers there were plenty of black people rioting when tOSU won the championship as well.,Not a disaster
4026,3960,70 Years After Atomic Bombs Japan Still Struggles With War Past: The anniversary of the devastation wrought b... http://t.co/aG65u29SGo,Explosion
4027,1840,burned 129 calories doing 24 minutes of Walking 3.5 mph brisk pace #myfitnesspal,Other disaster
4028,10491,11:57am Wildfire by The Mynabirds from Lovers Know,Fire/Wildfire
4029,3526,Railway Minister Prabhu calls MP derailment a natural calamity http://t.co/ocxBWGyFT8,Other disaster
4030,7280,Any disaster impairs mental health especially in vulnerable individuals... http://t.co/ZisuwLqRHf,Other disaster
4031,9245,Managed to shuffle over to the bed. Butterflies swarmed in the pit of her belly at @VengefulKnave's offer. Her canines sunk into her lower++,Not a disaster
4032,11045,The ground shook violently during an earthquake in Delhi.,Earthquake
4033,5989,DLH issues Hazardous Weather Outlook (HWO) http://t.co/WOzuBXRi2p,Other disaster
4034,2727,@JMastrodonato so the question is: would you crush Ortiz for bunting as your sports writing forefathers crushed Williams?,Not a disaster
4035,7938,"RAIN RAIN GO AWAY... A soaker is on the way 
------&gt; http://t.co/jQFcY9GuqV &lt;----- http://t.co/tN65puhfhw",Not a disaster
4036,6531,No injuries reported after Green Line train derails on South Side http://t.co/nM7HuH3bjC,Not a disaster
4037,2103,Small casualty on the way to Colorado http://t.co/hDVmhSQXHm,Other disaster
4038,5876,The Stephen Ave flower pots got a little ripped up in the hailstorm today #yyc #abstorm #calgary #iamdowntown http://t.co/hBhx0dwkPC,Storm/Hurricane/Tornado
4039,9210,Turkish troops killed in Kurdish militant 'suicide attack' http://t.co/wD7s6S0vci,Violence/Attack/Terrorism
4040,7697,@underrrtow molly send help im panicking over 6th form clothes what do i do,Not a disaster
4041,3522,Madhya Pradesh Train Derailment: Village Youth Saved Many Lives,Other disaster
4042,9214,Remembering Sgt.-Maj. Roni Ghanem 28 of Maghar murdered by Hamas terrorists in the suicide bombing of Egged bus No. 361 13 years ago today,Explosion
4043,4852,Update: More from Bend FD on how a natural gas line cut prompted evacuation of the main Post Office this afternoon http://t.co/wMmkIrJ0Hw,Other disaster
4044,6944,@Phoenix_Blue People will create rumors no matter what. The bottom line is giving fifteen minutes of fame to a mass murderer does no good.,Not a disaster
4045,7430,@Silverhusky Shtap!  Before your town is obliterated and the earth is salted T_T,Not a disaster
4046,7811,New post: 'Reddit Will Now Quarantine Offensive Content' http://t.co/ZuyTIBdIRk,Not a disaster
4047,4919,Final #Medinah update: shot a 105. 49 on front (exploded with a) 56 on back. #ImKeepingMyDayJob (pic is famous #17) http://t.co/kcmbBwwp8G,Other disaster
4048,11202,Homes were damaged as floodwaters surged through Tokyo.,Flood
4049,1891,@TheVenskus you led a killer workout today @TheSweatShoppe my core is burning. Now #gymtime #worktime #auditiontime #roccotime #noBS,Not a disaster
4050,8259,"@evacide The Ferguson RIOTS worked. This of this the next time you say RIOTING doesn't change anything.

There fixed it for you.",Other disaster
4051,10611,Police officer wounded suspect dead after exchanging shots: RICHMOND Va. (AP) ÛÓ A Richmond police officer wa... http://t.co/Y0qQS2L7bS,Other disaster
4052,5791,All Hail Shadow (Hybrid Mix Feat. Mike Szuter): http://t.co/9e2f7bIvlE @youtube ##youtube,Other disaster
4053,7273,3 former executives to be prosecuted in Fukushima nuclear disaster http://t.co/EmWU8Xksdu,Not a disaster
4054,8164,VIDEO: 'We're picking up bodies from water': Rescuers are searching for hundreds of migrants in ... http://t.co/awtScUCBBV #Africa #News,Other disaster
4055,2927,@riverroaming 'And not too much danger please.,Not a disaster
4056,9089,NTSB: Virgin Galactic crash caused by structural failure triggered when brakes unlocked early http://t.co/iKnyOk9zZr http://t.co/QCKqcX4Hw9,Accident/Crash
4057,3459,Happy no one was hurt when #wmata train derailed. Also the express bus is so much better than metro rail http://t.co/7cEhNV3DKy @fox5newsdc,Other disaster
4058,2982,Perspectives on the Grateful Dead: Critical Writings (Contributions to the Study http://t.co/fmu0fnuMxf http://t.co/AgGRyhVXKr,Other disaster
4059,9616,#usNWSgov Severe Weather Statement issued August 05 at 10:38PM EDT by NWS: ...THE SEVERE THUNDERSTORM WARNING ... http://t.co/EpzgG4uqJI,Storm/Hurricane/Tornado
4060,1904,the Burning Legion has returned,Not a disaster
4061,2968,@emmerdale #SummerFate that was so intense!! Can't believe Val's dead!!????,Not a disaster
4062,1506,"I love The body shopÛªs bags??

#cutekitten #catsofinstagram #summerinsweden #katt #katterpÌ´instagram #dumle #dagensÛ_ http://t.co/p4ZFXdnbcH",Not a disaster
4063,9891,@Tanishaa_ I have never watched it until now.. actually traumatised! ??,Not a disaster
4064,5058,QUESTION OF THE DAY: It has been proven that eyewitness accounts are not always very reliable. Does this... http://t.co/2I4brtSh93,Not a disaster
4065,10544,*looks outside at the windstorm* niiiice,Storm/Hurricane/Tornado
4066,3177,Back on the beach after the deluge.  Surf camp in motion.  Our Surf Therapy programme kicked off today for... http://t.co/vjsAqPxngN,Other disaster
4067,5742,Why can't they use ocean water to fight forest fires? http://t.co/NMWi5Sm3Uw,Fire/Wildfire
4068,5082,Russian 'food crematoria' provoke outrage amid crisis famine memories http://t.co/GyH00mRKjm,Other disaster
4069,6838,"School Bouta Start: 

Back To These Ignorant Ass Kids

Loud Ugly Want Be Seen Girls 

Niggas That Want Be Down

Aggravating Ass Teachers
??",Not a disaster
4070,1625,70 years ago today the United States of America bombed Hiroshima in Japan.,Explosion
4071,5814,@FaZe_Rain all hail the Cloud,Not a disaster
4072,5513,@jackcarter22 me and bricktop were laughing about him on sunday when he flattened 3 or 4 arsenal players from a corner ???? #tank #VaVaZouma,Not a disaster
4073,399,@spherulitic that almost feels like the SI signs of the apocalypse.  Lol.,Not a disaster
4074,10868,Green Line derailment in Chicago http://t.co/UtbXLcBIuY,Not a disaster
4075,2252,@PMBreedlove Russian nuclear-biological-chemical (NBC) brigade 'emergency response' exercise in Southern MD http://t.co/qyoT2B59ig Û_,Not a disaster
4076,8181,When Rescuers Found Him He Was Barely Alive. But They Had No Idea He Was Allergic To THIS! http://t.co/VecmsiUUh1,Other disaster
4077,3579,@WilliamTCooper TY for the follow Go To http://t.co/l9MB2j5pXg BRUTALLY ABUSED+DESOLATE&amp;LOST + HER LOVELY MUM DIES..Is it Murder? Pls RT,Not a disaster
4078,9561,this thunder though.......,Not a disaster
4079,9057,The result of failure in correcting structural problems with West's financial markets collapse https://t.co/DvieABlOFz,Other disaster
4080,5958,@DannyRaynard not bad personally I'd get rid of either hazard or aguero for a better striker than berahino,Not a disaster
4081,5504,This is gonna go down in flames ?? https://t.co/pjOG1LcYYV,Not a disaster
4082,10633,Police Officer Wounded Suspect Dead After Exchanging Shots' http://t.co/guNq7ZTUn4 #????_?????,Not a disaster
4083,10356,"Aug 3 1915ÛÓKILL 10000 WITH ROCKS.; Italians Make Good Use of Nature's Weapons -- Excel with Bayonet.
http://t.co/ck1mMvHU0T",Not a disaster
4084,10983,Aftershocks continue following the earthquake in Miami.,Earthquake
4085,8593,SEISMIC AUDIO SA-15T SA15T Padded Black Speaker COVERS (2) - Qty of 1 = 1 Pair! http://t.co/6OVxU5cy35 http://t.co/fAobg3I1zm,Earthquake
4086,10298,Yo that guy changed his weapon mid battle how did he do that?,Not a disaster
4087,4824,Do you know your hurricane evacuation route? Find it here: http://t.co/mWMVIcdW9O,Storm/Hurricane/Tornado
4088,4391,Earthquake drill ??,Earthquake
4089,5012,Read an eyewitness account from #Hiroshima on Aug. 6 1945 http://t.co/sbIP9g52YQ Mankind's worst invention.,Not a disaster
4090,6765,iCASEIT - MFi Certified Lightning Cable - 1m http://t.co/b32Jmvsb1E http://t.co/XKMiJGY59T,Not a disaster
4091,165,320 [IR] ICEMOON [AFTERSHOCK] | http://t.co/vAM5POdGyw | @djicemoon | #Dubstep #TrapMusic #DnB #EDM #Dance #IcesÛ_ http://t.co/zEVakJaPcz,Not a disaster
4092,2656,Womem Crush Wednesday ?????????????????? @mommyisbomb,Not a disaster
4093,1724,@DougMartin17 Fireman Ed runs into burning buildings while others are running out Doug he deserves your respect??????,Fire/Wildfire
4094,6468,@LoganMeadows11 @ChristianStec_ he's weak sauce he got injured by a sled,Not a disaster
4095,9908,@TitusOReily He's not responsible for the trouble urine!,Not a disaster
4096,7001,I guess ill never be able to go to mayhem...,Not a disaster
4097,7237,RT Karnythia: Another #ErasureIsNotEquality example? Movies like The Impossible about a natural disaster in Thailand that focuses on white Û_,Not a disaster
4098,4547,#EMERGENCY in Odai Bucharest Romania 600 Dogs Dying!They are so Hungry that they EAT EACH OTHER! http://t.co/pjigXPVPl0,Other disaster
4099,6493,If you're slating @gpaulista5 for @JackWilshere's injury then you're a disgrace to the #AFC fan base. Injuries happen you cunts!,Not a disaster
4100,11082,People evacuated buildings after feeling a strong quake in Bangkok.,Earthquake
4101,10079,nbanews Soudelor Typhoon Soudelor is taking dead aim at Taiwan and is expected to make landfall Friday according to the Joint TyphoonÛ_,Storm/Hurricane/Tornado
4102,4112,"Heat wave is relentless:  91å¡F Feels Like 100 Humidity 55% +
relentless drought too: now Dominicana. I know is worse in other places.",Other disaster
4103,3893,"We are on our way to Hiroshima.
Today is the 70th anniversary of the detonation of the atomic bomb.",Explosion
4104,3515,Madhya Pradesh Train Derailment: Village Youth Saved Many Lives: A group of villagers saved over 70 passengers' lives after two train...,Not a disaster
4105,8708,If you're lost and alone or you're sinking like a stone carry onnnn,Not a disaster
4106,1461,This man @zvch4 about to start body bagging these local jokal photographers,Not a disaster
4107,250,Twelve feared killed in Pakistani air ambulance helicopter crash http://t.co/zdsug0UjS7,Accident/Crash
4108,10839,Calgary Police Flood Road Closures in Calgary. http://t.co/RLN09WKe9g,Flood
4109,9049,Investigators rule catastrophic structural failure resulted in 2014 Virgin Galactic crash http://t.co/nLzbHcfXCM,Accident/Crash
4110,3531,25 killed 50 injured in Madhya Pradesh twin train derailment http://t.co/DNU5HWSxo2,Other disaster
4111,6064,Heat wave is ending! Watching a big area of rain though...will impact part of the area. Details NOW on NBC10 at 5pm,Other disaster
4112,9885,@EMILY4EVEREVER haha it's alright..but more than twice is just stupid ;) he's traumatised ????,Not a disaster
4113,10394,Weather forecast for Thailand  A Whirlwind is coming ...2 september https://t.co/rUKjYjG9oQ,Other disaster
4114,10966,A shallow earthquake has been detected in Rome.,Earthquake
4115,5236,@Babybackreeve FATALITY!!!!!!!!!!,Not a disaster
4116,10742,Wreckage 'conclusively confirmed' as from MH370: Malaysia PM http://t.co/Se1QkNPltS | https://t.co/DnhRviV1dJ,Accident/Crash
4117,5333,Even with delays? Like a bogged down cpu? #gunsense @Minutemaniac @shieldmaidn @BigFatDave,Not a disaster
4118,827,"#LonePine remembered around Australia as 'descendants' grow via @666canberra #Gallipoli #WW1
http://t.co/bwadX8ywqN http://t.co/UPFjy88KvI",Not a disaster
4119,4991,Ahead of Print: A New Paradigm of Injuries From Terrorist Explosions as a Function of Explosion Setting Type.:... http://t.co/tqQc3yxBoR,Explosion
4120,5676,#flood #disaster Bengal floods: CM Mamata Banerjee blames DVC BJP claims state failed to use ... - Economic T... http://t.co/BOZlwr716Z,Flood
4121,4202,Sadly before she could save humanity Ursula drowned in the drool of a protoshoggoth but at least she sort of died doing what she loved.,Other disaster
4122,128,FYI CAD:FYI: ;ACCIDENT PROPERTY DAMAGE;NHS;999 PINER RD/HORNDALE DR,Accident/Crash
4123,8689,#MTSAlert Orange &amp; Blue Line riders: Expect delays downtown due to a sinkhole that's developed in the vicinity of 4th &amp; C Street.,Other disaster
4124,2239,Our Chemical Spill Cleanup videos will prepare you for an emergency situation in the lab. http://t.co/UMQbyRUPBd,Other disaster
4125,1108,Wow bro blew up quick. Believe it or not he's this funny and clever in person at all times. You be like 'where... http://t.co/djIHN95YnB,Not a disaster
4126,5736,Only you can prevent forest fires. ???? http://t.co/rGYUaKc0dR,Fire/Wildfire
4127,6378,Sinjar Massacre Yazidis Blast Lack of Action Over Hostages http://t.co/fdU8aCnC2W #denver #billings #rapidcity #seattle #cheyenne #lasvegas,Explosion
4128,5743,As California fires rage Forest Service sounds the alarm about sharply rising wildfire costs http://t.co/dFYrPpzkPu http://t.co/iwsdbGd1zq,Fire/Wildfire
4129,4761,@misschaela_ not yet.  Everywhere else except us and like a few other shops like Panda are evacuated but they haven't come for us yet.,Not a disaster
4130,7777,Acting Public Information Officer (PIO) Until Monday August 10 http://t.co/FEBu2dH9Hs http://t.co/DsxV9p4eBz,Not a disaster
4131,5602,"survived the plague
floated the flood
just peeked our heads above the mud
no one's immune
deafening bells
my god will we survive ourselves?",Not a disaster
4132,8172,AH-Mazing story of the power animal rescuers have! A starving homeless dog with no future was rescued by a person... http://t.co/ficd5qbqwl,Other disaster
4133,5879,600 passengers abandoned at LRT station during Tuesday's hailstorm http://t.co/eLZoyEqA3m #yyc #yycstorm #abstorm,Storm/Hurricane/Tornado
4134,6986,The same UN who stood&amp;watched the Serbs massacre thousands of muslims in Yougslavia ?don't need any lessons off them https://t.co/Ubf3CFzfEX,Not a disaster
4135,4309,Dust Storm 'en route' from Alice Springs to Uluru http://t.co/4ilt6FXU45,Storm/Hurricane/Tornado
4136,7411,Shout out to fishtails your .75 cent natty light cans are going to be obliterated by yours truly,Not a disaster
4137,111,@Traffic_SouthE @roadpol_east Accident on A27 near Lewes is it Kingston Roundabout rather than A283,Accident/Crash
4138,4061,The year is 2065 and the national society of meme preservation has opened the first museum where memes and their origins are displaced,Not a disaster
4139,7220,Does more trust = more giving? Natural disaster yes - regular giving - maybe!  | Pro Bono Australia https://t.co/rXG0BvBBuS via @ProBonoNews,Not a disaster
4140,9692,A tornado flew around my room before you came...,Storm/Hurricane/Tornado
4141,5141,Success is not permanent &amp; failure is not fatal.,Not a disaster
4142,3934,@humblethepoet Lilly's YouTube channel got hacked. She's devastated. We're all worried about her! ??,Not a disaster
4143,10850,NWS: Flash Flood Warning Continued for Shelby County until 08:00 PM Wednesday. http://t.co/nZ7ACKRrJi #tnwx,Flood
4144,11194,Homes were damaged as floodwaters surged through Delhi.,Flood
4145,1854,@alfred00dle @PDLeague I'm sorry about that crit not 100% sure if it matter prob cuz I was burned,Not a disaster
4146,8997,Yes. He said its dropping soon '@SDotJR_: NO WAYS!!! A video for 'Stretcher'?! @Ofentse_Tsie,Not a disaster
4147,10452,@myralynn24 Becuase it can cause property damage and cause wild fires,Fire/Wildfire
4148,6178,Tension In Bayelsa As Patience Jonathan Plans To Hijack APC PDP - http://t.co/NIpZmfLiBD,Other disaster
4149,5551,The satisfaction of knowing you flattened someone with logic and reasoned argument ??,Not a disaster
4150,6842,"*Hears loud bang upstairs*
*goes outside sees 2nd floor window open*
*checks every room with a baseball bat in hand*",Not a disaster
4151,1023,@FunkyLilShack @mariaf30 I want a full on bitch slapping guns blazing cake throwing Charles showdown!! Now THAT will be worth the wait ????,Not a disaster
4152,2080,@bruminthecity oh no what coffee was it espresso? poss casualty of today's busiest thurs ever. come in for a perfect coffee - on the house.,Not a disaster
4153,5659,Thankkk U all Soo much for Flooding my NotificationsU my Fella ParShOlics r Superb &amp; Jus soo awesomeLove Love U All always #FrvrGrateful ??,Not a disaster
4154,9711,Rly tragedy in MP: Some live to recount horror: ÛÏWhen I saw coaches of my train plunging into water I called ... http://t.co/KiXRcBNjLs,Not a disaster
4155,2600,NEWS: 2 injured in school bus crash in Bordentown - http://t.co/672bY6OOjn | Details: http://t.co/N5IHOfDpD4,Accident/Crash
4156,2847,Red Tropical Cyclone alert for SOUDELOR-15 in China Northern Mariana Islands 06 Aug 2015 06:00 UTC http://t.co/DMnr5Nkfo7,Storm/Hurricane/Tornado
4157,9391,ÛÏ@BBCWomansHour: Setsuko Thurlow survived the #Hiroshima bomb. This is her story: http://t.co/cvjYML7KrM http://t.co/FpH01U3eIiÛ,Explosion
4158,4683,Men escape car engulfed in flames in Parley's Canyon crews investigating cause - http://t.co/1TVFfba95l http://t.co/ALjwAWkxPj,Not a disaster
4159,3389,@samajp32 really needs to tone it down some in the weight room. RT @SoonerSportsTV: Demolition (cont) http://t.co/2o7Eva1cOe,Not a disaster
4160,3587,@fotofill It looks so desolate. End of the world stuff. Gorgeous.,Not a disaster
4161,10924,Residents reported strong tremors after an earthquake hit Mexico City.,Earthquake
4162,8701,Sinking a little slower everyday ?? @ Muh Pond https://t.co/KuA48GdREL,Not a disaster
4163,4806,13000 evacuated as California firefighters fight flames to save homes: CLEARLAKE OAKS Calif. ÛÓ Wildfires lik... http://t.co/xwBYeaOWMw,Fire/Wildfire
4164,1669,Japan marks 70th anniversary of Hiroshima atomic bombing: Bells tolled in Hiroshima on Thursday as Japan marked 70Û_ http://t.co/NBZiKcJpHp,Explosion
4165,8127,NAIROBI Kenya (AP) ÛÓ Two people died and 25 others were rescued after a passenger boat with about two dozen passengers collided with a,Not a disaster
4166,7904,SB228 [Passed] Relating to sources of radiation; and declaring an emergency. http://t.co/D1xlFKNJsM,Not a disaster
4167,10238,#Sismo M 1.9 - 5km S of Volcano Hawaii: Time2015-08-06 01:04:01 UTC2015-08-05 15:04:01 -10:00 at epicente... http://t.co/K28mgWTZcV #CS,Not a disaster
4168,2857,FYI: ;ACCIDENT PROPERTY DAMAGE;3460 LIMESTONE LN;COL;YELLOWSTONE WAY;FIELDSTONE DR;08/05/2015 19:36:35,Accident/Crash
4169,203,family members of osama bin laden have died in an airplane accident how ironic ?????? mhmmm gov shit i suspect,Accident/Crash
4170,7834,? http://t.co/jGRA7oOISN #Reddit Will Now Quarantine Offensive Content #wired #tech http://t.co/0lTJzyrdS3 ? http://t.co/GvKDAQ4vkh,Not a disaster
4171,10616,The Police Chief assured the crowd that this officer-related shooting would be investigated: http://t.co/KMXzhO5TFM. http://t.co/AlBvDNwJtg,Violence/Attack/Terrorism
4172,5081,#IntlDevelopment Ukraine Famine Monument Erected In Washington: Û_ who perished in the Ukraine famine of the 19...  http://t.co/nUPy6EPAWn,Not a disaster
4173,4118,U.S. in record hurricane drought http://t.co/JXOMdLtJ73,Storm/Hurricane/Tornado
4174,1064,my ears are bleeding  https://t.co/EeVQj37Ndg,Not a disaster
4175,9527,something is seriously wrong.suddenly deres one attack after anoder.Did a large contingency of terrorist... http://t.co/MVhjSelV5z,Violence/Attack/Terrorism
4176,6400,Hurricane 30STM quem lembra,Storm/Hurricane/Tornado
4177,10750,Wreckage 'Conclusively Confirmed' as From MH370: Malaysia PM: Investigators and the families of those who were... http://t.co/pTeVY815mt,Accident/Crash
4178,6053,"UAE cool to Mideast heat-wave; rain watch latest [video]
NCMS issues warning of thundering rain poor visibility.... http://t.co/Tk65sKe0zm",Other disaster
4179,3837,Apollo Brown - Detonate (Ft. M.O.P.) https://t.co/NlJVP3Vfyz #FIYA!,Other disaster
4180,7591,Families to sue over Legionnaires: More than 40 families affected by the fatal outbreak of Legionnaires' disea... http://t.co/Paje5mxN1z,Other disaster
4181,3215,Businesses are deluged with invoices. Make your. stand out with colour or shape and it's likely to rise to the top of che pay' pile.,Not a disaster
4182,3929,Actually if I don't see Hunter Hayes and Lady Antebellum perform Where it All Begins live I will be a very devastated person :-),Not a disaster
4183,11322,Boats are being used for rescues in flooded areas of Auckland.,Flood
4184,10489,Parker Ridge Fact Sheet Aug 6 2015 (Parker Ridge Wildfire): Information Phone: 208-267-6773 Email: pa... http://t.co/ezEIsaSm0C #IDFire,Fire/Wildfire
4185,4942,The tap in the bath exploded and now it looks like someone shit in the bath. I love how great our plumbing is!????,Not a disaster
4186,4291,Drowning doesn't sound half bad rn,Not a disaster
4187,10211,http://t.co/16EClWrW84 Asics GT-II Super Red 2.0 11 Ronnie Fieg Kith Red White 3M x gel grey volcano 2,Not a disaster
4188,6477,Udhampur terror attack: Militants attack police post 2 SPOs injured: Suspected militants tonight attacked a p... http://t.co/cEKbxJmPBj,Violence/Attack/Terrorism
4189,6592,@Ryanair I am waiting to hear about my claim for compensation. I have received an email saying you are inundated so there will be a delay??,Not a disaster
4190,9598,suddenly it's off &amp; on gloomy &amp; thunder so loud it shakes the windows? Not ever on the Bay Area. Miss me w/that lol http://t.co/x4eCGGvnSN,Other disaster
4191,9396,Hiroshima survivors fight nuclear industry in Brazil Ì¢?? video http://t.co/GLZmGBM7w0,Other disaster
4192,5600,Flood Advisory issued August 05 at 4:28PM EDT by NWS http://t.co/D02sbM0ojs #WxKY,Flood
4193,3113,BBC News - MH370: Reunion debris is from missing Malaysia flight http://t.co/bze47fzKUd,Not a disaster
4194,6093,HELLFIRE EP - SILENTMIND &amp; @_bookofdaniel  https://t.co/FKqJY3EzyG,Not a disaster
4195,9867,Can you imagine how traumatised Makoto would be if he could see himself in the dub (aka Jersey Shore AU) rn? Well done America,Not a disaster
4196,11164,Residents are evacuating due to rising floodwaters in Houston.,Flood
4197,10622,Officer Wounded Suspect Killed in Exchange of Gunfire: Richmond police officer wounded suspect killed in exc... http://t.co/zDHwRN6cZc,Fire/Wildfire
4198,11242,Flooding shut down major roads in Manila today.,Flood
4199,6941,Just now convicted mass murderer James Holmes told the judge he won't use his right to ask jury for mercy in his own words. #TheaterTrial,Not a disaster
4200,3966,The Dones felt grief bordering on devastation at losing connection with God through their church communities. Packard http://t.co/r2pQQPfqCt,Not a disaster
4201,6361,Holmgren: We referred to those 35 days as 'the hostage situation.' We were Lou's 'hostages.,Violence/Attack/Terrorism
4202,7533,@News@ Refugio oil spill may have been costlier bigger than projected http://t.co/SqoA1Wv4Um,Other disaster
4203,3658,"If Shantae doesn't get in Smash I will destroy my Wii U.
#ShantaeForSmash #Shantae #ShantaeHalfGenieHero #Nintendo http://t.co/ZztbVjYPN1",Not a disaster
4204,5642,@themaine is it too soon to start flooding your comment section with 'come to brazil' comments? bc i will,Not a disaster
4205,3625,going to redo my nails and watch behind the scenes of desolation of smaug ayyy,Other disaster
4206,1377,@bmrow At first thought it was a blown-up DVD as I'm pretty sure POST MORTEM had been years back.,Not a disaster
4207,2101,"ÛÏ@5SOSGlobalSquad: me: will give all of my money to hear social casualty live 

#MTVHottest 5sosÛ I have about 5 buck here I'd give it all??",Not a disaster
4208,3912,@yeetrpan I asked if they were hiring and they said not you I was devastated.,Not a disaster
4209,3856,Open forex detonation indicator is irretrievable after this fashion a financial airborne controls: SjFEb http://t.co/RzQkzM7rb8,Not a disaster
4210,8946,So this storm just came out of no where. .fuck me its cool,Storm/Hurricane/Tornado
4211,9087,Virgin galactic crash: early unlocking of brakes triggered structural failure: The crash of a Virgin Galactic ... http://t.co/x3VqxdouVT,Accident/Crash
4212,3362,This sale and demolition trend near Metrotown is sure resulting in some poorly maintained apartments. #burnaby #changefortheworse,Not a disaster
4213,140,@Calum5SOS this happened on accident but I like it http://t.co/QHmXuljSX9,Accident/Crash
4214,3844,Track : Apollo Brown - Detonate ft. M.O.P.  |  @ApolloBrown @BILLDANZEMOP @FAMEMOP http://t.co/t9i3pWvjOy http://t.co/76aNr2iocL,Not a disaster
4215,2583,Thieves crash dealership gate steal four vehicles in Killeen http://t.co/aA47AXC6sr http://t.co/fz5axahPVr,Accident/Crash
4216,4593,The Municipal Emergency Plan is now in effect. Stay safe everyone! #abstorm #yyc http://t.co/14CIcptKNa,Storm/Hurricane/Tornado
4217,11083,A shallow earthquake has been detected in London.,Earthquake
4218,10911,Authorities confirmed seismic activity near San Francisco moments ago.,Earthquake
4219,8036,./.....hmm 12000 Nigerian refugees repatriated from Cameroon http://t.co/96p3hUJNTj /(,Other disaster
4220,6369,#Sinjar Massacre #Yazidis Blast Lack of Action Over Hostages http://t.co/JhOaHpbpQ4 Portland #Phoenix #Newyork #Miami #Atlanta #Casper #Iraq,Explosion
4221,7670,"Panic over: Patient in Alabama tests negative for Ebola
http://t.co/cY0CiU2u1C",Other disaster
4222,6035,"I added some dumb ideas to beat the #summer heat cheaply
 http://t.co/jatxpAFvA9 @brokelyn #brokelynati",Not a disaster
4223,796,STAR WARS POWER OF THE JEDI COLLECTION 1 BATTLE DROID HASBRO - Full read by eBay http://t.co/xFguklrlTf http://t.co/FeGu8hWMc4,Other disaster
4224,5581,@hellotybeeren cue the flood of people 'ironically' calling you that,Not a disaster
4225,11054,Aftershocks continue following the earthquake in New Orleans.,Earthquake
4226,1102,Just realized my dude @_OnlyFTF was on that 'What Are Those' way before it blew up @ the tusky ?? game @robsimss @CantMissKid,Not a disaster
4227,8033,wowo--=== 12000 Nigerian refugees repatriated from Cameroon,Not a disaster
4228,5932,@RJG0789 idk....I feel like his movies have done more harm than good. They make us look sterotypical annddd colorism is prevalent sort of,Not a disaster
4229,4253,LONDON IS DROWNING AND IIII LIVE BY THE RIVEEEEEER,Other disaster
4230,570,#Kisii Police in Kisii hunt for students over failed arson plot: Police in Kisii hunt for students... http://t.co/m5SbFRrSn7 #CountyNews,Other disaster
4231,3638,Escape The Heat (and the #ORShow) for a trail run on Desolation Loop you'll be glad you did http://t.co/n2ucNzh38P http://t.co/VU8fWYMw5r,Not a disaster
4232,2038,"@FlyOpineMonkey You mean Olympic ;-) 
Also its follow-up for Honshu Operation Coronet. 
In all: 1m Allied casualties 30m Japanese dead.",Other disaster
4233,5057,DK Eyewitness Travel Guide: Denmark: travel guide eBay auctions you should keep an eye on: http://t.co/7Tcs1ePOrQ,Not a disaster
4234,10560,Texas Seeks Comment on Rules for Changes to Windstorm Insurer http://t.co/BP6MfJHARS,Not a disaster
4235,5679,"Who is bringing the tornadoes and floods. Who is bringing the climate change. God is after America He is plaguing her
 
#FARRAKHAN #QUOTE",Flood
4236,3907,Obama declares disaster for typhoon-devastated Saipan #Worldnews http://t.co/9NYXjndoRA,Storm/Hurricane/Tornado
4237,710,Christian Attacked by Muslims at the Temple Mount after Waving Israeli Flag via Pamela Geller - ... http://t.co/5qYcZyWKgG,Violence/Attack/Terrorism
4238,4511,God forbid anyone in my family knows how to answer a phone. I need new emergency contacts.,Not a disaster
4239,5115,Boy 11 charged with manslaughter in shooting death of Elijah Walker: The 11-year-old appeared Wednesday in a... http://t.co/gtcFfaCvam,Violence/Attack/Terrorism
4240,3086,"Cancers equate for around 25% of all deaths in #Blackpool. 

Kowing the signs could save your life: http://t.co/5lNIdvoBff
#BeClearOnCancer",Other disaster
4241,7305,US Navy Sidelines 3 Newest Subs http://t.co/qmAFzALxpL,Not a disaster
4242,8077,Officials rescue 367 migrants off Libya; 25 bodies found - Fox News http://t.co/9CAignPR6S #NoAgenda #MvDint,Not a disaster
4243,9413,As Anniversary Nears Atomic Bomb Survivors Speak Out Against Nuclear Power | Common Dreams  http://t.co/n8f2dXVduD,Explosion
4244,7495,Refugio oil spill may have been costlier bigger than projected: A Plains All American PipelineÛ_ http://t.co/sryaFqj9gZ #globetrottingwino,Not a disaster
4245,3412,BBC News - India rail crash: Trains derail in Madhya Pradesh flash flood http://t.co/WgmZmJ5imD,Flood
4246,1777,"Jane Kelsey on the FIRE Economy
5th Aug 5:30ÛÒ7:30pm
Old Govt Buildings Wgton
The context &amp; the driver for #TPP and #TRADEinSERVICESAgreement",Fire/Wildfire
4247,7816,Reddit Will Now Quarantine OffensiveåÊContent http://t.co/VYgh2ni4Ah,Other disaster
4248,1039,did leona lewis ever see that video of dinah singing bleeding love?,Not a disaster
4249,6279,At #BlackHat? Learn about account hijacking attacks &amp; cloud access security w/ @ElasticaInc: http://t.co/PqXryXVp14 http://t.co/Wt5wZwvpUt,Violence/Attack/Terrorism
4250,8221,I liked a @YouTube video http://t.co/lAmsdzKCuz Sick Riot Shield Slide Spots!!,Not a disaster
4251,2195,Kessler Syndrome' is the name for the catastrophic exponential proliferation of Space debris and destruction of satellites. #GravityMovie,Other disaster
4252,9113,#Bestnaijamade: 16yr old PKK suicide bomber who detonated bomb in ... http://t.co/KSAwlYuX02 bestnaijamade bestnaijamade bestnaijamade beÛ_,Explosion
4253,10074,RT_America: RT RT_com: Eye of Super Typhoon Soudelor seen from space (TIME-LAPSE) https://t.co/FC3BxRtHPG http://t.co/BIU4koWGlz,Storm/Hurricane/Tornado
4254,486,Tomorrow is the day we start armageddon #preseasonworkouts ????,Not a disaster
4255,311,"@_drodrolagi #handplacementgoals 
Bro we annihilated that hashtag this week.",Not a disaster
4256,8380,Plans always ruin.,Not a disaster
4257,4016,Harper gets sassed by Albertans after calling NDP government a Û÷disaster' http://t.co/vsMOJyfzDg via @huffpostalberta #HarperBlamesAlbertans,Not a disaster
4258,1902,RT: A real burn book entry about CA: why the fuck is this place always BURNING,Not a disaster
4259,7253,Though serious #natural #disaster increased in #Japanjapan #Nuclear safety standard is far inferior to #US standard.#anonymous #Nytimes,Other disaster
4260,5620,Flooding ???? http://t.co/WVeO9ED10e,Flood
4261,9481,Really cannot condemn an entire group based on the actions of a few.. A heart-warming unity against terrorism.. http://t.co/HHPvPaEL4n,Violence/Attack/Terrorism
4262,3784,He is one of the three survivors of the destruction of Otsuka Village.,Not a disaster
4263,4204,http://t.co/MoA0q0AuFa Jacksonville family bands together as memorial is planned for toddler who ... - FloridaÛ_ http://t.co/NKOu7zWwRT,Not a disaster
4264,6304,You will be held hostage by a radical group.,Not a disaster
4265,2578,@crash_matrix @TheMercedesXXX With a minivan :3,Accident/Crash
4266,9927,If all men sauntered like Fred I think I'd be in trouble. #ShallWeDance #SummerUnderTheStars #TCMParty,Not a disaster
4267,7269,Check out 'NOVA | Nuclear Meltdown Disaster' http://t.co/ZzxM74d7qV #PBS,Not a disaster
4268,650,End the Innovation Catch-22: Reduce the Attack Surface http://t.co/Gj4SSEhk1D #INDUSTRYINSIGHTS #mcgsecure,Violence/Attack/Terrorism
4269,5119,Investigators shift focus to cause of fatal Waimate fire http://t.co/c9dVDsSoFn,Fire/Wildfire
4270,6639,#EPAO MARSAC reports on Manipur flood: Heavy incessant rains in Manipur have led to inundation causin... http://t.co/rh7m7T9Gd9 #MANIPUR,Flood
4271,2633,Maj Muzzamil Pilot Offr of MI-17 crashed near Mansehra today. May Almighty give strength to family to bear the loss http://t.co/EI1K01zAb3,Accident/Crash
4272,7902,Some of worst radiation exposure from Fukushima meltdown happened 47km northwest-Proof that small emergency planning zones donÛªt cut it,Other disaster
4273,3745,Ford Truck Starts Up And Drives Off After Being DESTROYED By Tornado! http://t.co/IxJjlp1LVo,Storm/Hurricane/Tornado
4274,11089,Residents reported strong tremors after an earthquake hit Kathmandu.,Earthquake
4275,3012,Going back to Gainesville will be the death of me,Other disaster
4276,8656,"150-Foot Sinkhole Opens in Lowndes County Residential Area
WCTV-35 minutes ago",Other disaster
4277,9171,#?? #?? #??? #??? Suicide bomber kills 15 in Saudi security site mosque - Reuters  http://t.co/LgpNe5HkaO,Explosion
4278,2027,There might be casualties tomorrow,Other disaster
4279,6277,The Murderous Story Of AmericaÛªs First Hijacking http://t.co/jmAwRLt7HB,Other disaster
4280,7792,@longshipdriver the police here in the U.S. need to stop killing people,Not a disaster
4281,7566,DTN Italy: Families to sue over Legionnaires: More than 40 families affected by the fatal outbreak of Legionna... http://t.co/RsV9ATj9vH,Other disaster
4282,6778,@LtDalius after democracy,Not a disaster
4283,4258,Family mourns drowning of 'superhero' toddler with rare epilepsy: Bradley Diebold suffered hundreds of epilept... http://t.co/aSAn4yGd48,Not a disaster
4284,8125,Why weren't they taken back to Africa once rescued? #c4news,Other disaster
4285,1462,Body bagging! https://t.co/HSlenz4KGU,Not a disaster
4286,593,#LGBTQ News ?? Owner of Chicago-Area Gay Bar Admits to Arson Scheme: Frank Elliott pleaded... http://t.co/sGb9vNWqUx Via @TheAdvocateMag,Not a disaster
4287,212,#KCA #VoteJKT48ID mbataweel: #RIP #BINLADEN Family members who killed in an airplane's accident,Accident/Crash
4288,7996,The Latest: More Homes Razed by Northern California Wildfire - ABC News http://t.co/RlPTtkBG4W,Fire/Wildfire
4289,4595,Storm concludes City of Calgary's Municipal Emergency Plan deactivated http://t.co/93iaEec26T,Storm/Hurricane/Tornado
4290,11009,Aftershocks continue following the earthquake in New Orleans.,Earthquake
4291,10804,@yakubOObs think he deactivated because his notifications are aids after tesco wrecked him lol,Accident/Crash
4292,8253,@Reuters people like you should be charged after the inevitable rioting for contributing to it with your lies,Not a disaster
4293,10025,Last Second OutBid RT? http://t.co/lBPX8buCnv 2 - Catlow C720 Twister Swivels 3/4' 3dc Fuel Line Made In Usa ?Please Favorite &amp; Shar,Not a disaster
4294,1995,Drought fuels bush fires in Jamaica - http://t.co/0YMF6TXFcH http://t.co/3i3d2NGeNt - @JamaicaObserver @cnewslive RE https://t.co/jyIEkEo2he,Fire/Wildfire
4295,4496,Student electrocuted to death in school campus http://t.co/ryah8Fni5Q,Other disaster
4296,7968,The Latest: More Homes Razed by Northern California Wildfire - ABC News http://t.co/ZBZc8905Gl,Fire/Wildfire
4297,2530,Westminister Sr22 W / Knott St **Trfc Collision-No Inj** http://t.co/EUmlca1Edw,Accident/Crash
4298,9595,"Oh shit its rly sheeting
Aaaaaand there's the thunder and lightning
I missed summer storms",Storm/Hurricane/Tornado
4299,10159,Terrifying POV footage captures violent landing from inside a passenger jet during a storm in Amsterdam http://t.co/NqXQYI70W4 #travel,Storm/Hurricane/Tornado
4300,11245,Flooding shut down major roads in Delhi today.,Flood
4301,2718,@MWCahill5 also mcutchen crushed it,Not a disaster
4302,3,"there is a forest fire at spot pond, geese are fleeing across the street, I cannot save them all",Fire/Wildfire
4303,11214,Authorities issued a flood warning for Jakarta.,Flood
4304,1867,"so keep calling me crazy
cause I never learned
you should stop loving fire
because you got burnedÛ_ https://t.co/ZsAEGjQq1z",Fire/Wildfire
4305,5252,Truck crash on 40w at US70 in Lebanon is a fatality. Very sad. Expect long delays through the morning.,Accident/Crash
4306,804,Kelby Tomlinson mild-mannered 2nd baseman for a great metropolitan team fights a never-ending battle for hits RBI and the #SFGiants way.,Not a disaster
4307,2564,Party for Bestival crash victim Michael Molloy on what would have been his 21st http://t.co/BIkR8zzbhA,Accident/Crash
4308,742,Christian Attacked by Muslims at the Temple Mount after Waving Israeli Flag via Pamela Geller - ... http://t.co/7kxGS7VDFy,Violence/Attack/Terrorism
4309,448,((OFFICIAL VID)) #DoubleCups &gt;&gt; https://t.co/lfKMTZaEkk &gt;&gt; @TrubGME Prod @THISIZBWRIGHT &gt;&gt; #ARMAGEDDON,Not a disaster
4310,10816,@thrillhho jsyk I haven't stopped thinking abt remus slumped against the bathroom door all day I was wrecked ??????????,Accident/Crash
4311,11223,People are stranded after sudden flooding hit Toronto.,Flood
4312,7138,I remember when I worked at Mcdonalds I use to be hours late because we used military time and I use to mess up when I had to be there :/,Not a disaster
4313,1007,All packed and ready to go to meet @kkarmstrongg in Portugal tomorrow! Bring on blazing sunshine and fun times with the bestie! ??????,Not a disaster
4314,180,Sometimes you face difficulties not because you're doing something wrong but because you're doing something right. - Joel Osteen,Not a disaster
4315,7961,#CecilTheLion The Latest: More Homes Razed by Northern California Wildfire - New York Times: ... http://t.co/Vi05Yq85Ly #Harare #263chat,Fire/Wildfire
4316,7763,Good that the police are taking care of this and also have extra security  #HarryBeCareful,Not a disaster
4317,10697,Last week we had a blast hosting Dinner &amp; a Movie Night with 'Wreck-It Ralph' on @FtCarsonPAO! @carsonmwr #TBT http://t.co/tUYPxEoBQa,Explosion
4318,2582,@_chelsdelong12 @kendra_leigh13 I'll crash it,Accident/Crash
4319,5228,Kosciusko police investigating pedestrian fatality hit by a train Thursday http://t.co/JILfbR0UfP,Other disaster
4320,2729,Jesus Christ that ball was fucking crushed!! #BlueJays,Not a disaster
4321,4222,You're getting drowned out yet I still search for you.,Not a disaster
4322,3673,"But bad people kiss too. Hehe
Their kisses can destroy.",Not a disaster
4323,5586,iembot_hfo : At 10:00 AM 2 NNW Hana [Maui Co HI] COUNTY OFFICIAL reports COASTAL FLOOD #Û_ http://t.co/Gg0dZSvBZ7) http://t.co/kBe91aRCdw,Flood
4324,7845,Ebola Outbreak: Alabama Man Tested Negative For Virus 6 Firefighters 2 Family Members Quarantined - https://t.co/lCpR20USYL,Fire/Wildfire
4325,500,If you build an army of 100 lions and their leader is a dog in any fight the lions will die like a dog.,Not a disaster
4326,1740,I can probably skip on these basic life maintenance things for a few days. (cut to burning buildings people screaming in the streets),Other disaster
4327,10903,A sudden quake caused damage to structures in Jakarta.,Earthquake
4328,6359,@JoeNBC IRAN: NO SNCTIONS INCL MILTARY$150BILNO INSPCTKPS HOSTAGESTHROSW ISRAEL TO GUTRKPS NUKE SITES U.S HLPS W/NUKES GET 'ZERO!,Violence/Attack/Terrorism
4329,11025,People evacuated buildings after feeling a strong quake in Istanbul.,Earthquake
4330,2934,@TheTXI @GunnersFan89 why would arsenal fans want that? West Ham will be in a relegation battle this season. no danger for #AFC on sun,Not a disaster
4331,6157,Chrysler Jeep wirelessly hacked over internet to hijack steering brakes and transmission face lawsuit - should all consider #ISO27001,Not a disaster
4332,8905,New #photo Oak in a snowstorm http://t.co/HK9Yf72OVA taken in #winter on the #SouthDowns #Hampshire #photography #art #tree #treeporn,Storm/Hurricane/Tornado
4333,7177,new name: mudslide,Not a disaster
4334,4570,@660NEWS @cityofcalgary I picture Nenshi &amp; Jeff as the Wonder Twins. 'Municipal Emergency Plan -Activate!,Not a disaster
4335,7814,Reddit Will Now Quarantine Offensive Content &gt;&gt; http://t.co/WcIzstXk4f,Not a disaster
4336,5753,Reddit: http://t.co/UtuMVaABz6 Lightning sparks new fires in Boise National Forest /r/StormComing,Fire/Wildfire
4337,489,9 Charts Prove Financial Crisis Part 2 Has BEGUN!: The Financial Armageddon Economic Collapse Blog tracks tren... http://t.co/vHCXTvCINr,Not a disaster
4338,5201,RCMP confirm fatalities in two-vehicle crash: TCH remains closed at Whitbourne due to accident http://t.co/0RokDuTyUN,Accident/Crash
4339,8538,SCREAMING IN 22 DIFFERENT LANGUAGES http://t.co/rDfaAKKbNJ,Not a disaster
4340,6348,C-130 specially modified to land in a stadium and rescue hostages in Iran in 1980... http://t.co/tNI92fea3u http://t.co/czBaMzq3gL,Violence/Attack/Terrorism
4341,6068,Middle East ÛÏHeat DomeÛ Causes Crippling Heat Wave in Israel http://t.co/41Lcb9aepR,Not a disaster
4342,2863,Cleared:  Accident with property damage on #NY35 EB at NY 100,Accident/Crash
4343,3732,@m1tchell1987 YOU DESTROYED MEE OKAY? I THOUGHT YOU WERE DEAD! BUT I'M NOT AREN'T YOU GLAD THAT I'M NOT?,Not a disaster
4344,1529,One of the top RT-ed tweets in #Japan is a screenshot of a young person claiming to not know the 70th anniversary of the Hiroshima bomb,Explosion
4345,7277,CLOSING THEIR EYES TO DISASTER!  State Department Unaware of Reports Iran is Sanitizing Nuclear Sites http://t.co/yRVGyKdbM6,Other disaster
4346,8794,That new sirens and sailors ???? #workout #album,Not a disaster
4347,4851,Survey: 52% of medical care facilities near nuclear plants lack evacuation plans http://t.co/vLMmCdPkRo,Not a disaster
4348,2790,Big 30 hanging out no curfew?? https://t.co/JHDqHfaTLJ,Not a disaster
4349,7226,Of course the one day I have to dress professionally aka unsensibly for class is the day I have try and outrun a natural disaster!,Other disaster
4350,9356,Don't even know how I survived that http://t.co/zigDPaCq5B,Not a disaster
4351,4770,They evacuated the mall. Again. ??,Other disaster
4352,11,Typhoon Soudelor kills 28 in China and Taiwan,Storm/Hurricane/Tornado
4353,2834,Is that a hurricane or a typhoon? No matter which one it's also a cyclone. http://t.co/c5kJAtjgzn,Storm/Hurricane/Tornado
4354,843,FedEx no longer to transport bioterror germs in wake of anthrax lab mishaps http://t.co/qZQc8WWwcN via @usatoday,Not a disaster
4355,3813,@spinningbot Are you another Stand-user? If you are I will have to detonate you with my Killer Queen.,Not a disaster
4356,11248,Flooding shut down major roads in Rome today.,Flood
4357,7320,@Willie_Am_I @JusttheBottle I would cry in to my nuclear reactor cooling tank!  #winechat,Not a disaster
4358,11309,Emergency services are responding to flood damage in Tokyo.,Flood
4359,3688,It's a real world. No glass shoe. No seven dwarfs. But there's always a villain who wants to destroy your life.,Not a disaster
4360,780,Senators have another year to determine Hoffman's v... #ColoradoAvs #NHLAvalanche http://t.co/CIzZOc6f0D http://t.co/PEmYHD3Nfz,Not a disaster
4361,7163,Flood and Mudslide Warning for East Fjords | Iceland Review http://t.co/534q3Jg2OV #icelandreview via @iceland_review,Flood
4362,4791,78 passengers evacuated safely after Green Line train derails. http://t.co/KzBSOhtwB4,Other disaster
4363,4147,Mane im not a Raiders Fan but they been in a drought. They need to go 10-6 lol,Not a disaster
4364,2603,@spicybreads @coxytown i tried downloading it and it crashed after the tutorial,Not a disaster
4365,9936,Mouna gonna get me in trouble,Not a disaster
4366,3506,Death on Railway track: Why rains cannot take all the blame?: Derailment is not very common. Last year less th... http://t.co/jdkQC12tid,Other disaster
4367,1545,New Documents Found Pointing To Japan's WWII Atomic Bomb Program http://t.co/IucPcSfbMT,Explosion
4368,4464,Michael talking about when he was electrocuted omg #ROWYSOLouisville http://t.co/HxVfmoUhDM,Other disaster
4369,5839,We The Free Hailstorm Maxi http://t.co/Cnn1nXXNwc,Storm/Hurricane/Tornado
4370,3699,@Musketeiro I see ISIL destroyed in Iraq in  May 2016. This may help Iraqis help Syrian government against it. But Nusrah and Ahrar not yet.,Not a disaster
4371,3649,Debate question: The robots have become self aware; do with destroy them thus thrusting the world into a tech-free life or re-enslave them?,Not a disaster
4372,6879,http://t.co/FhI4qBpwFH @FredOlsenCruise Please take the #FaroeIslands off your itinerary until the mass murder of dolphins &amp; whales stops.,Not a disaster
4373,1965,"i never understood guys who wanted to run into burning buildings.'
'you chase murderers.'
'not if they're on fire.",Not a disaster
4374,5232,They are making a Bad Boys 3 and 4!! A must see,Not a disaster
4375,8589,* Screams *,Not a disaster
4376,7578,Families to sue over Legionnaires: More than 40 families affected by the fatal outbreak of Legionnaires' disea... http://t.co/kkdX8zMV4G,Other disaster
4377,6927,I am disgusted by @libertarianism and @CatoInstitute for celebrating a mass murderer of innocents today.,Not a disaster
4378,2960,Naaa I bee dead.. Like a legit zombie .. I feel every sore part in my body ?? https://t.co/J4fSDPfA63,Not a disaster
4379,4049,#Myanmar  Displaced #Rohingya at #Sittwe point of no return http://t.co/cgf61fPmR0  #Prison like conditions #genocide IHHen MSF Refugees,Other disaster
4380,1118,@YahooSchwab easy way to look good after the Ray Rice fiasco...that blew up,Not a disaster
4381,7820,Quarantine.' Enforced isolation to prevent contamination that could lead to disease or in some cases death.,Not a disaster
4382,9588,I need a thunder buddy. ????,Not a disaster
4383,7102,US Military EM 951 Auto-Mechanics Course Vols 1-5 - 1944 - WWII http://t.co/lY6S5MH3vR http://t.co/c29V8UBXcq,Not a disaster
4384,7797,Reddit Will Now QuarantineÛ_ http://t.co/pkUAMXw6pm #onlinecommunities #reddit #amageddon #freespeech #Business http://t.co/PAWvNJ4sAP,Other disaster
4385,10786,late night mcdonalds with friends = hilarious although my car is wrecked and there's half a steak pastie in the industrial estate,Not a disaster
4386,6229,Remove the http://t.co/Ytao0lT144 and Linkury Browser Hijacker http://t.co/uxEKjeuIVp http://t.co/abvvRLFgDh,Not a disaster
4387,3454,.@janeannmorrison: A former Assembly candidate is still waiting for answers http://t.co/Mm5z32vKPC,Not a disaster
4388,8060,Policyholders object to Clico rescue plan http://t.co/E4DvI9vUXZ http://t.co/JyCpf8iYhg,Other disaster
4389,1967,"You picture buildings burning to the ground from the basement to the streetlight. 

I'm not your drinking problem
a hole is in the sky.",Other disaster
4390,4833,Bend Post Office roofers cut gas line prompt evacuation - http://t.co/6mF7eyZOAw,Other disaster
4391,10035,@briannafrost Twister with Bill Paxton and Helen Hunt!,Not a disaster
4392,4615,@GeneFMyburgh @crimeairnetwork and in a week they will protest service delivery and lack of emergency services #ThisIsAfrica,Not a disaster
4393,2081,@AvBronstein @Popehat @instapundit @KurtSchlichter Also are you aware of the casualty estimates for an invasion of Japan's home islands?,Other disaster
4394,308,@johnboywest The only 'stage' the drama queen can stand on is a drama stage &amp; certainly never the world stage; he would be annihilated.,Not a disaster
4395,1035,Joe Landolina: This gel can make you stop bleeding instantly http://t.co/0BtnIwAgt1 #arizona #realestate http://t.co/hHZY3oqeLa,Not a disaster
4396,6211,Governor allows parole for California school bus hijacker | Fresno Linked Local Network http://t.co/Sww0QsMxVM http://t.co/bcdP4gKokA,Not a disaster
4397,9207,Suicide bombing at [location named]...' #premonitions http://t.co/iIkSsJGBDn,Explosion
4398,9158,New post: Suicide Bomber Kills 13 At Saudi Mosque http://t.co/YcuV4KTgrl,Explosion
4399,3443,@vivigraubard of course not. for efforts to address short-sideness beyond not including a graf' would derail obvious backtracking efforts.,Not a disaster
4400,6266,But is feast.dll still vulnerable to DLL hijacking?  https://t.co/3vaig1PtYk https://t.co/BZDNKpOry1,Not a disaster
4401,9736,@sriramk @DLin71 @pmarca Tragedy of commons pertains to public ownership. Not property rights based markets. The opposite of what you say.,Not a disaster
4402,5497,@selmoooooo @_edvinnn @imTariik @dzafic_haris selmo u not catching flames from me  im just gonna be witnessing the slaughter,Other disaster
4403,10266,I think it's time for a cup of tea and a scone before I tackle the war zone that is is my bedroom. I wonder how many condom packets Ill find,Not a disaster
4404,10881,Emergency crews are responding after an earthquake rattled Kathmandu.,Earthquake
4405,6335,2 hostages in Libya remain unharmed: Government sources on Wednesday denied reports that two Indian nationals whoÛ_ http://t.co/EX4FnJjL6H,Violence/Attack/Terrorism
4406,11141,Residents are evacuating due to rising floodwaters in Bangkok.,Flood
4407,3096,MSHA stepping up enforcement after mining deaths: http://t.co/4HM34lrUER via @elkodaily,Not a disaster
4408,5904,How standardized tests harm children of color and what we can do about it http://t.co/iD667rlEts Via @ParentsAcrossAm cc: @billgates,Not a disaster
4409,5569,Homecoming Queen Killed on Way Home from the Prom by Flood Waters! #socialnews http://t.co/VmKexjTyG4,Flood
4410,5205,Wow 3 are WSEA RT @KING5Seattle: Seattle's deadliest red light runner intersections revealed http://t.co/zqUsy2k4ws http://t.co/OX6dHXEUwe,Not a disaster
4411,11113,Aftershocks continue following the earthquake in New Orleans.,Earthquake
4412,2375,@durrellb Prices here are insane. Our dollar has collapsed against the US and it's punishing us. Thanks for the info.,Other disaster
4413,557,Mourning notices for stabbing arson victims stir Û÷politics of griefÛª in Israel: Posters for Shira Banki and A... http://t.co/WbCtkGGTY9,Not a disaster
4414,9436,Stemming from my #Cubs talk- the team rosters 2 cancer survivors in @ARizzo44 &amp; @JLester34...@Cubs fans: help another http://t.co/XGnjgLE9eQ,Other disaster
4415,2315,Economic Collapse Investing: Specific actions and strategies to securing lasting wealth from the financial blowout. http://t.co/JZwRisXEPF,Other disaster
4416,6698,How as far as landslide high exploit even with statesmanlike cv final draft inaugural?: jGIsAvq,Not a disaster
4417,2387,@rokiieee_ the game has officially collapsed,Not a disaster
4418,5617,Severe Thunderstorms and Flash Flooding Possible in the Mid-South and Midwest http://t.co/uAhIcWpIh4 #WEATHER #ENVIRONMENT #CLIMATE #NATURE,Flood
4419,2563,Our little angel': Banjo Pilon 10 dies after skateboarding crash at Wamberal: At the weekend 10-year-old B... http://t.co/5bcOQB6Cff,Accident/Crash
4420,9461,"Truth...
https://t.co/GLzggDjQeH
#News
#BBC
#CNN
#Islam
#Truth
#god
#ISIS
#terrorism
#Quran
#Lies http://t.co/MYtCbJ6nmh",Violence/Attack/Terrorism
4421,7785,-=-0!!!!. Photo: LASTMA officials challenge police for driving against traffic in Lagos http://t.co/8VzsfTR1bG,Other disaster
4422,9723,Railways caught unawares by MP tragedy; Accident spot never marked as 'vulnerable' - Times ofÛ_ http://t.co/cEdCUgEuWs #News,Accident/Crash
4423,2183,@APANO55 @JamesMelville 99% of Scientists donÛªt believe in Catastrophic Man-Made Global Warming only the deluded do.,Other disaster
4424,1131,THDA Kicks Off Anti-Blight Loan Effort in Memphis http://t.co/7Gf7CpYL0R,Not a disaster
4425,1992,Bush Fires are scary....even scarier when you go down and fight them,Fire/Wildfire
4426,6417,AngelRiveraLibÛ_ #Snowden 'may have' broken laws? Hurricane Katrina may have caused some damage. http://t.co/jAaWuiOvdc Without Snowden hÛ_,Storm/Hurricane/Tornado
4427,8623,Oil and Gas Exploration Takes Seismic Shift in Gabon to Somalia - Bloomberg http://t.co/bEKrPjnYHs #??????? #Somalia,Earthquake
4428,6467,Washington Post - 4 dead dozens injured in Gaza blast near house leveled in summer war http://t.co/VjXa13n8Ap,Explosion
4429,8309,#forbes #europe China's Stock Market Crash: Are There Gems In The Rubble? http://t.co/C0SlAbBP7j,Accident/Crash
4430,8415,SocialWOTS: GLOBI_inclusion: RT NRC_MiddleEast: Sandstorm engulfs caravans and tents in the #Zaatari refugee camp Û_ http://t.co/XBNLSBzzgI,Storm/Hurricane/Tornado
4431,5275,"Fleshgod Apocalypse - Blinded by Fear (mini drum cover) https://t.co/2PxafIHTf7
this cover is awesome www",Not a disaster
4432,7856,#hot  Reddit's new content policy goes into effect many horrible subreddits banned or quarantined http://t.co/sqHDrl7uKG #prebreak #best,Not a disaster
4433,2041,"Obama 'lambasted 4 not being respected &amp; 4 being a jokeÛ
Would #Trump prefer more civilian casualties?
http://t.co/gxQMDMzA1u
#GOP
#maddow",Not a disaster
4434,9282,Think it's actually sunk in that we've left school ??????????,Not a disaster
4435,10728,Dj d wreck cut the beat,Accident/Crash
4436,4177,No one told me you can drown yourself by drinking too much water.,Not a disaster
4437,5714,How is it one careless match can start a forest fire but it takes a whole box to start a campfire?,Fire/Wildfire
4438,4848,ÛÏA voluntary evacuation is being recommended at this timeÛ for Pickerel Lake cabins across highway from #Reidlake fire says MACA #NWT #YZF,Fire/Wildfire
4439,9147,#Noticias Suicide bomber kills 15 in Saudi security site mosque  http://t.co/oipt1uBaXo,Explosion
4440,1471,I hear my up north niggas body bagging this but you never know. That got some spitters down south andÛ_ https://t.co/XToioGtk2w,Not a disaster
4441,276,#reuters Twelve feared killed in Pakistani air ambulance helicopter crash http://t.co/ShzPyIQok5,Accident/Crash
4442,7704,Highlight of my summer???? panicking  on Estrella TV ????,Not a disaster
4443,7559,Families to sue over Legionnaires: More than 40 families affected by the fatal outbreak of Legionnaires' disease in Edinburgh are to ...,Other disaster
4444,4834,FAAN orders evacuation of abandoned aircraft at MMA: FAAN noted that the action had become neces... http://t.co/tlS40nqiPN Via @todayngr,Other disaster
4445,5040,On anniversary of Hiroshima bombing illustrated timeline of bombings. Eyewitness account particularly horrifying http://t.co/GZIb0mAwmn,Explosion
4446,4643,Can you recommend anyone for this #Nursing #job? http://t.co/xXwm544ygf #Antioch CA #Hiring #CareerArc,Not a disaster
4447,10703,Interesting in watching a train wreck while taking acid kind of way https://t.co/kM08qiWW4g,Accident/Crash
4448,2098,Casualty Roleplay somebody please am so bored,Not a disaster
4449,3977,70 Years After Atomic Bombs Japan Still Struggles With War Past: The anniversary of the devastation wrought b...  http://t.co/BS6XaqHsim,Explosion
4450,1413,"#7294 Nikon D50 6.1 MP Digital SLR Camera Body 2 batteries carry bag and charger http://t.co/SL7PHqSGKV

$200.00
Û_ http://t.co/T4Qh2OM8Op",Not a disaster
4451,3226,Businesses are deluged with invoicesx Make yours stand ou. with colour or shape and it's likely to rise to the top of the pay' pile.,Not a disaster
4452,5604,Flood Prone Waterways In Westchester County Now Eligible For Millions In State Aid #NewYork - http://t.co/XSR2VUJyIz,Flood
4453,328,Ready to get annihilated for the BUCS game,Other disaster
4454,7045,@julescheff @Z_Hoffman96 haha yes! I was just with Zack at Madsummer meltdown,Not a disaster
4455,5527,Free Ebay Sniping RT? http://t.co/6KGMVkbPLR Hot 80pcs Tibetan Silver Round Flattened Spacer Beads Jewelry Finding 5.5x1. ?Please Fa,Not a disaster
4456,243,airplane crashes on house in Colombia 12 people die in accident https://t.co/ZhJlfLBHZL,Accident/Crash
4457,8029,Short of throwing them overboard himself I don't think any other leader could do much worse by #refugees than @TonyAbbottMHR worst pm ever!,Other disaster
4458,7587,Families to sue over Legionnaires: More than 40 families affected by the fatal outbreak o... http://t.co/3hTJ2PypSg #News #check #follow,Other disaster
4459,6947,"#FromTheDesk of King George Kenyatta Muumbo at the Kings African Citizens

Thanks to #QuantumDataInformatics we... http://t.co/L6EYfDXaAx",Not a disaster
4460,4213,"at the lake 
*sees a dead fish*
me: poor little guy i wonder what happened
ashley: idk maybe it drowned
  wtf ????????",Not a disaster
4461,7708,@snapharmony : People are finally panicking about cable TV http://t.co/boUa80Z5Wf,Not a disaster
4462,680,Suspect in latest US theatre attack had psychological issues http://t.co/OnPnBx0ZEx http://t.co/uM5IcN5Et2,Violence/Attack/Terrorism
4463,1759,Sinking ships burning buildings &amp; Falling objects are what reminds me of the old us.,Other disaster
4464,4763,UPDATE: Evaucation order for Roosevelt WA has been lifted: http://t.co/2NV0wHDLut,Not a disaster
4465,10344,Friendly reminder that the only country to ever use nuclear weapons is the U.S. And it was against civilians. https://t.co/7QrEPylLUK,Other disaster
4466,1438,@cameron13131313 @OtooleDalton @averywelch23 @otoole1055 first of all you can't 'hit stick' shit.. Second I'm body bagging you on sight ??????,Not a disaster
4467,435,Minecraft- NIGHT LUCKY BLOCK MOD (BOB APOCALYPSE WITHER 2.0 &amp; MORE!) Mod Showcase Popularmmos: http://t.co/TNgYE2FKlv via @YouTube,Not a disaster
4468,1616,@davej798 @JohnEJefferson remind me when SomaliaEritrea &amp; Nigeria were bombed by UK 28% of asylum applicants to UK 2014 were from S &amp; E,Explosion
4469,3108,Confirmed the debris from MH370 ??,Other disaster
4470,1490,@ComplexMag he asking for a body bags @PUSHA_T,Not a disaster
4471,6668,Latest: Landslide kills three near Venice after heavy rain http://t.co/BcCcA4VY9R,Other disaster
4472,4011,Strengthening partnerships #AfterHaiyan http://t.co/Ga14egplw9 #Haiyan #YolandaPh #Philippines #livelihood #disasterrecovery #disaster,Other disaster
4473,3736,Flood: Two people dead 60 houses destroyed in Kaduna: Two people have been reportedly killed and 60 houses ut... http://t.co/JixScpMdUD,Flood
4474,2012,Another movie theater attack..close to home this time. Thankful for no casualties. Life will go on because we cannot allow evil to win!,Violence/Attack/Terrorism
4475,4040,"This Palestinian family was lucky but hundreds are feared dead in the latest boat disaster in the Mediterranean
https://t.co/cT5v3LcNKD",Not a disaster
4476,606,Arson suspect linked to 30 fires caught in Northern California http://t.co/mmGsyAHDzb,Fire/Wildfire
4477,1827,Burned my popcorn??,Not a disaster
4478,2196,@_LalaDeviluke - consequences could have been catastrophic. I was also informed by the security A.I *Mute that you were primarily -,Not a disaster
4479,2201,I suffered a catastrophic pants failure at work today. I resorted to tying my jacket around my waist til I got to a thrift store. #trustory,Not a disaster
4480,10952,The ground shook violently during an earthquake in Istanbul.,Earthquake
4481,7614,World Class Tgirl Ass 02 - Scene 4 - Pandemonium http://t.co/iwCu3DgI1a,Not a disaster
4482,5849,Severe weather and a rare hailstorm pummel Boston - http://t.co/jkYM9EdOfc,Storm/Hurricane/Tornado
4483,2978,Nooooo the village hotty is dead ???????? #Emmerdale,Not a disaster
4484,8943,If you like rock music you should care about 5 Seconds Of Summer. HereÛªs why. paper-storm: I am a fan of Au Û_ http://t.co/eqEeUVpRQQ,Storm/Hurricane/Tornado
4485,10933,Residents reported strong tremors after an earthquake hit Auckland.,Earthquake
4486,5850,We The Free Hailstorm Maxi http://t.co/ERWs6IELdG,Storm/Hurricane/Tornado
4487,6894,Amazing how smug this guy is about the use of mass murder as a global power play. https://t.co/AlTTBJy8B9,Not a disaster
4488,5938,@LongBreastYat Yeah I don't think he's elite either I think Hazard is the better player too. But not by much,Not a disaster
4489,6589,@eliistender10 @Splats although originally an April Fools jokethey're seriously considering making them after being inundated with requests,Not a disaster
4490,7875,Officials: Alabama home quarantined over possible Ebola case http://t.co/juW5wtOqB0,Not a disaster
4491,5539,@iamHorsefly hide your kids hide your wife. He's on the loose. I thought I flattened you with a ball ????,Not a disaster
4492,228,"See how a judge ruled in this 2009 accident at #JFK Airport? involving Korean Air?.

http://t.co/Yh1cGlN3rl http://t.co/6F5ShPKjOB",Accident/Crash
4493,10763,The first piece of wreckage from the first-ever lost Boeing 777 which vanished back in early March along with the 239 people on board has,Accident/Crash
4494,6825,shrnnclbautista: Breaking news! Unconfirmed! I just heard a loud bang nearby. in what appears to be a blast of wind from my neighbour's ass.,Explosion
4495,4296,I feel like I'm drowning inside my own body!!,Not a disaster
4496,6368,India: Militant 'Overpowered' By Hostages After Attack http://t.co/mkjszGbaWR,Violence/Attack/Terrorism
4497,8192,@CHold ironically RSL call their stadium the Riot,Not a disaster
4498,4409,Wish I could buy a device that would electrocute me every time I went to eat something unhealthy....Eat so much shit.??????????,Not a disaster
4499,4723,Fire crews evacuate passengers from a Gold Coast tram trapped when powerlines fell across a carriage. #TenNews 5pm http://t.co/hFyrloQY8q,Fire/Wildfire
4500,1750,Schools in Western Uganda still Burning down Buildings during Strikes....Strikes in Western Uganda always Lit literally..,Other disaster
4501,2263,ok peace I hope I fall off a cliff along with my dignity,Other disaster
4502,3373,General News Û¢åÊ'Demolition of houses on waterways begins at Achimota Mile 7 ' via @233liveOnline. Full story at http://t.co/iO7kUUg1uq,Not a disaster
4503,1165,Time is ripe for yet another banana blight: The banana's appeal is not slipping. But the future of bananas is inÛ_ http://t.co/StPS5mruXW,Not a disaster
4504,10012,"950. If a landslide tumbles down todayI'm on your side

And if a twister sweeps it all away-

YOU'RE ON YOUR OWN BITCH!*runs into distance*",Other disaster
4505,9348,Meet the man who survived both Hiroshima and Nagasaki http://t.co/PNSsIa5e46 http://t.co/LSVsYSpdxX,Other disaster
4506,10962,A sudden quake caused damage to structures in Istanbul.,Earthquake
4507,114,the pastor was not in the scene of the accident......who was the owner of the range rover ?,Accident/Crash
4508,11257,Rivers overflowed causing widespread flooding in Jakarta.,Flood
4509,2734,Oil prices falling but drivers could reap benefits http://t.co/QlTwhoJqYA,Not a disaster
4510,2436,Vamos Newells,Not a disaster
4511,8924,Sassy city girl country hunk stranded in Smoky Mountain snowstorm #AoMS http://t.co/HDJS9RNtJ4 #ibooklove #bookboost,Storm/Hurricane/Tornado
4512,5376,Photo: #NJTurnpike å_ NJ Turnpike Reopens Hours After Truck Fire In Linden; Driver Dead | NJ Turnpike... http://t.co/8SRT9rGaX7,Fire/Wildfire
4513,3384,@Johnny_Detroit Tag Team for me was Demolition.  Awesome intro song scary looking and just destroyed there opponents.,Not a disaster
4514,7206,RaÌ¼l sends a message of condolence to Vietnam following natural disaster: On behalf of the Cuban government an... http://t.co/EmrZiCb004,Other disaster
4515,8730,"Sinking. {part 2}
??????
#buildingmuseum #TheBEACHDC #VSCOcam #acreativedc #dc #dctography #vscodcÛ_ https://t.co/SsD9ign6HO",Not a disaster
4516,2371,But the ceiling and the walls collapsed. Upon the darkness I was trapped.,Not a disaster
4517,7049,Tumblr collective meltdown. #sebastianstanisaliveandwell #civilwar ?????? http://t.co/WOc1TeVVMP,Not a disaster
4518,2740,Holy moly that was crushed.,Other disaster
4519,2605,http://t.co/iGXRqPoTm7 Bin Laden family plane crashed after 'avoiding microlight and landi... http://t.co/3kPBU6hGt5 #PeritoEnGrafoscopia,Accident/Crash
4520,214,Mexican airplane accident in Ocampo Coahuila MX on 7/29/25 killed Coahuila government SubSecretariat Francisco Garcia Castells age 42.,Accident/Crash
4521,8132,Incheon Prosecutors Office: Drop the charges against Nami Kim who rescued two puppies from 'Dog Hangi... https://t.co/vWzX2P6Dnk via @Change,Not a disaster
4522,8316,#360WiseNews : China's Stock Market Crash: Are There Gems In The Rubble? http://t.co/vTJ1EoslrU,Accident/Crash
4523,3212,#Glimpses: Hyderabad deluged by heavy rainfall | http://t.co/DctV1uJLHc http://t.co/QOx1jNQSAU,Other disaster
4524,5395,This dude just pulled in front of our production with his truck on fire. Cops pulled up after we put it out http://t.co/e7DRPQUW4G,Fire/Wildfire
4525,10869,Two giant cranes holding a bridge collapse into nearby homes http://t.co/STfMbbZFB5,Other disaster
4526,6938,Sounds pretty sensible for a mass murderer... https://t.co/qZZxFYSIU1,Not a disaster
4527,9068,http://t.co/NSA4kfN2RB Coal Industry's imprudent decisions! Like @TonyAbbottMHR FAILURE to recognize structural change! LOOKOUT INVESTORS!,Not a disaster
4528,6015,@TheBlackshag @dannyoneil too toxic...cancer....disease...hazardous waste...noxious...,Other disaster
4529,2664,Ina Buted Girl Crush??,Other disaster
4530,2462,"--thus making @FemaleGilgamesh's assault useless.
The spears collided with the dark force however did not penetrate.

Due to the dark --",Not a disaster
4531,4892,My head gonna explode soon,Not a disaster
4532,9796,Did you know @lilithsaintcrow had a new release this week? BLOOD CALL  'An ancient evil has been trapped...' http://t.co/eSwNSetFtf Û_,Not a disaster
4533,2752,13 M. Chapoutier Crozes Hermitage so much purple violets slate crushed gravel white pepper. Yum #france #wine #DC http://t.co/skvWN38HZ7,Not a disaster
4534,5301,The Walking Dead spin off Fear the Walking Dead is on the 23rd ??????,Other disaster
4535,4024,TV: Vitaly Churkin Briliantly Exposes the Hypocrisy of the Ukraine's FM Klimkin About the MH17 Disaster http://t.co/tt4kVmvuJq,Other disaster
4536,3298,I promise you @WinningWhit and I could assemble a team to demolish this. https://t.co/RN2MdghfO1,Not a disaster
4537,8769,@Kronykal @B30wu1f2 I see no point in countering skewed statements. Dumb statement is dumb.,Not a disaster
4538,1790,#TweetLikeItsSeptember11th2001 Those two buildings are on fire,Fire/Wildfire
4539,7958,Landslide caused by severe rainstorm kills 3 in ItalianåÊAlps https://t.co/8BhvxX2Xl9 http://t.co/4ou8s82HxJ,Storm/Hurricane/Tornado
4540,9154,Suicide bomber kills 15 in Saudi security site mosque - Reuters Canada: Reuters CanadaSuicide bomber kills 15 ... http://t.co/Ktd5IG9M5o,Explosion
4541,9129,#Bestnaijamade: 16yr old PKK suicide bomber who detonated bomb in ... http://t.co/KSAwlYuX02 bestnaijamade bestnaijamade bestnaijamade beÛ_,Explosion
4542,9351,It's a miracle that mankind survived 70 years since one of the worst days in its history. All bets are off if it will survive the next 70.,Other disaster
4543,7403,air sunrays obliterated on its hairy head like a dried wire spiderweb,Not a disaster
4544,267,@TheNissonian @RejectdCartoons nissan are you ok do you need medical assistance i can call an ambulance if you need me to,Not a disaster
4545,3866,Ignition Knock (Detonation) Sensor-Senso BECK/ARNLEY 158-0853 http://t.co/OdMx36WDhM http://t.co/gAHeUjRUJu,Other disaster
4546,6147,I've just posted on my Blog about: Criminals Who Hijack Lorries And Buses Arrested In Enugu (PHOTO) http://t.co/5ytIeX55lh,Other disaster
4547,3835,@AutoAmes everyone hoped we would join ISIS and get ventilated by marines while trying to detonate a bandolier of hot dogs at Fort Dix,Not a disaster
4548,4481,Beware! Dont use your earphones while your phone is charging. You might be electrocuted especially when your ears are wet.,Not a disaster
4549,7324,@stunckle @Gordon_R74 @crazydoctorlady ...I'm no expert but raw uranium and nuclear reactor fuel rods are 2 very different creatures...,Other disaster
4550,4466,I'm loving this classic barn shot! We may or may not have got electrocuted got stung a few times and stepped in... http://t.co/X6aSGRjsWC,Other disaster
4551,8583,SCREAMS I LOVE THIS VINE https://t.co/PKnBZLHOSc,Not a disaster
4552,10390,A quarter whirlwind. They don't see it coming.,Other disaster
4553,6571,incident with injury:I-495  inner loop Exit 31 - MD 97/Georgia Ave Silver Spring,Other disaster
4554,6696,#CecilTownship seeks emergency repairs to Southpointe Boulevard landslide: http://t.co/ZjJdt3so72,Not a disaster
4555,5226,Wow fatality on 101 big rig hit motorcyclist blood everywhere ?? wow. I'm sick.,Other disaster
4556,3591,@Bill_Roose That looks so desolate and just...depressing,Other disaster
4557,191,Aftershock back to school kick off was great. I want to thank everyone for making it possible. What a great night.,Not a disaster
4558,2906,I don't think it was. It was very realistic. Scully finally had him home and sfe and he wanted to go out into the danger. @HipsBeforeHands,Not a disaster
4559,890,Bioterrorism public health superbug biolabs epidemics biosurveillance outbreaks | Homeland Security News Wire http://t.co/cvhYGwcBZv,Violence/Attack/Terrorism
4560,6761,Baby you're like lightning in a bottle,Not a disaster
4561,3534,Latest : Trains derailment: 'It's the freakiest of freak accidents' - The Indian Express: The Indi... http://t.co/sjXLlzOSW7 #IndianNews,Accident/Crash
4562,8602,@kc8ysl Is it wrong to pray for seismic activity along the San Andreas fault? #smh,Earthquake
4563,5616,Memorial unveiled for Travis County Deputy Jessica Hollis who was killed in Sept. flooding http://t.co/uSiN3M9kgI http://t.co/Mo5lmviPw5,Flood
4564,6129,"*standing in line at JoAnn's little girl and her mom behind me*

Little girl: Mommy is that a boy or a girl?

...
Welp www",Not a disaster
4565,6478,#golf McIlroy fuels PGA speculation after video: Injured world number one Rory McIlroy fueled speculatio... http://t.co/dCyYJVmXHR #news,Not a disaster
4566,5100,Miners strike; Botha Apartheid SA Tutu Nobel prize; IRA bomb Brighton  Famine in Ethiopia. '84 feels like yesterday http://t.co/UZKssvj9CW,Explosion
4567,9939,@ModCloth having some trouble with your site- keep getting this every time I log in? http://t.co/dnKkYiFsvT,Not a disaster
4568,9685,@MarquisDeSpade You can tell yer sins to me. I won't judge you. Take your clothes off and we can sing a hymn. Let's do Abba .@TORNADO_CHICK,Storm/Hurricane/Tornado
4569,5245,@Chrisman528 fatality ...,Not a disaster
4570,10239,@alextucker VOLCANO BOWL DRINK,Other disaster
4571,4190,Fuck around and drown ???? https://t.co/fr5z9WklMZ,Not a disaster
4572,1717,5 injured in bridge collapse at Swiss kosher hotel: The accident occurred on Tuesday at the Metropol Hotel a ... http://t.co/sIGeZlynJ9,Accident/Crash
4573,4842,UPDATE: The GNWT has just issued a voluntary evacuation order for cabin owners at Pickerel Lake near the Reid... http://t.co/RVSYxwj9Cp,Other disaster
4574,6735,A river of lava in the sky this evening! It was indeed a beautiful sunset sky tonight. (8-4-15) http://t.co/17EGMlNi80,Not a disaster
4575,1636,Today marks the 70th anniversary of the bombing of Hiroshima a city I visited and was humbled by in November 2013 http://t.co/AcC1z5Q9Zw,Explosion
4576,1508,Womens Satchel Lattice Chain Studded Cross Body Multi Colour Shoulder Bags Blue http://t.co/qj2kbltCxZ http://t.co/xQpn2zYkCt,Not a disaster
4577,282,New Nanotech Device Will Be Able To Target And Destroy Blood Clots http://t.co/MnmyJXQ9go #science,Not a disaster
4578,8713,Do you feel like you are sinking in unhappiness? Take the quiz: http://t.co/LNzz0ZFrom http://t.co/TGKpnqAbHh,Not a disaster
4579,6715,Watch Steaks Being Grilled Over Molten Hot Lava http://t.co/yxns3IiXjv http://t.co/lcM66dHn1l,Not a disaster
4580,4505,?????? EMERGENCY ?????? NEED PART 2 and 3!!! #NashNewVideo http://t.co/TwdnNaIOns @Nashgrier 103,Not a disaster
4581,9419,Haunting memories drawn by survivors http://t.co/kDh4evYWpt via cnnbrk CNN #news,Not a disaster
4582,9951,@corcoran30 @kmurphalurph when these two are in the building laughs and trouble haha.. GreatÛ_ https://t.co/ds7ms8g1yR,Not a disaster
4583,4955,#dating #meet #sex Hot Teen Ass Exploded By Fat Cock http://t.co/X39JwSyrqR,Not a disaster
4584,8867,I need a smoke ??,Not a disaster
4585,2803,awwww Baby Walter #rewatchingthepilot #TeamScorpion #Cyclone,Not a disaster
4586,8598,SEISMIC RISK: a COMPARISON between 2 case studies: CALABRIA AND MALTA http://t.co/HmRtqEykyI,Earthquake
4587,3823,Listen to Apollo Brown - Detonate (feat. M.O.P.) by Mello Music Group #np on #SoundCloud https://t.co/C0Fex1XAlG,Not a disaster
4588,6465,so paulista injured wilshere,Not a disaster
4589,7895,http://t.co/X5XUMtoEkE Nuclear Emergency Current USA radiation levels monitoring site,Not a disaster
4590,9804,It's a trap not a fucking game. U ain't trapping if u ain't trapped,Not a disaster
4591,5580,2pcs 18W CREE Led Work Light  Offroad Lamp Car Truck Boat Mining 4WD FLOOD BEAM - Full reaÛ_ http://t.co/ApWXS5Mm44 http://t.co/DS76loZLSu,Flood
4592,4911,Chick masturbates a guy until she gets exploded on her face &gt; http://t.co/5QhoeHE9hf,Other disaster
4593,9145,ISIS claims responsibility for Saudi mosque suicide bombing http://t.co/Wpilp4mymf http://t.co/8NHD9iDaJs,Explosion
4594,5054,Things got heated. Busta splashed water on him and the employee threw water back' one eyewitness said. http://t.co/GoXwT8PG0B,Not a disaster
4595,3050,of all days when I look like death I have to see all of mo city in chick fil a today ??,Not a disaster
4596,4559,@go2MarkFranco I spoke w Caleen Sisk. If #ShastaDam gets funded through Cali Emergency Drought Act I plan on doing story wfocus on Winnemem,Not a disaster
4597,11191,Flooding shut down major roads in Bangkok today.,Flood
4598,9600,#thunder outside my house this afternoon #gawx ??????????????????,Other disaster
4599,70,Burning Man Ablaze! by Turban Diva http://t.co/hodWosAmWS via @Etsy,Not a disaster
4600,10145,Life needs quality and a certain sense of security. Being with a person you can't trust can only cause stress and emotional upheaval.,Not a disaster
4601,359,U.S National Park Services Tonto National Forest: Stop the Annihilation of the Salt River Wild Horse... https://t.co/lATVr8RZCK via @Change,Not a disaster
4602,1179,What if every 5000 wins in ranked play gave you a special card back.. Would be cool for the long teÛ_ http://t.co/vq3yaB2j8N,Not a disaster
4603,10762,TOP STORY: wreckage from #MH370 officially confirmed. @janisctv reports on the critical clue from a tiny island. http://t.co/hlWw2P5k9o,Accident/Crash
4604,3274,@XGN_Infinity @Ronin_Carbon HAHAH Mutual host preset Bal no nades radar on = demolish,Not a disaster
4605,5071,Russian 'food crematoria' provoke outrage amid crisis famine memories http://t.co/O4xLjnaV8F,Other disaster
4606,9914,RT MMDA: ADVISORY: Stalled Bus at EDSA Service Road Cubao SB due to mechanical trouble as of 7:53 AM. 1 lane occupied. MMDA T/C on site. TÛ_,Not a disaster
4607,8114,Stewart bought a new property earlier this year w/ the intention of providing a sanctuary for rescued farm animals. https://t.co/ExXtboah8h,Not a disaster
4608,2468,Two trains have collided in India. Please pray for victims their families and rescuers.,Other disaster
4609,6743,@gracemccreave_ @jamisonevann @jace_swain @_laneyslife @JacksonLaurie1 lava boy was taken,Not a disaster
4610,9558,The most prescient part of Tropic Thunder was that fat-suit fart comedies would use the 2.40:1 aspect ratio.,Not a disaster
4611,746,#WeLoveLA #NHLDucks Avalanche Defense: How They Match vs St. Louis Blues http://t.co/9v1RVCOMH2 #SportsRoadhouse,Not a disaster
4612,2010,"??
Warfighting Robots Could Reduce Civilian Casualties So Calling for a Ban Now Is Premature - IEEE Spectrum http://t.co/TzR58B86qz",Other disaster
4613,6831,I just heard a really loud bang outside my bedroom door and Im afraid,Not a disaster
4614,11266,Emergency services are responding to flood damage in Delhi.,Flood
4615,8739,that horrible sinking feeling when youÛªve been at home on your phone for a while and you realise its been on 3G this whole time,Other disaster
4616,6059,@wfaaweather Pete when will the heat wave pass? Is it really going to be mid month? Frisco Boy Scouts have a canoe trip in Okla.,Other disaster
4617,10535,For sixth year in a row premium costs for windstorm insurance to climb. This time by 5 percent. #GalvNews  https://t.co/Cm9TvE2Vsq,Not a disaster
4618,3942,Devastated. Already missing my @coleenlisa.  https://t.co/3p6Xakt7rh,Not a disaster
4619,3008,I liked a @YouTube video http://t.co/EVEdsU5PB0 Camp Out! | BUNK'D | Disney Channel,Not a disaster
4620,7462,I must not fear/Fear is the mindkiller/Fear is the little-death that brings total obliteration/I will face my fear' #Dune #BlacklivesMatter,Not a disaster
4621,10047,@rodarmer21 10 dolla says wicked twister won't be running,Not a disaster
4622,3486,Relief train carrying survivors of the derailed Janta Express reaches Mumbai via @firstpostin http://t.co/CZNXHuTASX,Other disaster
4623,8013,This just-married Turkish couple gave 4000 Syrian refugees an incredible gift #WashingtonPost http://t.co/aRKmc7vclN,Other disaster
4624,4179,Throw me in the deep end watch me drown,Not a disaster
4625,10984,Aftershocks continue following the earthquake in Houston.,Earthquake
4626,10935,The ground shook violently during an earthquake in San Francisco.,Earthquake
4627,1074,My ear started bleeding again...,Not a disaster
4628,6005,@moneymaker32931 tanker truck overturned carrying hazardous materials.,Not a disaster
4629,7000,@RaynbowAffair Editor In Chief @DiamondKesawn Releases Issue #7 http://t.co/UH6mXI0Uwz of #RAmag. #Fashion #Models and #Mayhem,Not a disaster
4630,879,Bioterrorism and Ebola. http://t.co/ORIOVftLK4 RT #STOPIslam #TCOT #CCOT #MakeDCListen #TeaParty,Violence/Attack/Terrorism
4631,7335,Finnish ministers: Fennovoima nuclear reactor will go ahead http://t.co/vB3VFm76ke #worldnews #news #breakingnews,Other disaster
4632,10218,http://t.co/Ns1AgGFNxz #shoes Asics GT-II Super Red 2.0 11 Ronnie Fieg Kith Red White 3M x gel grey volcano 2 http://t.co/oD250zshFy,Not a disaster
4633,6095,I'm melting a bar of chocolate under my laptop at least this fucking HELLFIRE is good for something,Fire/Wildfire
4634,8688,A random hole just broke out in the street ?? http://t.co/dWU8QqYs0v,Not a disaster
4635,2484,Oh my God. Sending my thoughts to @SAStars head coach Dan Hughes who left the game on stretcher after Danielle Robinson collided into him.,Not a disaster
4636,7993,From the Archive: National Poetry Month: Anterior of a Razed Room http://t.co/7ARN4OBiyC,Not a disaster
4637,248,Two air ambulances on scene of serious crash between two cars and lorry in ... - http://t.co/9pFEaQeSki http://t.co/fntG70rnkx | #EMSNeÛ_,Accident/Crash
4638,6297,Islamic State group threatens to kill hostage if Û÷Muslim womenÛª arenÛªt let go - http://t.co/48Zg5ynebn...,Violence/Attack/Terrorism
4639,591,RT @TheAdvocateMag: Owner of Chicago-Area Gay Bar Admits to Arson Scheme http://t.co/wHTMwtgROJ #p2 #LGBT,Not a disaster
4640,1417,I would love to #win Suze's amazing filled #beauty #bag #giveaway! Contents from L'Occitane Body Shop &amp; Lavera. http://t.co/hEjJVVRsTY,Not a disaster
4641,8009,This just-married Turkish couple gave 4000 Syrian refugees an incredible gift http://t.co/ibeD3xG7fy Fed them instead of family &amp; friends.,Other disaster
4642,7734,@milefromhome ??.. Don't.. I'm panicking..,Not a disaster
4643,5806,Severe Thunderstorm 7 Miles North of Arcadia Moving SE At 20 MPH. 60 MPH Wind Gusts and Large Hail. Hail... #okwx http://t.co/WEd69e4KRg,Storm/Hurricane/Tornado
4644,2615,Ol'Head just crashed into the back of another ol'head car he hopped out like 'DAMNNNN U FUCKIN ROOKIE... SLOW TF DOWN!!' ??????,Accident/Crash
4645,6089,@WalpurgisNightZ I was thinking super glue since its not as messy.,Not a disaster
4646,4566,Emergency-response plan helps employees get back to productive work http://t.co/tXQZN6GTHa @BusInsMagazine,Not a disaster
4647,4418,So that it'll electrocute somebody's ass baa...No thank you https://t.co/x7P1xaBWTz,Not a disaster
4648,3040,A single death is a tradery many deaths is statistics.,Not a disaster
4649,4074,Displaced,Not a disaster
4650,9052,Investigators have said a Virgin Galactic spaceship crash was caused by structural failure after the co-pilot ... http://t.co/imAWVMzs3A,Accident/Crash
4651,10533,The Latest: #Wildfire destroys more homes but crews advance - WQOW TV News 18 http://t.co/Hj26SFDdfI,Fire/Wildfire
4652,8244,Eric Clapton shot the sheriff in 1974 and guess how many people were rioting? Right none.,Other disaster
4653,320,70 years since we annihilated 100000 people instantly and became aware that we have the ability to annihilate the whole of humanity,Other disaster
4654,9795,#NZ Hollywood movie about trapped miners released in Chile http://t.co/0aJIsA5531 #HugoMatz,Not a disaster
4655,4235,Hundreds feared drowned after another Mediterranean asylum seeker boat sinking http://t.co/zsYkzj2bzG,Other disaster
4656,7195,she's a natural disaster she's the last of the American girls ??,Not a disaster
4657,2030,Warfighting Robots Could Reduce Civilian Casualties So Calling for a Ban Now Is Premature - http://t.co/trNGqOPBdl,Not a disaster
4658,4977,New Explosion-proof Tempered Glass Screen Protector Film for Blackberry Z10 - Full read byÛ_ http://t.co/u1RKPJ3Cbc http://t.co/sJtxhtx71q,Explosion
4659,7805,@astolfialessio Reddit Will Now Quarantine Offensive Content http://t.co/XQkcD0qV3c,Not a disaster
4660,1705,Two giant cranes holding a bridge collapse into nearby homes http://t.co/lSQe7nu6kl,Other disaster
4661,2031,American Weapons and Support Are Fueling a Bloody Air War in Yemen' http://t.co/7aGeAkVn2x,Other disaster
4662,503,One Direction Is my pick for http://t.co/q2eBlOKeVE Fan Army #Directioners http://t.co/eNCmhz6y34 x1411,Not a disaster
4663,4186,I'll let Louis drown me at the water wall by the mall If that makes him smile,Not a disaster
4664,6337,#hot  C-130 specially modified to land in a stadium and rescue hostages in Iran in 1980 http://t.co/6ioaBSl6I7 #prebreak #best,Violence/Attack/Terrorism
4665,11128,People are stranded after sudden flooding hit Tokyo.,Flood
4666,5241,..... FATALITY,Not a disaster
4667,8862,Smoke ave streets hottest youngins,Not a disaster
4668,6760,@random_tourist it rained. Some guys tree hit by lightning and some jackholes drove onto flooded streets.,Flood
4669,147,Please like and share our new page for our Indoor Trampoline Park Aftershock opening this fall!! http://t.co/UgXhHErrxS,Not a disaster
4670,8328,@accionempresa ChinaÛªs stock market crash this summer has sparked interest from bargain hunt... http://t.co/6ygPwJkr4T @gerenciatodos å¨,Accident/Crash
4671,6787,Cell Phone Shop : http://t.co/iOq051t5te #629 8-Pin Lightning Connector 2.1A Car Charger For Apple 5 5S 5C 6 6+ iÛ_ http://t.co/klxAUcNP5I,Other disaster
4672,52,Crying out for more! Set me ablaze,Not a disaster
4673,4902,I need a follow before I explode @GraysonDolan,Not a disaster
4674,5215,@martinsymiguel @FilipeCoelho92 FATALITY,Not a disaster
4675,2215,???? #Krefeld: the incident happened in a chemical industry park! Emergency operations underway! A building reportly collapsed! @cnnbrk @ntvde,Other disaster
4676,4746,@yourgirlhaileyy leaveevacuateexitbe banished.,Not a disaster
4677,3220,Businesses are deluged with invoices. Make yours.stand out with colour or shape and it's likely to rise to the top of the pay' pipe.,Not a disaster
4678,1644,#Australia #News ; #Japan marks 70th anniversary of #Hiroshima atomic bombing  http://t.co/7aD0L7cgee READ MORE; http://t.co/hHzQl9tzNP,Explosion
4679,11170,Homes were damaged as floodwaters surged through Toronto.,Flood
4680,4621,@Jinxy1888 Genius economist! Let's double pay of all emergency services military teachers etc to that tube drivers #PayForItHow #tubestrike,Not a disaster
4681,6190,Remove http://t.co/77b2rNRTt7 Browser Hijacker - How t... http://t.co/Wff7X3B6KT,Not a disaster
4682,7153,When you can eat a whole wet burrito and mudslide in 5 minutes. http://t.co/lljzxY8Pc2,Not a disaster
4683,2586,#portmoody Clarke Rd hill n/b blocked by crash past Seaview traffic back to Kemsley. Take Como Lake to Gatensbury to get around it.,Accident/Crash
4684,2305,Interview on The Collapse of Materialism Best #TalkRadio Listen Live: http://t.co/ncMBnRsk5Q,Not a disaster
4685,9534,@RegaJha @sethiankit True also a racial attack in US perturbs buzzfeed India more than 3 back to back terrorist attacks on India..,Violence/Attack/Terrorism
4686,11318,Flooding shut down major roads in Sydney today.,Flood
4687,6556,Dr Jack Stern Interview Ending Back Pain for #Military #Injury. Listen now: http://t.co/YhH7X0MAio,Not a disaster
4688,10909,People evacuated buildings after feeling a strong quake in Kathmandu.,Earthquake
4689,7268,We want to see no more Hiroshima and Nagasaki nuclear bomb disaster in this beautiful world.Lets be peaceful &amp; save this human civilization.,Explosion
4690,395,U.S National Park Services Tonto National Forest: Stop the Annihilation of the Salt River Wild Horse... https://t.co/i0z3k0chgg via @Change,Not a disaster
4691,8189,"Rescuers recover body of 37-year-old Calgary man from lake near Vulcan 
                            
             Û_ http://t.co/gAEhr9bHEk",Other disaster
4692,3920,Obama Declares Disaster for Typhoon-Devastated Saipan: Obama signs disaster declaration for Northern Marians a... http://t.co/9i6CrCRq2m,Storm/Hurricane/Tornado
4693,10838,Malaysian PM confirms debris is from missing flight MH370 http://t.co/pfAvW5QyqE,Not a disaster
4694,11123,Authorities confirmed seismic activity near Toronto moments ago.,Earthquake
4695,2222,Explosion at chemical site leads to building collapse near Krefeld Germany. Emergency crews on scene; avoid the area. #iJETalerts,Explosion
4696,6935,Another White mass murderer. Thank God I'm from California. @FrauTrapani,Other disaster
4697,6506,West Nyack Pineview Road railroad crossing off Western Highway. Units on scene of a CSX Train vs. truck no injuries.,Other disaster
4698,5700,No Floods #MTVHottest Lady Gaga,Flood
4699,8187,Fears over missing migrants in Med: Rescuers search for survivors after a boat carrying as many as 600 migrantsÛ_ http://t.co/v9ftYB30EI,Other disaster
4700,2153,bbc r5live studio discussion of hiroshima v poor. sheer *luck* the cold war did not result in catastrophe. MAD = red herring. #ScrapTrident,Other disaster
4701,6007,MEG issues Hazardous Weather Outlook (HWO)  http://t.co/gGn39m60tL #WX,Other disaster
4702,10809,The twins pitcher's ego is now WRECKED,Not a disaster
4703,11027,A sudden quake caused damage to structures in San Francisco.,Earthquake
4704,9036,georgegallagher: RT WNBA: Stars coach Dan Hughes taken off court on stretcher after collision with Danielle RobinÛ_ http://t.co/wz4xVZYqJd,Accident/Crash
4705,7123,VIDEO=&gt; Barack Obama: America Has a Mindset that ÛÏPrefers Military Action Over NegotiationÛ http://t.co/kLs6UPlw0T via @gatewaypundit,Not a disaster
4706,3041,#Spirituality - Born Again-Spiritual Awakening And Near Death Experiences http://t.co/Z0UGKqi6kM @Charlesfrize @Frizemedia @Dynamicfrize,Not a disaster
4707,5423,What's cool is that teens are becoming what I like to call 'digital first responders' for their friends who need a little help or support !!,Not a disaster
4708,5811,Severe Thunderstorm Warning until 08:00 PM local for Custer Fall River &amp; Shannon Counties in SD. 60 Mph Wind Gusts And Penny Size Hail. #sd,Storm/Hurricane/Tornado
4709,9991,@author_mike Amen today is the Day of Salvation. THX brother Mike for your great encouragement. - http://t.co/cybKsXHF7d Coming US Tsunami,Other disaster
4710,3955,70 Years After Atomic Bombs Japan Still Struggles With War Past: The anniversary of the devastation wrought b... http://t.co/ohNdh2rI0V,Explosion
4711,11212,Severe flooding has submerged roads in Istanbul.,Flood
4712,657,Horrific attack on wife by muslim in Italy http://t.co/nY3l1oRZQb LiveLeak #News,Violence/Attack/Terrorism
4713,2114,failure is a misfortunebut regret is a catastrophe,Not a disaster
4714,5441,Red Cross arrived on the scene around 9:30pm to canteen for first Responders fighting this massive blaze. Go... http://t.co/IDY9KsCaVV,Not a disaster
4715,3908,Obama Declares Disaster for Typhoon-Devastated Saipan: Obama signs disaster declaration for Northern Marians a... http://t.co/JCszCJiHlH,Storm/Hurricane/Tornado
4716,7231,Top insurer blasts lack of Australian Govt action on disaster mitigation http://t.co/sDgOUtWNtb via @smh,Explosion
4717,11098,The earthquake in Miami caused power outages and road damage.,Earthquake
4718,10556,GLORIA JONES - VIXEN / WINDSTORM (2IN1) CD 20 TRACKS MARC BOLAN http://t.co/E3cAymmIcN http://t.co/eRzcXloPDL,Storm/Hurricane/Tornado
4719,4365,#USGS M 1.2 - 23km S of Twentynine Palms California: Time2015-08-05 23:54:09 UTC2015-08-05 16:54:09 -07:0... http://t.co/kF0QYBKZOL #SM,Other disaster
4720,6471,Terrorists open fire at Udhampur police post 2 SPO's injured firing underway - See more at:... http://t.co/7jmGwOgqnh,Fire/Wildfire
4721,2570,Make man pikin crash ??????,Accident/Crash
4722,1099,@CodyThompson25 ty just blew up the motor went up in flames he got out ok,Not a disaster
4723,5488,RP said they can see smoke coming from the silo on 260th Street in Hartford but no flames.,Other disaster
4724,1101,Well this blew up while i was sleeping,Not a disaster
4725,4192,absolute drown your Wagyu steak in heaping piles of moist Smuckers Grape Jam,Not a disaster
4726,5189,Estimated damage and fatalities of an Hiroshima-sized atomic bomb dropped on your hometown - http://t.co/BSrERJbY0I  #Hiroshima70,Explosion
4727,2413,It's always super awkward when worlds collide,Not a disaster
4728,10051,Work-related Dick Twister That Happened Today http://t.co/oJ5cUBshGz,Not a disaster
4729,895,Volunteers needed to participate in Emergency Preparedness drill simulating a bioterrorism disaster: http://t.co/NWV2RvGHf3 @HVnewsnetwork,Violence/Attack/Terrorism
4730,4121,BLOG: Rain much needed as drought conditions worsen: Right now Charlotte and much of the surrounding area haveÛ_ http://t.co/OLzaVTJFKH,Other disaster
4731,6545,@SergioPiaggio 'IÛªd worked so hard to get to that level that I wasnÛªt going to let the injury define me. I was going to define it.Û Cool,Not a disaster
4732,10641,Read ~ THE UNHEALED WOUNDS OF AN UNENDING CONFLICT #Kashmir #Pakistan #India http://t.co/sAF9MoSkSN #EndOccupation #EndConflict #FreeKashmir,Other disaster
4733,10248,The Architect Behind Kanye West's Volcano - New York Times http://t.co/3QJUExX0Y0,Not a disaster
4734,3469,[UPDATE] No-Passenger Metro Train Derails Causing Terrible Delays This Morning: A derailed train is causing a hellÛ_ http://t.co/bLCBAbM7A1,Other disaster
4735,6731,@YoungHeroesID Lava Blast dan Power Red #PantherAttack @CunayyH @TaufikCJ,Explosion
4736,11109,"A 5.1 earthquake just struck near Delhi, shaking buildings.",Earthquake
4737,8409,Watch This Airport Get Swallowed Up By A Sandstorm In Under A Minute http://t.co/VZPKn23RX4,Storm/Hurricane/Tornado
4738,7899,Japan NRA proposes raising maximum radiation dose to 250 mSv for nuclear plant workers in emergency situations. http://t.co/Iqb8YH6hHT,Not a disaster
4739,8247,Bloody hell it's already been upgraded to 'rioting'. #hyperbole #saintsfc,Other disaster
4740,9924,since  it    is  a righteous thing with God to repay with tribulation those who trouble you https://t.co/YLTKaWHf9o,Not a disaster
4741,10701,i'm an emotional wreck watching emmerdale fml,Accident/Crash
4742,1269,Private thirsty night?SAD BLOOD ROCK'N ROLL? #??,Other disaster
4743,2749,How Empire Avenue crushed my soul http://t.co/X9OFV1kMv7 via @markwschaefer,Not a disaster
4744,8629,The Art World's Seismic Shift Back to the Oddball - Observer http://t.co/AOWVFAbl0a,Earthquake
4745,4211,#DW Hundreds feared drowned as migrant boat capsizes off Libya: Hundreds of migrants areÛ_ http://t.co/VOX99FWKcX,Other disaster
4746,6660,#Landslide! Trump 25.5% Bush 12.5% http://t.co/xY41z0O5ei via @pollster @realdonaldtrump,Not a disaster
4747,1930,Three-alarm fire burning in Antioch apartment complex. @kron4news http://t.co/IH7cTORGRH,Fire/Wildfire
4748,2577,Crash,Accident/Crash
4749,3546,Madhya Pradesh Train Derailment: Village Youth Saved Many Lives: A group of villagers saved over 70 passengers' lives after two train...,Not a disaster
4750,1383,# handbags Genuine Mulberry Antony Cross Body Messenger Bag Dark Oak Soft Buffalo Leather:  å£279.00End Date: W... http://t.co/FTM4RKl8mN,Not a disaster
4751,10549,TWIA board approves 5 percent rate hike: The Texas Windstorm Insurance Association (TWIA) Board of Directors v... http://t.co/NvxLJDsNkX,Storm/Hurricane/Tornado
4752,8725,that horrible sinking feeling when youÛªve been at home on your phone for a while and you realise its been on 3G this whole time,Not a disaster
4753,6950,"@abc3340 
Parents of Colorado theater shooting victim fear copycat massacre

http://t.co/LvlH3W3aWO
#Antioch

http://t.co/vIwXY1XDYK",Violence/Attack/Terrorism
4754,9305,"#Rick Grimes: 'We'll survive. I'll show you how.'

#TheWalkingDead
Season 5
#Conquer
29 Mar 2015 http://t.co/PbAFmAlgtb",Not a disaster
4755,1665,Japan on Thursday marks the 70th anniversary of the atomic bombing of Hiroshima with the most senior official from Washington ever scheduleÛ_,Explosion
4756,4676,Sometimes I close my eyes and picture what this world would be like if it were engulfed in flames.' #Bot,Not a disaster
4757,2085,Associated Agencies Inc. is #hiring Property &amp; Casualty Account Manager http://t.co/z6MQrUFLDl #jobs #RollingMeadows #Insurance,Not a disaster
4758,3477,Breakfast links: Work from home: Derailed: An empty train derailed at Smithsonian this morning suspending ser... http://t.co/iD4QGqDnJQ,Other disaster
4759,5348,@traplordthings Y din u fav my fire memez åÀ!,Fire/Wildfire
4760,9834,Blood Memory: Intragenerational Trauma and the Death of Sandra Bland http://t.co/ZWeyGpHpf7,Other disaster
4761,2824,#weather #tropicalweather: Tropical Cyclone Tracking update 1245Z 6 Aug 15. http://t.co/D79laflys9 #tropicalupdate,Storm/Hurricane/Tornado
4762,43,What if?!,Not a disaster
4763,9013,@Stretcher @Grazed @witter @Rexyy @Towel thanks aiden,Not a disaster
4764,1808,Now on http://t.co/3sTH9lrBUn: PHOTOS: Flames rage through Manchester buildings in 3-alarm fire http://t.co/jQxM4gcQZ3 #NH1News,Fire/Wildfire
4765,5264,"The meaning I picked the one that changed my life: overcome fear behold wonder.

TCC catch the light... endless... http://t.co/eeRkH8ljws",Not a disaster
4766,4473,My brother just got electrocuted from the plug socket ????,Not a disaster
4767,1795,"#Taiz
#Houthi #Saleh indiscriminate shelling from castle sets Tahreer st buildings on fire
#Yemen http://t.co/qsli2ivIoG",Fire/Wildfire
4768,4238,80 tons of cocaine worth 125 million dollars drowned in #Alameda .....now that's a American drought #coke,Other disaster
4769,2174,The Catastrophic Effects of Hiroshima and Nagasaki Atomic Bombings Still Being Felt Today http://t.co/WC8AqXeDF7,Explosion
4770,6856,@Alex_the_murder *i start making displeased absol noises as i struggle to get out of my own twisted mass of blankets and sheets*,Not a disaster
4771,3757,@AirportWatch  Do we need more motorways 2reduce fumes on our present ones. -forget the extra noise &amp; destruction!- https://t.co/USQZ0OTfNe,Not a disaster
4772,2055,Warfighting Robots Could Reduce Civilian Casualties So Calling for a Ban Now Is Premature http://t.co/lzff4pT4AZ #FTSN #FTSNNewsdesk #Û_,Other disaster
4773,9433,Hiroshima schoolgirls archive memories of A-bomb horror http://t.co/32IzXXrUdP via @ABCNews,Explosion
4774,1038,@JaydenNotJared I can't help it. Hope you're ok. Text me if you need to talk. Sending hugs your way. PS no bleeding to death allowed,Not a disaster
4775,7016,@TheDreamingGoat @mayhem0407 @RobertoSAGuedes Mayhem is my husband by the way. :),Not a disaster
4776,5834,UNR issues Severe Thunderstorm Warning [wind: 60 MPH hail: 0.75 IN] for Weston [WY] and Custer Fall River Lawrence Meade Pennington [SÛ_,Storm/Hurricane/Tornado
4777,1468,Body bagging that I think it's time to bring bags out,Not a disaster
4778,5444,Kirsten Gillibrand http://t.co/amEA3LaMDj    Extend Health Care To 911 First RESPONDERS !,Other disaster
4779,1809,@BigSim50 nah Philly pundits are half the cause. They set buildings on fire to report on buildings being on fire.,Fire/Wildfire
4780,2807,The Big Ten has their annual football media day but before we get into that here's some Cyclone hoops recruiting nuggets,Storm/Hurricane/Tornado
4781,239,Experts in France begin examining airplane debris found on Reunion Island: French air accident experts on Wedn...  http://t.co/KuBsM16OuD,Accident/Crash
4782,1586,At this hour 70 yrs ago one of the greatest acts of mass murder in world history occurred when #Hiroshima was bombed. http://t.co/2QJl5MfKzv,Explosion
4783,7524,When the Government couldn't figure out how to plug the Gulf oil spill so Chuck Norris plugged it...with his fist.,Not a disaster
4784,2507,Beat:G3 MOTOR VEHICLE COLLISION HIT AND RUN at RAINIER AV S / S CHARLES ST reported on 8/5/2015 6:08 PM Call# 15000270653,Accident/Crash
4785,1883,ÛÓ bulletproof and black like a funeral; the world around us is burning but we're so cold. http://t.co/uqssnAAtTu,Other disaster
4786,5871,Hundreds of commuters abandoned at LRT station during severe hailstorm http://t.co/vMIGkJ0tkZ,Storm/Hurricane/Tornado
4787,6659,@kdudakia I get that there has been a massive turn away from Labour but that does not = electoral landslide. Credits tories too much and...,Not a disaster
4788,10514,Cooler weather helps crews battling state wildfire.. Related Articles: http://t.co/15fHVIi9Qp,Fire/Wildfire
4789,5382,#SigAlert: North &amp; Southbound 133 closed btwn 5 fwy and Irvine Blvd due to truck fire. CHP is detouring traffic.,Fire/Wildfire
4790,6501,Peel police say male cyclist struck near Southdown Road and Royal Windsor Drive in Mississauga. Serious but non life-threatening injuries.,Other disaster
4791,7243,TRAIN ACCIDENT IN HARDA (M.P.) IS NOT NATURAL DISASTER. IT SHOWS FAILURE OF MINISTRY OF RAILWAY.PROPER CHECK AT FIXED INTERVAL IS NEEDED.,Accident/Crash
4792,3437,24 killed in two simultaneous rail crash as acute floods derail the two trains #India #mumbai... http://t.co/b0ZwI0qPTU,Flood
4793,8338,#360WiseNews : China's Stock Market Crash: Are There Gems In The Rubble? http://t.co/r0FLXJx5vX,Accident/Crash
4794,9995,I don't get waves of missing you anymore... They're more like tsunami tides in my eyes,Not a disaster
4795,11203,Flash floods swept through Auckland after heavy rainfall.,Flood
4796,1494,BREAKING: Fairfax County firefighter placed on admin leave amid probe into Facebook post about putting police in 'body bags' dept. says.,Not a disaster
4797,8648,10News ? Water main break disrupts trolley service http://t.co/pAug7a68i0,Other disaster
4798,5945,@mishavelgos @MattBacal8 @ComplexMag this is so accurate I can't even speak haha... Comparing hazard to harden is so true,Not a disaster
4799,5494,Maryland mansion fire that killed 6 caused by damaged plug under Christmas tree report says - Into the flames... http://t.co/P1WmkXA9d8,Fire/Wildfire
4800,6186,Remove the http://t.co/J2I27K6tWt and Linkury Browser Hijacker http://t.co/D8TgE45FnU http://t.co/GRG1NsJzbk,Not a disaster
4801,2842,[Tropical Cyclone Info] SOUDELOR 945hPa maximum wind speed: 45m/s maximum wind gust speed: 60m/s  http://t.co/nBD5oT9iEW,Storm/Hurricane/Tornado
4802,9868,@PyramidHead76 one good thing came out of watching the film.  Was too traumatised to watch show so started Halt &amp; Catch Fire on Amazon. :D,Fire/Wildfire
4803,4781,#FortitudeValley unit damaged and residents evacuated after fire broke out after 7am this morning #7News http://t.co/8iZgxCeLcc,Fire/Wildfire
4804,10240,Quake: M 1.9 - 5km S of Volcano Hawaii,Not a disaster
4805,10799,James Kunstler: How bad architecture wrecked cities http://t.co/Ac6I3tE8mT #residualincome #mlm http://t.co/Wq0JLsHW1g,Not a disaster
4806,6764,Science Daily: Lightning reshapes rocks at the atomic level - A lightning strike can reshape a mineral's crystal s... http://t.co/TEZLTqeyw2,Other disaster
4807,9708,Rly tragedy in MP: Some live to recount horror http://t.co/TTb9oiL8R2 #TopStories #India timesofindia,Other disaster
4808,2565,CLEARED: Crash in Hamilton on I-75 south at MM 459.,Accident/Crash
4809,579,#Kisii Police in Kisii hunt for students over failed arson plot: Police in Kisii hunt for students... http://t.co/5bdrFU1duo #CountyNews,Other disaster
4810,4556,http://t.co/F7LJwxJ5jp #GamerGate The end of Reddit is coming. It's time we devise an Emergency Evacuation Plan.,Not a disaster
4811,8827,Hear the Sirens ?,Not a disaster
4812,8716,Don't think I can be more blunt lol yet the message still isn't sinking in ??????,Not a disaster
4813,4334,@LegacyOfTheSith @SagaciousSaber @Lordofbetrayal Moved in a crescent formation small trails of dust left in their wake as they moved.,Not a disaster
4814,8537,@MeganRestivo I am literally screaming for you!! Congratulations!,Not a disaster
4815,10693,How many cars do those cyclists wreck going past scratching with pedals. They should be banned #c4news,Not a disaster
4816,5140,11-Year-Old Boy Charged With Manslaughter of Toddler: Report: An 11-year-old boy has been charged with manslaughter over the fatal sh...,Other disaster
4817,6160,Swansea ?plot hijack transfer move for Southampton target Virgil van Dijk? http://t.co/NZRWDdLntp,Not a disaster
4818,2604,Maj Muzzamil Pilot Offr of MI-17 crashed near Mansehra today. http://t.co/kL4R1ccWct,Accident/Crash
4819,6016,#hot #fiat Olap #world pres: http://t.co/QddYwTynvF How To Recognize A Hazardous Waste And The Multidimensiona http://t.co/dzQGotozNA,Not a disaster
4820,11232,Flash floods swept through Santiago after heavy rainfall.,Flood
4821,10164,Violent Storm Causes Damage Flooding in Watertown - http://t.co/3ZASZ6wxjJ,Flood
4822,1252,@scotto519 happy birthday young blood,Not a disaster
4823,9840,Idk how I'm supposed to have my daughter in gymnastics and cheer at the same time? She refuses to make a choice. Ugh DIVA ??,Not a disaster
4824,10142,A Look at State Actions a Year after FergusonÛªs Upheaval https://t.co/M4tuI0P9nT MD is mentioned in the last group for a 'reporting' bill,Other disaster
4825,7660,"Tried 2 4get
Feelings of death
Invading panic spawns
Can't concentrate
No 1 relates
Stealing all the light
Spreading thin a soul in sections",Not a disaster
4826,2411,I added a video to a @YouTube playlist http://t.co/c2k7hDoLph Howie Day - Collide,Not a disaster
4827,7997,Guess who's got a hilarious new piece on @RazedOnIt? @honeystaysuper! 51 Things You Should Never Say to a Mother Ever http://t.co/ikRHIb9x0a,Not a disaster
4828,8410,Watch This Airport Get Swallowed Up By A Sandstorm In Under A Minute http://t.co/Rm50vCVjsh,Storm/Hurricane/Tornado
4829,8375,Why do u ruin everything?  @9tarbox u ruined the sour cream and u put a brick of cheese in the freezer..dummy,Not a disaster
4830,651,http://t.co/pTKrXtZjtV  Nashville Theater Attack: Will Gun Grabbers Now Demand ÛÏHatchet Control?Û,Violence/Attack/Terrorism
4831,989,@BryanVsBracey @uSTADIUM why do you need blazing speed? I think Watt is far more impressive that OBJ who is just another quick little guy,Not a disaster
4832,11070,The earthquake in Auckland caused power outages and road damage.,Earthquake
4833,11126,Severe flooding has submerged roads in Jakarta.,Flood
4834,585,Owner of Chicago-Area Gay Bar Admits to Arson Scheme http://t.co/ZPxE3fMYNG #LGBT,Other disaster
4835,6710,I lava you' ???? @kherr122,Not a disaster
4836,7897,I liked a @YouTube video http://t.co/V57NUgmGKT US CANADA RADIATION UPDATE EMERGENCY FISHING CLOSURES,Other disaster
4837,3361,Maxsys is hiring a #Demolition #Workers apply now! #Halifax #jobs http://t.co/QTIZcBWw7G,Not a disaster
4838,3066,500 deaths a year from foodborne illness... @frackfreelancs dears... @DECCgovuk @frackfree_eu @tarleton_sophie http://t.co/JSccX8k0jA,Other disaster
4839,1135,Lots of talk of how susceptible NY2 is to shoot blight with or without trama. #WCFGT2015,Not a disaster
4840,8604,AxWave enables a fast and accurate simulation of 2D and 3D seismic surveys in an acoustic medium #seismic #GPU #CPU http://t.co/OMX1NXAqpz,Earthquake
4841,3692,@SapphireScallop Destroy oppa image? Oops! There's nothing left right? Haaaaaa,Not a disaster
4842,8359,FUCK MY LIFE THESE BOYS ARE GONNA RUIN MY LIFE FORREAL http://t.co/mf9nGfphbN,Not a disaster
4843,3843,@someone92883220 they had to detonate it to determine it was a hoax device. Didn't feel comfortable just opening it.,Not a disaster
4844,3574,@StevieDE83 @roathboy I'm desolate no idea how I'll ever get over it ??#badgeofhonour,Not a disaster
4845,7782,@tcbinaflash77 honestly I can't understand why @chanelwestcoast is blaming the police when she wasn't cuffed buy them. #1oak,Not a disaster
4846,7156,Paul Hollywood 'what happened....looks like a mudslide... It's like chewing on a rubber tyre... It looks a mess...' Oh dear Dorrett! #GBBO,Not a disaster
4847,9011,@TheJasonTaylorR *EMS tries to stablize me and put me on a stretcher*,Not a disaster
4848,302,Annihilated Abs . ?? http://t.co/1xPw292tJe,Other disaster
4849,9229,YAOUNDE Cameroon (AP) ÛÓ Authorities have ordered the closure of mosques and Islamic schools following a series of suicide bombing attacks,Explosion
4850,10670,When and how does a character recover fromåÊwounds? http://t.co/ohhkuHtjXm,Not a disaster
4851,2270,@usetheIight youre an ugly piece of trash i hope u fall off a cliff,Not a disaster
4852,9664,@ticklemeshawn @evebrigid I'll bet I do,Not a disaster
4853,9186,Islamic State claims suicide bombing at Saudi Arabian mosque: Ten members of emergency services... http://t.co/0Bznfdg0aR #Kabari #World,Explosion
4854,9357,Lets see how long i survived b4 i fall back to dreamland,Not a disaster
4855,7009,Tonight It's Going To Be Mayhem @ #4PlayThursdays. Everybody Free w/ Text. 1716 I ST NW (18+) http://t.co/sCu9QZp6nq,Not a disaster
4856,2723,A diamond is just a piece of charcoal that handled stress exceptionally well. We are hard pressed on every side but not crushed.2 cor4:8,Other disaster
4857,7575,Families to sue over Legionnaires: More than 40 families affected by the fatal outbreak of Legionnaires' disea... http://t.co/boZfh1M3wb,Not a disaster
4858,4289,My mom is watching a show about bridges breaking/falling and the people on them drowning in their cars aka one of my biggest fears ????,Not a disaster
4859,9535,Okay #MetroFmTalk,Not a disaster
4860,2511,Motorcyclist bicyclist injured in Denver collision on Broadway http://t.co/eOPWBtUYr9,Accident/Crash
4861,8438,Watch This Airport Get Swallowed Up By A Sandstorm In Under A Minute http://t.co/Fkb7iUAuL8,Storm/Hurricane/Tornado
4862,10653,@WorldRunners @RunningRoom Day 3&amp;my wounds are looking much better. Running road rash. #summer #injury #offdishduty http://t.co/aGkWKaqgOS,Not a disaster
4863,918,@GACourts If 90BLKs&amp;8WHTs colluded 2 take WHT F @USAgov AUTH Hostage&amp;2 make her look BLK w/Bioterrorism&amp;use her lgl/org IDis ID still hers?,Violence/Attack/Terrorism
4864,5311,HOLY FUCK SOMEONE SET ME ON FIRE https://t.co/GXnvqCGjQ2,Fire/Wildfire
4865,283,http://t.co/FueRk0gWui Twelve feared killed in Pakistani air ambulance helicopter crash http://t.co/Mv7GgGlmVc,Accident/Crash
4866,7589,Families to sue over Legionnaires: More than 40 families affected by the fatal outbreak of Legionnaires' disea... http://t.co/lfbdhTGQWG,Other disaster
4867,705,Once again black men didn't make it that way. White men did so why are black men getting attacked  https://t.co/chkP0GfyNJ,Not a disaster
4868,8580,"SCREAMS. WHERE IS EVERYONE.

oh wait school

ok

im ok",Not a disaster
4869,666,TexasÛªs Gratuitously Cruel Attack On A Dying GayåÊMan http://t.co/retdjqyCuB,Violence/Attack/Terrorism
4870,8492,@camilacabello97 screaming internally and externally,Not a disaster
4871,2837,Waige driving like a Badass #ScorpionPilot #Cyclone @ScorpionCBS,Storm/Hurricane/Tornado
4872,4671,Men escape car engulfed in flames in Parley's Canyon crews investigating cause - http://t.co/tFan6qq2Ys http://t.co/rAkwWritPo,Other disaster
4873,6286,Chris Brown's aunft was 'held hostage in a closet by armed intruders at his LA home while sin http://t.co/i1Fhb8QSZ7 http://t.co/7C5BG48BRJ,Violence/Attack/Terrorism
4874,11048,A shallow earthquake has been detected in Houston.,Earthquake
4875,3307,"Big Papi just demolished that ball. 

#BOSvsNYY",Not a disaster
4876,3196,If you're in search of powerful content to improve your business or have been frustrated with the deluge of 'quantitÛ_https://t.co/64cyMG1lTG,Other disaster
4877,4829,Evacuation Advisory for Swayback Ridge Area..voluntary-InciWeb:Mad River Complex Announcement http://t.co/vN73o4SGzJ #wildfires #calfires,Fire/Wildfire
4878,1873,the stars are burning i here your voice in my mind,Not a disaster
4879,9997,@TA7LPlays @Twitch_Bang @Maliceqt @Zelse007 @RhyareeGaming @dougiedabandit sorry what you say theres a tweet tsunami happening,Not a disaster
4880,2011,Warfighting Robots Could Reduce Civilian Casualties So Calling for a Ban Now Is Premature http://t.co/yvYgTcAz7k,Not a disaster
4881,5265,@phnotf sometimes your cheekiness bleeds through my computer screen and i recoil in fear,Not a disaster
4882,494,"#MustRead: Vladimir #Putin Issues Major Warning But Is It Too Late To Escape Armageddon? by @PCraigRoberts #US #Rus
http://t.co/5GFhfCIjrF",Not a disaster
4883,8928,@40URTY @DonOf_NikeTown snowstorm is my fave episode lmao,Storm/Hurricane/Tornado
4884,3347,A demolished Palestinian village comes back to life http://t.co/9Lpf4V4hMq,Other disaster
4885,10843,Omg earthquake,Earthquake
4886,10275,How do people bake without turning their kitchen into a war zone of eggs and flour,Not a disaster
4887,10326,@KnaveTBE lol. Not the class but the class of weapon,Not a disaster
4888,1922,Mmmmmm I'm burning.... I'm burning buildings I'm building.... Oooooohhhh oooh ooh...,Not a disaster
4889,4361,Raffi_RC: RT SustainOurEarth: Oklahoma Acts to Limit Earthquake Risk at Oil and Gas Wells | scoopit http://t.co/yru4nPHdrf Loving all thiÛ_,Earthquake
4890,5631,"When the waves are flooding the shore
And I can't find my way home anymore
That's when I look at you http://t.co/TDAKtGlU5p",Flood
4891,1811,Now on WSLS: fire burns multiple buildings in #Montgomery Co tips to make childcare less expensive &amp; rain. Join @jennasjems @PatrickWSLS,Fire/Wildfire
4892,10546,When I breathe it sounds like a windstorm. Haha cool,Not a disaster
4893,6152,Plans by former First Lady and wife of ex-President Goodluck Jonathan Dame Patience Jonathan to hijack the All... http://t.co/HaShGQAFic,Other disaster
4894,5386,133 N past  the 5 L lane is reopened. All other lanes are closed. All lanes are open on the 133 S. Trash truck fire cleanup. @KNX1070,Fire/Wildfire
4895,11132,Severe flooding has submerged roads in Miami.,Flood
4896,9859,Back in Ireland v. sad/traumatised as is freezing and not beautiful Parisian summer to which have become accustomed.,Not a disaster
4897,10365,@eyecuts @Erasuterism I love 96 Gal Deco to death even if it's a bit trickier to be great with. Glad more weapons are getting Splash Wall,Other disaster
4898,11046,A shallow earthquake has been detected in Jakarta.,Earthquake
4899,7661,i just drove with both my parents in the car lmao that was a panic attack waiting to happen,Not a disaster
4900,9671,#tornado #singapore Mac and #cheese #around the world - mac cheese cookbook: http://t.co/rgAm3eQOwn Mac and Ch http://t.co/X6ZJpzB8UP,Storm/Hurricane/Tornado
4901,4286,Boy saves autistic brother from drowning: A nine-year-old in Maine dove into a pool to save his autistic brother from drowning,Not a disaster
4902,8363,Four Things That May Ruin Your Personal Injury Accident Claim http://t.co/ZU9YYdF5DI,Accident/Crash
4903,858,Citizens Education Project has acted for years as a watchdog on the Dugway Proving Grounds. http://t.co/NZHXYapLm0,Not a disaster
4904,4659,He came to a land which was engulfed in tribal war and turned it into a land of peace i.e. Madinah. #ProphetMuhammad #islam,Other disaster
4905,4252,Grace: this is not your first ' storm' you know bicycles fences trees will fly as well as idiots drowning that go by swollen rivers...,Storm/Hurricane/Tornado
4906,3825,@OpTic_Scumper Yo why u so sexy?,Not a disaster
4907,1948,Attempting Delany's Dhalgren in beastly NY heat. Downing hot coffee amongst descriptions of buildings burning for days without ruin.,Not a disaster
4908,383,@SonofBaldwin and he's the current Nova in the bookslast I checked..he was tied into the books in 2011 after Rider died during Annihilation,Not a disaster
4909,5704,Typhoon Soudelor approaches after 7 killed 2 missing in floods in PhilippinesÛ_ http://t.co/8rDXcfgQEm #Typhoon,Flood
4910,6448,Check this @SuryaRay Udhampur terror attack: Militants attack police post 2 SPOs injured:Û_ http://t.co/ptq3zMgncK #SuryaRay #India,Violence/Attack/Terrorism
4911,6692,"Dixie Chicks - Landslide - ??can I sail through the changing ocean lides??
??can i handle the seasons of my life??
 http://t.co/jRsGmTT3AI",Not a disaster
4912,4086,#Myanmar  Displaced #Rohingya at #Sittwe point of no return http://t.co/cgf61fPmR0  #Prison like conditions #genocide IHHen MSF Refugees,Other disaster
4913,8483,@Real_Liam_Payne I SCREAMED AT THE TOP OF MY LUNGS WHEN YOU SAID YOU GUYS WOULD COME BACK TO S.A SO KEEP YOUR PROMISE  #AddTexasToNext1DTour,Not a disaster
4914,2167,@johngreen The catastrophic history of you and me,Not a disaster
4915,662,BREAKING: Obama Officials GAVE Muslim Terrorist the Weapon Used in Texas Attack http://t.co/qi8QDw5dFG,Violence/Attack/Terrorism
4916,7307,"Germany has  39 gigawatts of installed solar capacity
_One gwatt is about equal to the capacity of a nuclear reactor.
http://t.co/leCZOlkmSV",Not a disaster
4917,7383,World of warships makes me mad sometimes but it's soooo satisfying when you cross the T on a battleship and just obliterate it,Not a disaster
4918,6753,World War II book LIGHTNING JOE An Autobiography by General J. Lawton Collins http://t.co/a7iqMhvLSm http://t.co/b9vTkDjJ33,Not a disaster
4919,594,Arson suspect linked to 30 fires caught in Northern California http://t.co/u1fuWrGK5U,Fire/Wildfire
4920,3060,1/2 of the deaths in red-light running crashes are pedestrians bicyclists &amp; other vehicle occupants that are hit by the red-light runners.,Accident/Crash
4921,4357,#Sismo ML 2.4  NEAR THE COAST OF WESTERN TURKEY: MagnitudeåÊåÊML 2.4RegionåÊåÊNEAR THE COAST OF WESTERN TURKEY... http://t.co/0wdAzLcM90 #CS,Other disaster
4922,3992,70 Years After Atomic Bombs Japan Still Struggles With War Past: The anniversary of the devastation wrought b... http://t.co/vFCtrzaOk2,Explosion
4923,8958,The Florence Regional Airport Director says no major damage at airport from yesterday's storm. No evacuations and no blown out windows.,Storm/Hurricane/Tornado
4924,4587,Severe thunderstorm warning remains for #Cochrane. @cityofcalgary has enacted municipal emergency plan after today's storm. #abstorm,Storm/Hurricane/Tornado
4925,4264,@_jeesss_ @Ethereal_7 Hello 911 yeah we have someone drowning here send a medic http://t.co/7GiglwdMhy,Other disaster
4926,2037,@Josh_Daniel_ @mikegiarrusso @FoxNews so do you think a bunch of untrained people firing back isn't going to cause more casualties,Not a disaster
4927,6135,Tension In Bayelsa As Patience Jonathan Plans To Hijack APC PDP - http://t.co/ComLG0VdbV,Other disaster
4928,11047,People evacuated buildings after feeling a strong quake in Kathmandu.,Earthquake
4929,10467,These wild fires out west are crazy.,Fire/Wildfire
4930,2985,I don't reckon Ross is dead actually they said 'has' Pete killed his own brother Ross has survived so much to just die from that??,Not a disaster
4931,7384,I'd love to see a nigga try and diss the King haha he would OBLITERATE THEM. With no struggle! https://t.co/cwn2gT0r5p,Not a disaster
4932,2508,Beat:B2 MOTOR VEHICLE COLLISION at N 35 ST / FREMONT AV N reported on 8/5/2015 6:52 PM Call# 15000270364,Accident/Crash
4933,7947,@WerdEmUp It's already been messed up thanks to an earlier rainstorm. Needs to go in for maintenance anyway.,Storm/Hurricane/Tornado
4934,10875,The ground shook violently during an earthquake in Manila.,Earthquake
4935,2028,The more I listen to it the more I believe Casualties of Cool is one of the best albums there ever was.,Not a disaster
4936,9959,@AshNiggas tink ...,Not a disaster
4937,10307,@abcnews A nuclear bomb is a terrible weapon!!,Explosion
4938,8638,A subcontractor working for French seismic survey group CGG has been kidnapped in Cairo and is held by Islamic State the company said on WÛ_,Earthquake
4939,10862,Officials say a quarantine is in place at an Alabama home over a possible Ebola case after developing symptoms... http://t.co/rqKK15uhEY,Other disaster
4940,2405,?Maybe someday we'll find the place where our dreams and reality collide.?,Not a disaster
4941,6704,Get excited to watch Disney/Pixar's LAVA an animated short before Inside Out! Learn more: http://t.co/1VdXSWdRp9 http://t.co/iQ4BZUCvIg,Not a disaster
4942,6851,@AMAAS @JD_marsh22 just carry a gun. No way you get charged when you stop a mass murder,Not a disaster
4943,5785,#LukeBox how about a song for your fellow Eagles?! ???? #hail southern,Not a disaster
4944,7512,Sydney Traffic HAZARD Oil spill - BANKSTOWN Stacey St at Wattle St #sydtraffic #trafficnetwork,Other disaster
4945,6025,SH 29 Kaimai Ranges - Eastbound. Hazardous driving conditions. Due To A Truck Breakdown... http://t.co/0cuCMZCmaO via @AA_Traffic,Not a disaster
4946,9172,"@Abu_Baraa1 Suicide bomber targets Saudi mosque at least 13 dead - Suicide bomber targets Saudi mosque at least 13 dead
This is ridiculous",Explosion
4947,71,First night with retainers in. It's quite weird. Better get used to it; I have to wear them every single night for the next year at least.,Not a disaster
4948,6061,It's kinda cool tonight. Is the heat wave finally over?? ???? 7amdollela 3la kulli 7aal,Other disaster
4949,7565,Families to sue over Legionnaires: More than 40 families affected by the fatal outbreak of Legio... http://t.co/uCBfgIBFOR #MuhamadJabal,Other disaster
4950,2769,She just said does he have a curfew 'nope'??,Not a disaster
4951,2653,pkadlik : jojowizphilipp and I have a crush on Rob Thomas right now...?? #viptickets #imgunnashakeitallnight @Û_ Û_ http://t.co/uaGsSzMu9w),Not a disaster
4952,4841,@CALFIRE_PIO Being prepared is crucial but returning to homes after evacuation only to find them robbed is criminal! #WillowFire,Fire/Wildfire
4953,6274,#hot  Funtenna: hijacking computers to send data as sound waves [Black Hat 2015] http://t.co/cOMuiOk3mP #prebreak #best,Other disaster
4954,10094,#Trending #Viral Spectacular satellite view of Typhoon Soudelor @rumblevideo http://t.co/VkF0gkZ9N3,Storm/Hurricane/Tornado
4955,7406,Mad kids and innocent people who had nothing to do with the war got obliterated smh,Not a disaster
4956,9505,Udhampur terror attack: NIA takes over probe Pakistani terrorist quizzed; Pak denies link  http://t.co/ogZJOkd7Sv  #Elections #AcheDin #Û_,Violence/Attack/Terrorism
4957,8585,@wisdc &amp; obama supports  death2USA .. http://t.co/serARcNrbY,Not a disaster
4958,4099,U.S. in record hurricane drought http://t.co/NratKzyU5E #JustBitching http://t.co/JATvPAT0MO,Storm/Hurricane/Tornado
4959,4996,kindermorgan gas explosion,Explosion
4960,8283,@halljh1720. I am so sick of criminals parents and friends rioting when they are killed by police. You don't give a Damn when officer is.,Other disaster
4961,202,@rewind_music found out about you guys today(regarding the accident on the airplane lol) &amp; became a fan! Sending love &amp; support from Cali~?,Accident/Crash
4962,9075,Investigators have said a Virgin Galactic spaceship crash was caused by structural failure after the co-pilot unlocked a braking system,Accident/Crash
4963,5374,News On 6 Crew Neighbors Put Out Hallett Truck Fire http://t.co/TwqVKZY6Dn http://t.co/QoInQ6gc9M,Fire/Wildfire
4964,497,"You da One 

#MTVSummerStar #VideoVeranoMTV  #MTVHottest Britney Spears Lana Del Rey",Not a disaster
4965,7302,Quick Fact: No #nuclear reactor has come into operation in the #US for over 43 years.  http://t.co/V1mtR517Ue,Not a disaster
4966,7615,Pandemonium In Aba As Woman Delivers Baby Without FaceåÊ(Photos) http://t.co/BUKDVKuRTw,Not a disaster
4967,5812,@modnao23 the hail is ruining everything. Plus my car I haven't even gotten yet. Have yet another killer migraine and I lost my glasses. ??,Other disaster
4968,512,Vote for #Directioners vs #Queens in the 5th round of the @Billboard #FanArmyFaceOff http://t.co/Kgtxnnbj7y,Not a disaster
4969,9397,"Tricycle toddler atomic bomb
http://t.co/ljeRYHItwh In a fraction of a second Our decisions change the landscape of humanity.",Explosion
4970,5005,The gusto in persist had amongst empty-pated communication explosion: hPSsJD,Explosion
4971,10955,Aftershocks continue following the earthquake in Bangkok.,Earthquake
4972,8398,Watch This Airport Get Swallowed Up By A Sandstorm In Under A Minute http://t.co/nvSjHdGDGZ,Storm/Hurricane/Tornado
4973,4217,Hundreds of migrants feared drowned off Libya: http://t.co/RTx4O0SIyH #news #bbc #cnn #msnbc #nyt #tcot #tlot #waar #ccot #ctot #p2 #ap,Not a disaster
4974,7181,"Looks like a Mudslide!

#GBBO",Not a disaster
4975,7256,@DalaiLama then have the biggest nuclear disaster to ever have happened,Other disaster
4976,900,@bbcworld Bioterrorism drones can reach large populated erea.,Violence/Attack/Terrorism
4977,8179,Photo: theonion: Rescuers Heroically Help Beached Garbage Back Into OceanåÊ http://t.co/YcSmt7ovoc,Not a disaster
4978,1310,Just because of his 'precious lunch' ??? Bloody hell no brain issit??  https://t.co/X5dwKElReo,Not a disaster
4979,1256,blood makes you related but loyalty makes you family' - @SirBeezAlot,Not a disaster
4980,1839,@IrSolichin @9Tawan99 @178kakapo @POTUS The last 2 of 68 cities where everyone was burned to death. Terrorism on the grandest of scales,Violence/Attack/Terrorism
4981,3519,"MP train derailment: Village youth saved many lives
http://t.co/lTYeFJdM3A #IndiaTV http://t.co/0La1aw9uUd",Other disaster
4982,7646,Panic - Sublime with Rome,Not a disaster
4983,1259,Ain't no hoe in my blood,Other disaster
4984,9194,@daisycuttertz @GROGParty @Tony_Burke He's been having lessons in suicide bombing from his imam!,Explosion
4985,3620,#Kids going to #school amidst the #desolation of an #earthquake #aftermath #Love #OlympusÛ_ https://t.co/pqds20yrJs,Earthquake
4986,7151,#Tajikistan #Mudslides #China aids to #Mudslide-hit #Tajiks http://t.co/BD546mtcpN,Not a disaster
4987,10610,@AsterPuppet wounded and carried her back to where his brothers and sisters were and entered the air ship to go back to Academia,Not a disaster
4988,6440,Unlicensed teen driver among 2 killed in NC crash http://t.co/Woc6AkEHYX,Accident/Crash
4989,4543,@chowtaxis of Newport a big thanks for the emergency run to pick Jackie up from Bristol temple messages much appreciated,Other disaster
4990,2125,UPDATE: 7 of the 9 Mac Pros my company bought in May have had catastrophe failures requiring repair!,Other disaster
4991,230,@thugIauren I had myself on airplane mode by accident ??,Accident/Crash
4992,597,Owner of Chicago-Area Gay Bar Admits to Arson Scheme: Frank Elliott pleaded guilty to hiring an arsonist to to... http://t.co/L82mrYxfNK,Not a disaster
4993,8185,When Rescuers Found Him He ... http://t.co/sTDCdHQxJX,Not a disaster
4994,2192,The Catastrophic Effects of Hiroshima and Nagasaki Atomic Bombings Still Being Felt Today http://t.co/rNqEBAyCVM,Explosion
4995,408,#AskConnor there's a zombie apocalypse. the item to your right is your weapon. you're either screwed or you're gonna live.,Not a disaster
4996,7896,You knew that Israel is a world leader in lifesaving emergency services. And now looking far beyond Haiti and... http://t.co/49N6YzAjvd,Not a disaster
4997,2509,Call to car vs fed ex truck head on collision on I-40 mile marker 118. Prayers for the families as we get to the scene!,Accident/Crash
4998,732,I attacked Robot-lvl 19 and I've earned a total of 6615434 free satoshis! http://t.co/DMLJ1aGoTw #robotcoingame #Bitcoin #FreeBitcoin,Not a disaster
4999,8206,To All The Meat-Loving Feminists Of The World Riot Grill Has Arrived http://t.co/7TMBbGxSK8 @OwenHarris82,Not a disaster
5000,2078,@ScriptetteSar @katiecool447 btw the 30th is actually next year casualty began 6th September 1986 so 2016 marks 30 years,Other disaster
5001,10497,Here's a quick timelapse I made of the Finger Rock Fire last night from about 9PM - 1AM. Check it out! #fingerrockfire #wildfire #catalinas,Fire/Wildfire
5002,7618,Welcome to http://t.co/4XsCjtvmmM: Pandemonium In Aba As Woman Delivers Baby  Without... http://t.co/2tTsTvbgIx,Not a disaster
5003,1481,Body Bags' (1993) Movie Review!: http://t.co/E1tdatSUcC via @YouTube,Not a disaster
5004,8832,"connor franta: damn sirens I hope everyone is okay. 

dan howell: can you PLEASE get MURDERED on ANOTHER STREET",Other disaster
5005,10748,Malaysia PM confirms wreckage belongs to MH370 http://t.co/kacrlpjC0l http://t.co/YjJbNTcaZY,Accident/Crash
5006,1971,Insane bush fires in California. Be safe. https://t.co/jSlxTQ3NqS,Fire/Wildfire
5007,7245,This was amazing. Probably couldn't have watched if still living in Japan. Scary. Nuclear Meltdown Disaster | Nova http://t.co/j00WxMJRya,Not a disaster
5008,9820,@PTSD_Chat Yes. I feel the root of that is Shame - which can be found in the rubble of most trauma. #PTSDchat,Other disaster
5009,7590,An outbreak of Legionnaires' disease in New York has killed at least 8 people ÛÓ now officials think they've fo... http://t.co/7evyeLW4LC,Other disaster
5010,10366,#Battlefield 1942 forgotten hope secret weapons,Other disaster
5011,10157,@abcnews UK scandal of 2009 caused major upheaval to Parliamentary expenses with subsequent sackings and prison. What are we waiting for?,Not a disaster
5012,2169,The Catastrophic Effects of Hiroshima and Nagasaki Atomic Bombings Still Being Felt Today http://t.co/TzxeG4gOkD,Explosion
5013,3158,Niagara Falls Package Deals Deluge Tours YYESO,Not a disaster
5014,439,OMg zombie apocalypse among my students... -___-,Not a disaster
5015,8620,[Report 5] 18:22:45 Ibaraki Prefecture offing M5.5 Depth 60km Maximum seismic intensity 4 #Earthquake,Earthquake
5016,10937,"A 6.7 earthquake just struck near Istanbul, shaking buildings.",Earthquake
5017,2949,@James_May_Not @aMusicVideoaDay @knelligan12 @king_ruckus There's a lot of businesses that operate on outskirts &amp; I never feel in danger,Not a disaster
5018,10324,On 70th anniversary of #Hiroshima bomb it is important to learn from history and ban this weapon.,Explosion
5019,2111,Cultivating Joy In The Face Of Catastrophe And Suffering http://t.co/o0LTQDJbQe #pjnet #tcotåÊ#ccot http://t.co/MO9wpTyqkp,Not a disaster
5020,3473,Whoa a #wmata train derailed at Smithsonian?,Other disaster
5021,257,AMBULANCE SPRINTER AUTOMATIC FRONTLINE VEHICLE CHOICE OF 14 LEZ COMPLIANT | eBay http://t.co/7X3PDDbT0Z,Not a disaster
5022,2182,"Dear @CarlyFiorina Will you or anyone in your family be alive in 2040?

#climatechange #GOPDebate 

 http://t.co/j7Q2ySOMvR

#FeelTheBern",Not a disaster
5023,8108,I just rescued you in MGS Ground Zeroes @HIDEO_KOJIMA_EN  haha. Amazing...Sept 1st cant come soon enough :),Not a disaster
5024,966,Craving slurpees ;-;,Not a disaster
5025,3144,Debris confirmed from MH370; relatives hope for discovery of crash site http://t.co/rLFtjmHHvT via @Reuters #Video,Accident/Crash
5026,2608,Neil_Eastwood77: I AM A KNOBHEAD!! Bin Laden family plane crashed after 'avoiding microlight and landing t... Û_ http://t.co/dUVUzhMVUT,Accident/Crash
5027,658,Ûª93 blasts accused Yeda Yakub dies in Karachi of heart attack http://t.co/mfKqyxd8XG #Mumbai,Explosion
5028,110,By accident' they knew what was gon happen https://t.co/Ysxun5vCeh,Not a disaster
5029,6615,WARNING: This string will be inundated with wisdom to replenish a a leaderÛªs weary soul this day. #Sorry #NotSorry #GLS15,Not a disaster
5030,634,Surveillance Video Captures Man Removing American Flag From Long Beach Home ... - KTLA http://t.co/g0o9wiAgHu,Not a disaster
5031,949,Your reaction determines that,Not a disaster
5032,11228,Rivers overflowed causing widespread flooding in Toronto.,Flood
5033,11230,Boats are being used for rescues in flooded areas of Los Angeles.,Flood
5034,10970,"A 6.7 earthquake just struck near New Orleans, shaking buildings.",Earthquake
5035,4970,Large explosion rocks aluminum plant in southeast Missouri Re:Naomi-No Logo http://t.co/0WdsEIHYQu,Explosion
5036,9014,Oh no! Dan Hughes seems like he's really hurt after getting knocked down by D Rob. They're bringing a stretcher on the court!,Not a disaster
5037,9647,RT @LivingSafely: NWS posts Severe #Thunderstorm Warnings for parts of #AR #NC #OK. Seek strong shelter if at risk: http://t.co/HE4Qh2I5wF,Storm/Hurricane/Tornado
5038,3306,Historical Bigfoot Landmark Soon To Be Demolished: The Bluff Creek Resort Store pictured above in 1976 was t... http://t.co/TW0SEv1N6C,Not a disaster
5039,5628,Cuban leader extends sympathy to Vietnam over flooding at http://t.co/QcyXwr2rdv,Flood
5040,3376,Delmont's 'Onion House' Purchased After Plans For Demolition http://t.co/yojKfQeJ6s,Other disaster
5041,5971,Choking Hazard Prompts Recall Of Kraft Cheese Singles http://t.co/98nOsYzu58,Not a disaster
5042,4069,Oof. Vikings took an island off the mainland. The noble house who ruled there got displaced... into my county. Welcome new vassals!,Not a disaster
5043,2610,Rip to whoevers face that crashed in front of my work. Wish I could have helped,Accident/Crash
5044,3287,I could demolish this right now! https://t.co/SkS5jCCrj2,Not a disaster
5045,5218,So these savages leaked Thomas Brady gangstermail account and wonder why he was quick to fatality his Samsung mobile? B real son.,Not a disaster
5046,2124,#twist #sony Ultimate #preparedness library: http://t.co/kx1fGSqeB6 Prepare Yourself For Any Catastrophe. Over http://t.co/7GYGhOG2ds,Not a disaster
5047,324,@NinaHoag - 'if you shred my Psych work our friendship would be annihilated,Not a disaster
5048,5988,#Taiwan Grace: expect that large rocks trees mud unstable and/or saturated land may slide ..very hazardous in hilly/mountain areas...,Other disaster
5049,9776,I feel like that episode of Victorious when they all got trapped in an RV and almost died of heat stroke #MTVHottest One Direction,Not a disaster
5050,2474,@edsheeran tf is innit,Not a disaster
5051,2321,EUROCRISIS Guardian Greece's tax revenues collapse as debt crisis continues: As talks continue over proposed âÂ... http://t.co/bBm9sR1wOw,Other disaster
5052,10088,Obama Declares Disaster for Typhoon-Devastated Saipan: Obama signs disaster declaration for Northern Marians after typhoon hits US territory,Storm/Hurricane/Tornado
5053,5084,"@WuckForld @LioniskingRTAC To be alive even a heroic
Famine drink look out",Not a disaster
5054,3292,I have completed the quest 'Demolish 5 Murlo...' in the #Android game The Tribez.  http://t.co/pBclFsXRld #androidgames #gameinsight,Not a disaster
5055,3487,How many trains derailed that @wmata has to shut down orange/blue in most of DC? The Avengers made less of a mess @unsuckdcmetro,Other disaster
5056,9856,RT @judithabarrow author CHANGING PATTERNS  #amazon http://t.co/0oCrOtMkHM SILENT TRAUMA http://t.co/2ZGrVnMDW9 #amazon,Not a disaster
5057,4661,Tube strike live: Latest travel updates as London is engulfed in chaos: Û_  cross-London travel will be accepte...  http://t.co/vg8HRbebdA,Other disaster
5058,8672,Large sinkhole swallows entire pond in Lowndes County Georgia http://t.co/20Gi4Gyud5,Not a disaster
5059,8107,So @edsheeran just rescued this year's #FusionFestival http://t.co/I6ldEtwB6h http://t.co/XUnS3zHIxa,Not a disaster
5060,3983,70 Years After Atomic Bombs Japan Still Struggles With War Past: The anniversary of the devastation wrought b... http://t.co/Targ56iGBZ,Explosion
5061,11060,Emergency crews are responding after an earthquake rattled Kathmandu.,Earthquake
5062,872,FedEx no longer to transport bioterror germs in wake of anthrax lab mishaps http://t.co/MqbYrAvK6h,Violence/Attack/Terrorism
5063,5364,What a night! Kampers go on vacation to end our Dream Job party where fire truck sprays the pool with a hose! http://t.co/if0BiyubC4,Fire/Wildfire
5064,5079,The famine is coming to an end #Bluebell http://t.co/p9ryMfjcUX,Other disaster
5065,7710,I deserve a goddamn medal for dealing with this basement flood without panicking,Flood
5066,6846,JohnMtaita: Breaking news! Unconfirmed! I just heard a loud bang nearby. in what appears to be a blast of wind from my neighbour's ass.,Explosion
5067,10434,WIN: Lisowski whitewashes the Whirlwind 5-0 in round 2 of Shanghai Masters Quals! |  http://t.co/MLigPUHVOh #snooker http://t.co/TcS2Cd5y6y,Other disaster
5068,5688,APC Chieftain Tasks Dickson On N15b Floods Donation To Bayelsa http://t.co/LqGOe7psXp,Flood
5069,9720,"@TEDMED
I remember my friend Jeff Weisberg saying ÛÏIf I can only gat back from this ER shift w/out a kiddie tragedy",Not a disaster
5070,11264,Flooding shut down major roads in Jakarta today.,Flood
5071,2809,An Appeal By Cardinal Charles Bo SDB ( CNUA) Dear Brothers and Sisters The  recent cyclone and the massive... http://t.co/bLgH5bTV8T,Storm/Hurricane/Tornado
5072,8439,I just replied to somebody's comment to me saying'darude sandstorm' negatively and now I feel bad for doing it.,Storm/Hurricane/Tornado
5073,10184,@Vickie627 Desert Storm was an unqualified victory a treaty was signed.  Under Clinton the situation only got worse and more violent. #tcot,Storm/Hurricane/Tornado
5074,10272,Packing for CT aka my room looks like a war zone,Not a disaster
5075,5396,when a monster truck racer catches on fire at the fair,Fire/Wildfire
5076,3315,She literally demolished my nap time.,Not a disaster
5077,6631,@Bilsko and suddenly I'm inundated with research. @humofthecity,Other disaster
5078,529,One Direction Is my pick for http://t.co/q2eBlOKeVE Fan Army #Directioners http://t.co/eNCmhz6y34 x1431,Not a disaster
5079,5740,Q: Why do ducks have big flat feet? A: To stamp out forest fires. Q: Why do elephants have big flat feet? A: To stamp out flaming ducks.,Not a disaster
5080,8793,Reasons I should have gone to Warped today: tony played issues showed up sleeping w sirens played attila is there issues issues issues,Other disaster
5081,6483,Neelum Valley teen dies in 'dud shell' explosion: MUZAFFARABAD: A teenage boy was killed and his peer was injuredÛ_ http://t.co/GuRdZEPMhu,Explosion
5082,5083,"Russia destroys food while people go hungry.  We're not the only ones with an insane government.
http://t.co/ZonNqGsxYw",Other disaster
5083,8910,RT RTphotographyUK: New #photo Oak in a snowstorm http://t.co/gWOKZELq5Q taken in #winter on the #SouthDowns #Hampshire #photography #artÛ_,Storm/Hurricane/Tornado
5084,6934,Mass murderer had sex without touching each other or taking their clothes off because he was so fanatical on hygiene http://t.co/RfewQRGzbs,Not a disaster
5085,2970,@soapscoop i need you to confirm that ross is dead cause i dont trust anyone else yh,Not a disaster
5086,9034,Scary stuff in San Antonio. Stars head coach Dan Hughes was run into on the sidelines and fell over chairs onto the floor. Stretcher now out,Other disaster
5087,1311,I swear my eyes be bloody red but bitch I feel amazing.,Not a disaster
5088,7779,#Np love police @PhilCollinsFeed On #LateNiteMix Uganda Broadcasting Corporation. UBC 98FM #Radio/ #Uganda / #MbbLive,Not a disaster
5089,7471,[Chaos dancing in the streets | Why did God order obliteration of ancient Canaanites?] http://t.co/P7DLX1wFmC via @Michael_0000,Not a disaster
5090,793,Now there's an avalanche... These men are lunatics #livingontheedge,Not a disaster
5091,4104,LLF TALK WORLD NEWS U.S. in record hurricane drought - The United States hasn't been hit by a major hurricane in t... http://t.co/oqeq4ueGF8,Storm/Hurricane/Tornado
5092,11302,Residents are evacuating due to rising floodwaters in Rome.,Flood
5093,4807,Rocky fire in Northern California swells to 60000 acres; 12000 evacuated http://t.co/mtfnbhRYZq Portland #Phoenix #Miami #Atlanta #Casper,Fire/Wildfire
5094,1756,@EPCOTExplorer my jealous tears are burning with the fire of a thousand ransacked buildings. SO AWESOMEEEEEEEE,Fire/Wildfire
5095,9917,a room full of adults going ÛÏboonew boonewÛ along with the ÛÏmake it doubleÛ part of Pokemon PLÛªs shitty midi of Prepare For Trouble,Not a disaster
5096,5108,Russian 'food crematoria' provoke outrage amid crisis famine memories http://t.co/kZYvMnqHy7 via @Reuters,Not a disaster
5097,4359,1.9 earthquake occurred 15km E of Anchorage Alaska at 00:11 UTC! #earthquake #Anchorage http://t.co/QFyy5aZIFx,Earthquake
5098,10285,When your friend getting whooped and you running out of weapon options ?????? #TeamDuval #T... (Vine by TerrellT) https://t.co/Sf9Ufv7w6C,Not a disaster
5099,7211,Rise up like a natural disaster we take the bat and then we take back the town????,Not a disaster
5100,3057,Silence. #Palermo #Shipwreck #Children #Deaths http://t.co/Tm9ZBHJcyf,Accident/Crash
5101,6896,Okay not sure the word 'mass murder' applies during this war but it was horrendous none the less. https://t.co/Sb3rjQqzIX,Other disaster
5102,4921,#Aphid population in #NorthIowa has exploded in last 4 days! http://t.co/cw6jxYVbNj #FromTheField,Not a disaster
5103,10477,@JacobHoggard @therealmattleaf  it's so sad out there in BC all the wild fires. Hope u are safe.,Fire/Wildfire
5104,7270,#Japan #Fukushima the most serious man made disaster in human history...  ÛÏa marker of radiation brain damageÛ http://t.co/Y3ZfqJsvpz,Other disaster
5105,9211,Remembering Rebecca Roga 40 of the Philippines. murdered by Hamas terrorists in the suicide bombing of Egged bus No. 361,Explosion
5106,10532,Forest Grove grass fire sparked by tractor quickly contained - KATU http://t.co/FMbcocS79u,Fire/Wildfire
5107,7246,Chronicles of #disaster:#Hiroshima in the #Yale Library #archives http://t.co/xqIqGMI0Op  Calls to end 'absolute evil' of #nuclear #weapons,Not a disaster
5108,2343,.@ArneJungjohann #Energiewende is directly responsible for the collapse in energy value. http://t.co/NxvjPj610W,Not a disaster
5109,9585,The Flash And The Thunder by WC Quick on Amazon Kindle and soon in PRINT at Amazon Books via Create... http://t.co/oS1WjRvx5c via @weebly,Not a disaster
5110,10652,Israeli military shoot Palestinian who injured 3 in West Bank car attack http://t.co/P9DCnuLODR via @YahooNews,Violence/Attack/Terrorism
5111,1424,?? New Ladies Shoulder Tote #Handbag Faux Leather Hobo Purse Cross Body Bag #Womens http://t.co/zujwUiomb3 http://t.co/eDHjUjIuoB,Not a disaster
5112,6836,Man Hears a Loud 'Bang' Finds a Newborn Baby in a Dumpster http://t.co/W815ol0mBV via @ijreview,Not a disaster
5113,4948,My head exploded i swear,Not a disaster
5114,5490,see the flames inside my eyes,Not a disaster
5115,8919,Long Island is technically the leftover dirt from a snowstorm and thats a geologic fact. That place is terrible.,Storm/Hurricane/Tornado
5116,378,U.S National Park Services Tonto National Forest: Stop the Annihilation of the Salt River Wild Horse... https://t.co/KAlDycTC4H via @Change,Not a disaster
5117,3101,Bigamist and his 'first' wife are charged in the deaths of his 'second' pregnant wife her child 8 her mothe... http://t.co/rTEuGB5Tnv,Other disaster
5118,9609,NIggas playing in the thunderstorm.. 'HOPE THE LORR BLESS EM' ????,Storm/Hurricane/Tornado
5119,688,A Dayton-area org tells me it was hit by a cyber attack: http://t.co/7LhKJz0IVO,Violence/Attack/Terrorism
5120,10986,People evacuated buildings after feeling a strong quake in Sydney.,Earthquake
5121,148,@bxckylynch foi no ROH Aftershock: Las Vegas procura no pirate bay que tem,Not a disaster
5122,801,Indeed!! I am fully aware of that battle! I support you in that fight!!  https://t.co/MctJnZX4H8,Other disaster
5123,1592,#Hiroshima does not look like a bombed city. It looks as if a monster steamroller had passed over it and squashed it out of existence.,Explosion
5124,4502,11000 SEEDS 30 VEGETABLE FRUIT VARIETY GARDEN KIT EMERGENCY SURVIVAL GEAR MRE  - Full reaÛ_ http://t.co/VE78djgHa5 http://t.co/ugubwRPQFP,Not a disaster
5125,11307,Severe flooding has submerged roads in Kathmandu.,Flood
5126,6548,CLEARED:incident with injury:I-495  inner loop Exit 31 - MD 97/Georgia Ave Silver Spring,Other disaster
5127,1769,Watching Xela firefighters struggle to save burning buildings last night w/ old equipment makes me so grateful for DCFD @ChR3lyc @IAFF36,Fire/Wildfire
5128,2816,First time for everything! @ Coney Island Cyclone https://t.co/SdNT3Dhs3W,Storm/Hurricane/Tornado
5129,8005,The Latest: More homes razed by Northern California wildfire - http://t.co/IrqUjaEsck http://t.co/qDwEknRMi9,Fire/Wildfire
5130,4604,#Nursing alert: Emergency Department Psychiatric RN (.90 FTE Day) | Providence Health &amp; Services | #Olympia WA http://t.co/Yu6NUe7gFB,Other disaster
5131,10784,Wreckage 'Conclusively Confirmed' as From MH370: Malaysia PM: Investigators and the families of those who were... http://t.co/5EBpYbFH4D,Accident/Crash
5132,163,Aftershock https://t.co/xMWODFMtUI,Not a disaster
5133,3537,PHOTOS: Green Line derailment near Cottage Grove and Garfield: http://t.co/4d9Cd4mnVh http://t.co/UNhqCQ6Bex,Other disaster
5134,610,Arsonist torches a house himself and his getaway vehicle police say - Surrey Leader http://t.co/q0J5lTVD6k @RichardGEarl,Not a disaster
5135,6852,@ColdMpress You up to commiting mass murder tonight?,Other disaster
5136,1013,HAPPENING NOW - FDNY RESCUE 1 BLAZING THRU@AND BLASTING THE AIR HORNÛ_ https://t.co/bX6cwRt8M7,Explosion
5137,6281,The Murderous Story Of AmericaÛªs First Hijacking http://t.co/LK5uqKOP1e,Other disaster
5138,11204,People are stranded after sudden flooding hit Berlin.,Flood
5139,4355,Posted a new song: 'Earthquake' http://t.co/RfTyyZ4GwJ http://t.co/lau0Ay7ahV,Not a disaster
5140,3117,The debris found on Reunion Island was from flight #MH370. The mystery behind that plane disappearance could be better than any novel.,Other disaster
5141,1844,@realDonaldTrump @Shelia1965A Been burned by Republicans so many times at least you are talking about things important to us. Good luck,Not a disaster
5142,10507,Cherokee Road and Road 22 (Three Sisters Wildfire): There are two roads closed to the general public: ... http://t.co/WwnL8FvfMM #IDFire,Fire/Wildfire
5143,6173,Stay cautious. http://t.co/JeJC9XcTMp,Not a disaster
5144,3092,FCO Minister @Tobias_Ellwood condemns attack at a mosque in Saudi Arabia that has resulted in at least 15 deaths http://t.co/c3W95h0ozZ,Violence/Attack/Terrorism
5145,11084,"A 6.7 earthquake just struck near Sydney, shaking buildings.",Earthquake
5146,4399,@maeisdumb WHOAHAHAHAHHDJS electrocute me....,Not a disaster
5147,11200,Rivers overflowed causing widespread flooding in Mexico City.,Flood
5148,693,RT: @rt_com :Tory attack on Freedom of Information is Û÷assault on govt accountabilityÛª ÛÒ Liberty http://t.co/UNmTOnz5c5 http://t.co/GTSbvveF,Violence/Attack/Terrorism
5149,6794,Check out this amazing footage of lightning filmed while lifting off from Chicago... http://t.co/AOg5chjmVs http://t.co/cLN2SXzY1Z,Not a disaster
5150,2557,HTML5 Beginners Crash Course http://t.co/Y32oWBroVF #course http://t.co/Vr2U4cErW8,Accident/Crash
5151,6308,my chacos were supposed to arrive by 8pm why are you holding them hostage @ups I just want some crunchysensible footwear,Violence/Attack/Terrorism
5152,9589,I hear lightening and see thunder,Other disaster
5153,1910,@Michael5SOS haha so would you say its so hot your balls are burning off????,Other disaster
5154,2961,Once Thought Dead Google Glass Gets a Second Coming: Though considered an epic failure according to its makers and a recent patent...,Not a disaster
5155,10382,"Navy: No charges against officer for weapons violations in Chattanooga attack
 http://t.co/hddBMU2ycA",Violence/Attack/Terrorism
5156,1121,The balloon thing was so rude I would have popped the balloon than whoever blew it up's face,Not a disaster
5157,3321,@Ramdog1980 Israeli soldiers demolished a residential shed and a barn. Soldiers also demolished a shed in Beit Kahel northwest of Hebron.,Not a disaster
5158,3746,yay the evil is being destroyed! https://t.co/GeTu7SfBJ1,Not a disaster
5159,1981,Ted Cruz fires back at Jeb &amp; Bush: ÛÏWe lose because of Republicans like Jeb &amp; Mitt.Û [Video] -  http://t.co/bFtiaPF35F,Not a disaster
5160,5456,@AlJavieera The public should always have the ability to share information w the police &amp; first responders #publicsafetyfirst,Not a disaster
5161,8223,@ByTorrecilla Torrecilla We Always info the Secret on LoL Game Check the Secret to get 600.000 Riot Points on my Bio,Not a disaster
5162,2739,Nick Williams just hit another bomb. Just crushed it,Not a disaster
5163,5299,Nothing to fear. It's all about taking risks.,Other disaster
5164,5630,#NYCHA says the pipe that burst and flooded apartments in a senior center is being repaired. http://t.co/eCyui3290H http://t.co/6S6sYUYypL,Flood
5165,5401,Langhorne-Middletown Fire Co. welcomes new truck ... http://t.co/KrpJo9zMSx,Fire/Wildfire
5166,743,Metro Nashville Police - simply the best.   Thank you for protecting us.    911 call: http://t.co/ZWIG51QECF via @AOL,Not a disaster
5167,11068,People evacuated buildings after feeling a strong quake in Mexico City.,Earthquake
5168,11016,The earthquake in Bangkok caused power outages and road damage.,Earthquake
5169,10994,Authorities confirmed seismic activity near Bangkok moments ago.,Earthquake
5170,923,The #IranDeal only covers nuclear activity. What are they doing about Bioterrorism? Iran has broken at least 27 other agreements.,Violence/Attack/Terrorism
5171,5799,@chojo everyone hail to the pumpkin king!!!!,Not a disaster
5172,3326,I really demolished it,Not a disaster
5173,11313,Severe flooding has submerged roads in Sydney.,Flood
5174,11071,Residents reported strong tremors after an earthquake hit Toronto.,Earthquake
5175,5823,i survived what you tried to destroy you're not a man just a boy,Not a disaster
5176,3645,Imagini noi si 2 clipuri The Hobbit: The Desolation of Smaug -... http://t.co/j6CfwUKofE #cliptv #desolationofsmaug #poze #thehobbit,Not a disaster
5177,10503,Is LA at Risk for a Giant Wildfire? - Which Way L.A.? on KCRW http://t.co/6AgMkx2WW4,Fire/Wildfire
5178,3111,Malaysia confirms plane debris washed up on Reunion Island is from Flight MH370 http://t.co/BMxsndx14g,Other disaster
5179,11051,A sudden quake caused damage to structures in Santiago.,Earthquake
5180,776,FC Maid Agency presents Musician Kalle Mattson Recreates 34 Classic Album Covers in Clever Music Video for... http://t.co/BObrp2qwCb,Not a disaster
5181,5870,Severe hailstorm in progress over Northeast Logan County... #cowx http://t.co/XK9OwGV1O5,Storm/Hurricane/Tornado
5182,10100,"4Yygb mhtw4fnet

Thousands evacuated as Taiwan prepares for strongest typhoon of 2015 - ABC Online",Storm/Hurricane/Tornado
5183,1776,Multiple Buildings On Fire In Downtown Hinton http://t.co/P6kdh0p0Sp http://t.co/WaetKGsZA9,Fire/Wildfire
5184,7923,Landslide in Italian Alps kills three: ROME (Reuters) - Three people were killed when a severe rainstorm in th... http://t.co/uZwXJBG0Zh,Storm/Hurricane/Tornado
5185,3937,Obama Declares Disaster for Typhoon-Devastated Saipan:  http://t.co/M6LvKXl9ii,Storm/Hurricane/Tornado
5186,938,Pendleton media office said only fire on base right now is the Horno blaze.,Fire/Wildfire
5187,6990,@MartynWaites It's a well-known fact that the St Valentine's Day massacre could have been avoided with some 'oompah-period' Tom Waits.,Other disaster
5188,9290,The Seven Seas - Wreck of the Giannis D. sunk after hitting a submerged reef in theÛ_ http://t.co/Gn3WHNSFIb http://t.co/fWpOF5TwoC,Accident/Crash
5189,6047,"@WaseemBadami Condemning of Deaths More than 1000 due to Heat Wave in Karachi. 
May Allah gv Patience to their Heirs. http://t.co/iTG84q7vIi",Other disaster
5190,5048,Dutch crane collapses demolishes houses: Dramatic eyewitness video captures the moment a Dutch crane hoisting... http://t.co/AJHKfh4e7G,Not a disaster
5191,5144,11-Year-Old Boy Charged With Manslaughter of Toddler: Report: An 11-year-old boy has been charged with manslaughter over the fatal sh...,Other disaster
5192,6960,Still Uninvestigated After 50 Years: Did the U.S. Help Incite the 1965 Indonesia Massacre? http://t.co/EZbTG81trz,Other disaster
5193,8199,"@hawk_nancy Discovered by @NickCannon 
 Listen/Buy @realmandyrain #RIOT on @iTunesMusic @iTunes https://t.co/dehMym5lpk Û_ #BlowMandyUp",Not a disaster
5194,1876,@sar_giuliani I'm currently burning my skin off??,Not a disaster
5195,5007,"The insides of the explosion box..
Get it customized the way you want!

#dcubecrafts #greetingcardsÛ_ https://t.co/T07qxP5cBE",Not a disaster
5196,396,I'm gonna fight Taylor as soon as I get there.,Not a disaster
5197,5810,Something to think about,Not a disaster
5198,7481,Which is true to an extent. The obliteration of white privilege would reduce unfair favoritism.,Not a disaster
5199,10638,@bkanioros Lizeth and I tried over and over again to fix our relationship it never worked bk you cannot heal those wounds I love you for,Not a disaster
5200,9274,IT JUST SUNK IN THAT IM NOT SEEING ONE DIRECTION,Not a disaster
5201,1359,Lock up your last remaining shred of manhood and accept that youÛªre a full blown sissy http://t.co/ZN17ic99hb #feÛ_ http://t.co/u42luY3slS,Not a disaster
5202,2198,Learning from the Legacy of a Catastrophic Eruption - The New Yorker http://t.co/vMWTOUyOHm,Other disaster
5203,2681,I was freakingg out and he was playing candy crush ??,Not a disaster
5204,3107,Discovered Plane Debris Is From Missing Malaysia Airlines Flight 370 | TIME http://t.co/7fSn1GeWUX,Other disaster
5205,7886,Alabama home quarantined over possible EbolaåÊcase https://t.co/jr4k7IiSbu,Not a disaster
5206,10261,Sammy is here in this war zone. Jamal spoke to me on the phone. Now my wife is next to speak to me ...what else can&gt; http://t.co/2CppfprxoG,Not a disaster
5207,7497,California oil spill might be larger than projected: http://t.co/xwxBYHTuzC http://t.co/wzeDxEFBlg,Other disaster
5208,3854,Detonation fashionable mountaineering electronic watch water-resistant couples leisure tabÛ_ http://t.co/kY9V0pAjY1 http://t.co/QjqpXIxMxz,Not a disaster
5209,3561,The Desolate Hope: Part 1: I LOVE THIS GAME: http://t.co/gPrRZdpE4v via @YouTube,Not a disaster
5210,4304,Severe storm weakening as it moves SE towards Lubbock area.  Outflow boundary may create dust and 50 mph gusts http://t.co/pw3tZU0tay,Storm/Hurricane/Tornado
5211,1149,City program to help turn blight into greenspace: The Tennessee Housing DevelopmentÛ_ http://t.co/ZZcbBQyJ1q  #news http://t.co/KKSgHsblFH,Not a disaster
5212,9848,Gutted. 6 weeks to go. Suspected fracture to my left ankle. Trauma clinic to see Specialist tomorrow #gnr @sageuk http://t.co/wa3sIUtoI0,Not a disaster
5213,5925,@malistkiss Sunnis continue to believe they are more righteous and they continually harm Shias. Defeats the ideals of Islam.,Other disaster
5214,1011,"S3XLEAK!!!
Ph0tos of 19yrs old Ash@wo lady in Festac town from Delta exp0sed on BBM 5 leaked pictures... http://t.co/lUm4l65alz",Not a disaster
5215,2793,Rite now man a tlk widout nuh curfew long side Aka cum fi steal di show itz a rubbery di whole a dem fi knw... Sound it *music*,Not a disaster
5216,8426,Watch This Airport Get Swallowed Up By A Sandstorm In Under A Minute http://t.co/1ZdRKTgogD,Storm/Hurricane/Tornado
5217,5835,Well so much for outdoor postering @calgaryfringe #mothernature #hailstorm #rain #yycfringe #KILLHARD,Storm/Hurricane/Tornado
5218,10563,My precious olive tree lost this battle...another crazy windstorm in #yyc! @weathernetwork http://t.co/N00DVXEga2,Storm/Hurricane/Tornado
5219,10696,@Memenaar But the design decision to 'Let's make something fresh and beautiful and wonderful and then WRECK IT' is kindof odd in restrospect,Not a disaster
5220,69,beware world ablaze sierra leone &amp; guap.,Not a disaster
5221,7487,@Jethro_Harrup How many Hangarback Walkers does your opponent need to have before you board in Infinite Obliteration?,Not a disaster
5222,930,I've been by the pool all day #raisinfingers,Not a disaster
5223,3568,I understand why broke ppl be mad or always hav an attitude now this sht ain't no fun i won't be desolate for long,Not a disaster
5224,3467,".@CBCNorth see photo Old Lady of the Falls (sacred site) RR says derailed Talston power line to diamond mines in 2010
http://t.co/SxlfSNsPH0",Not a disaster
5225,8843,@LifeAintFairKid if I did I'd smoke you up brooo!,Not a disaster
5226,9350,Electricity cant stop scofield. Nigga survived a hotbox in SONA,Not a disaster
5227,10625,Officer wounded suspect killed in exchange of gunfire: Richmond police say an officer has been wounded and a ... http://t.co/HwOrB1N6vN,Fire/Wildfire
5228,1771,Fire hazard associated with installation of non-compliant external cladding on http://t.co/bTPQdehl3p - By @www.cbplawyers,Fire/Wildfire
5229,4871,My ears are gonna explode smh,Not a disaster
5230,5606,"Flash Flood Watch in effect through 7:00am Thursday morning/12:00pm Thursday afternoon.
For: Perry Wayne Cape... http://t.co/fs7vro5seS",Flood
5231,5596,2pcs 18W CREE Led Work Light  Offroad Lamp Car Truck Boat Mining 4WD FLOOD BEAM - Full reaÛ_ http://t.co/Yrd3nPC9V0 http://t.co/AnRd0VIfwK,Flood
5232,4134,#KondoByJaymOnI U.S. in record hurricane drought http://t.co/fqLSkejWxH #Anticipate,Storm/Hurricane/Tornado
5233,10996,The earthquake in Tokyo caused power outages and road damage.,Earthquake
5234,4927,And bleach your skin after touching that thong.*shudder* That and all the boudoir outfits. My eyeballs are bleeding &amp; my brain has exploded.,Not a disaster
5235,2053,@DonteStallworth @SteveSGoddard if you look at the casualties on Iwo Jima and Okinawa and the numbers dead on both sides you'll see it.,Not a disaster
5236,3077,No two cases don't constitute an epidemic. http://t.co/jbLrRNMdsM  #plague #health #publichealth,Other disaster
5237,3910,VAL JUST DIED AND IM ABSOLUTELY DEVASTATED #emmerdale,Not a disaster
5238,4697,Lucas Duda is Ghost Rider. Not the Nic Cage version but an actual 'engulfed in flames' badass. #Mets,Other disaster
5239,10863,#WorldNews Fallen powerlines on G:link tram: UPDATE: FIRE crews have evacuated up to 30 passengers who were tr... http://t.co/EYSVvzA7Qm,Fire/Wildfire
5240,1446,I remember the halo interview with ABC. Wasn't no time and The Pamanian Devil was body bagging fools. https://t.co/CpK7300RQg,Not a disaster
5241,2171,The Catastrophic Effects of Hiroshima and Nagasaki Atomic Bombings Still Being Felt Today http://t.co/1kRPz3j1EU,Explosion
5242,4607,Emergency Services Committee and Personnel Committee Meeting on Thursday Night http://t.co/DrBcRyPj4p,Not a disaster
5243,2754,@GhazalaBaji : Exactly!  Curfew like situation when I sit with dad,Not a disaster
5244,10241,Brian Shaw + J.J. Hickson + Kenneth Faried trying to defend LaMarcus Aldridge was A BLOOD VOLCANO http://t.co/20TWGPmM7d,Not a disaster
5245,6685,omg it is I can go in dungeons with Landslide Krag now &lt;3,Not a disaster
5246,4084,Philippines Must Protect Internally Displaced Persons Warns UN Expert - The Diplomat http://t.co/V0yRfH9DKc,Other disaster
5247,8086,"If a picture is worth a thousand words what would this one say??

How a Lexington veterinarian's passion for... http://t.co/Y8dY39OhAL",Not a disaster
5248,8140,Photo: Hundreds of rescued migrants await disembarkment from an Irish naval vessel at Palermo Italy - @tconnellyRÛ_ https://t.co/AIM5CYHL0y,Other disaster
5249,269,http://t.co/FCqmKFfflW Twelve feared killed in Pakistani air ambulance helicopter crash http://t.co/vAyaYmbNgu,Accident/Crash
5250,8152,Rescuers are searching for hundreds of migrants in the Mediterranean after a boat carrying as many as 600 peopleÛ_,Not a disaster
5251,9170,Suicide bomber kills 15 in Saudi security site mosque - Reuters http://t.co/KCObrZBVDs http://t.co/y62HSFVIAQ,Explosion
5252,4344,No storm lasts forever the dust must settle truth will prevail. http://t.co/1cjyfY8iXj,Storm/Hurricane/Tornado
5253,2054,@Cameron_Surname @chrisg0000 The Allies forecast an Invasion of Japan had a minimum of 1 million casualties that is a minimum.,Not a disaster
5254,10995,Authorities confirmed seismic activity near Manila moments ago.,Earthquake
5255,4740,myGC: Broken powerlines evacuate Gold Coast tram suspend services http://t.co/6e7hHfeRz4,Other disaster
5256,1830,Let me tell you Brandace brought it today at #NTC! Heat and all...we survived! Burned over 500Û_ https://t.co/ILfd6wcGqg,Not a disaster
5257,1643,#Setting4Success Bells toll in Hiroshima as Japan marks 70 years since atomic bombing #News #smallbusiness #entrepreneur,Explosion
5258,2618,@thomicks Isn't showing up for me. I think it crashed.,Accident/Crash
5259,547,Cheesehead Report - Arson charges filed in Jackson County house fire http://t.co/I3Y1ZWjBzO,Fire/Wildfire
5260,10195,Storm blitzes Traverse City disrupts Management Briefing Seminars: A violent summer storm blitzed through Tra... http://t.co/NKAW9EZqGg,Storm/Hurricane/Tornado
5261,6677,I liked a @YouTube video from @seeiey http://t.co/d8NWQce3EW Seeley - Landslide,Not a disaster
5262,5686,Bamenda Floods Kill Animals Birds - http://t.co/WnamtxlfMt http://t.co/6cOIDv11qV,Flood
5263,8088,@LisaVanderpump How many dogs do you have and are they all rescue dogs?,Not a disaster
5264,10561,Reality Training: Train falls off elevated tracks during windstorm http://t.co/qzRciNaF5z,Storm/Hurricane/Tornado
5265,3663,Watch These Super Strong Magnets Destroy Everyday Objects: http://t.co/bTUs5jejuy http://t.co/zrTfxLuk6R,Other disaster
5266,9725,They can only ban SAFE abortions- back alley tragedy will come back.  USA is NOT a theocracy!!!!! http://t.co/qIkS2FUTb1,Not a disaster
5267,4582,When your body's like 'go to fuck to sleep Sami' and your mind's like 'make an emergency plan for every natural disaster GO,Other disaster
5268,9370,You'll be pleased to know I survived my dental appointment ??,Not a disaster
5269,8532,*screaming internally with the cover of prodigy graphic novel because June and Day*,Not a disaster
5270,1640,Japan to mark 70th anniversary of Hiroshima atomic bombing http://t.co/RUQPVtdBzT,Explosion
5271,7848,when you are quarantined to a little corner bc you are too sick to be in the office but work is piling up and they need you kinda day,Not a disaster
5272,4305,When the answer my friend isn't blowing in the wind-IT'S YELLING! -How to Survive a Dust Storm http://t.co/9NwAJLi9cr http://t.co/tKMOtaeaCo,Storm/Hurricane/Tornado
5273,4610,#veterans VET Act would ensure every military veteran's access to highest level of emergency care services: Proper treatmen...  #followme,Not a disaster
5274,1476,Eish even drake killing niggas eish game is really watered down a singing nigga body bagging rappers.. smh,Not a disaster
5275,1370,@MalikChaimaa I hope Zayn gets blown up in a drone attack whilst visiting family in Pakistan ??,Violence/Attack/Terrorism
5276,11000,A sudden quake caused damage to structures in Miami.,Earthquake
5277,1603,Shadowflame and the Wraith: Bombed http://t.co/LDBaO0rSuz via @amazon,Explosion
5278,7567,Mumps outbreak at University of Illinois grows http://t.co/7xYkuJylX0 #SEBEE,Not a disaster
5279,104,Reported motor vehicle accident in Curry on Herman Rd near Stephenson involving an overturned vehicle. Please use... http://t.co/YbJezKuRW1,Accident/Crash
5280,5112,Police investigate fatal shooting on 71 Highway http://t.co/0KJjdaOJHI,Violence/Attack/Terrorism
5281,11081,Emergency crews are responding after an earthquake rattled Istanbul.,Earthquake
5282,8809,SOMEBODY TELL ME HOW TO MEET PIERCE THE VEIL OR SLEEPING WITH SIRENS PLEASE I BEG YOU,Not a disaster
5283,9100,Pic of 16yr old PKK suicide bomber who detonated bomb in Turkey Army trench released http://t.co/uJNRGFAnGj http://t.co/TmIpEgQyeV,Explosion
5284,4799,Entire town of Roosevelt Wash. evacuated because of wildfire http://t.co/CmwEIojJ55,Fire/Wildfire
5285,6690,@RonWyden Democrats restricted  Blacks from Voting. In 48' Landslide Lyndon Johnson won Senate Election by 67 Votes of Dead People in Texas!,Not a disaster
5286,5593,Flood Advisory in effect for Shelby County in AL until 9 PM #alwx http://t.co/gTqMGsgcsB,Flood
5287,60,"PSA: IÛªm splitting my personalities.

?? techies follow @ablaze_co
?? Burners follow @ablaze",Not a disaster
5288,10199,A brief violent storm swept through the Chicago area Sunday afternoon leading to one death and an evacuation of Lollapalooza and more,Storm/Hurricane/Tornado
5289,1430,@MeekMill I think its time you consulted @kendricklamar cause @Drake done body bagging you,Not a disaster
5290,11213,Residents are evacuating due to rising floodwaters in Mexico City.,Flood
5291,4975,MORE--&gt;OSHA officers on siteinvestigating Noranda explosion -KFVS12 News Cape Girardeau Carbondale Poplar Bluff http://t.co/Pxyh7zo7vT,Explosion
5292,2629,Pakistan says army helicopter has crashed in country's restive northwest killing at least 8 http://t.co/QV1RMZI3J1,Accident/Crash
5293,3429,How do you derail a train at... Smithsonian?,Other disaster
5294,3783,The day of death destruction chaos; 60000 to 80000 people were killed instantly. Please take sometime to remember and think about others,Not a disaster
5295,8501,It ain't nothin cut that bitch off more like cut that lying screaming gotdamn son of a bitch red head.,Not a disaster
5296,9056,Building structural integrity &amp; failure: problems inspections damages defects testing repair | Rightways https://t.co/a1KN4U3YuA,Not a disaster
5297,4651,Why are you engulfed by low self-image? Take the quiz: http://t.co/JAJFxaOemp http://t.co/FUjvF6foaR,Not a disaster
5298,6891,@CamPepperr @RiceeChrispies Then he would go to jail. But that wasn't a mass murder was it? It was a mistake that he made and he doesn't,Not a disaster
5299,11238,Severe flooding has submerged roads in Los Angeles.,Flood
5300,247,http://t.co/AY6zzcUpnz Twelve feared killed in Pakistani air ambulance helicopter crash http://t.co/sC9dNS41Mc,Accident/Crash
5301,6271,@Drsarwatzaib070 come on. IK will face MCourt for attacking parliment and hijacking TV station.,Violence/Attack/Terrorism
5302,2912,@CarsonRex @SpaceAngelSeven Check out this #rockin preview of @ClaytonBryant Danger Zone Coming soon! https://t.co/P0fiZxmN5r #ArtistsUnited,Not a disaster
5303,1344,My license picture blown up is absolutely terrifying. http://t.co/0NVdzxQ2HF,Not a disaster
5304,6291,Sinai branch of Islamic State threatens to execute Croatian hostage in 48 hours http://t.co/YvtcXrPt34,Violence/Attack/Terrorism
5305,4735,@joonma_ dealbreaker that's it that's the dealbreaker s.o.s. abandon ship evacuate the building,Other disaster
5306,3978,Devastation Walkthrough Part 11: http://t.co/BOjDByB9YA przez @YouTube,Not a disaster
5307,1050,My ears are bleeding  https://t.co/k5KnNwugwT,Not a disaster
5308,4362,#USGS M 0.9 - Northern California: Time2015-08-06 01:50:25 UTC2015-08-06 01:50:25 UTC at epicenter... http://t.co/mBo6OAnIQI #EarthTwerk,Other disaster
5309,3928,He was being super bitchy yesterday (cause he felt like pop) and when he's bitchy him and Perla don't play and then Perla is devastated,Not a disaster
5310,9316,No @Rookiebluetv tonight?? how will I survive?! @RookieBlue_ABC @mperegrym,Not a disaster
5311,7547,Families to sue over Legionnaires: More than 40 families affected by the fatal outbreak of Legionnaires' disease in Edinburgh are to ...,Other disaster
5312,10777,Wreckage 'Conclusively Confirmed' as From MH370: Malaysia PM: Investigators and the families of those who were... http://t.co/yi54XRHQGB,Accident/Crash
5313,8549,*screams internally*,Not a disaster
5314,2008,All these Eugene fires gotta make you think.... Hashtag conspiracies hashtag population control hashtag bush did it,Fire/Wildfire
5315,1710,Mexico: construction of bridge collapse killsåÊone http://t.co/I2C00FcOwb http://t.co/jAAgcFaRTW,Other disaster
5316,2942,SO THIRSTY YALL IN DANGER OF DEHYDRATION,Other disaster
5317,3273,We're about to demolish the other team right after we eat this pizza. We don't need no fitness- Ashton Irwin #MTVHottest 5SOS #5sosquotes,Not a disaster
5318,1998,Bushfire causes first victim in Albania ::  The multiple fires in Albania have caused the first vict http://t.co/yuba6XmBlq #Bush,Fire/Wildfire
5319,1674,BREAKING NEWS: Australia collapse to a hapless 60 all out at Trent Bridge http://t.co/O2CFWDzZld,Not a disaster
5320,672,"Left hand side of a diamond is a graveyard shift have to attack and defend'
The right handside no have to do that too you fucking idiot?",Not a disaster
5321,7435,way the Endurance wouldn't get obliterated the second it exited that wormhole. It would have probably been destroyed before hell Saturn,Not a disaster
5322,4654,Tube strike live: Latest travel updates as London is engulfed in chaos - http://t.co/wrMSpcpml3 http://t.co/nWolqktxaf,Not a disaster
5323,9494,Terrorist attack in #Udhampur district in J&amp;K; 2 SPOs injured,Violence/Attack/Terrorism
5324,6050,@hollywarnexx mini heat wave apaz,Other disaster
5325,4741,MY DOG JUST FARTED EVACUATE THIS FUCKIN ROOM DISGUSTING ASS BROOM LOOKIN ASS,Not a disaster
5326,6454,Photos: 17 people killed and over 25 injured in deadly Saudi Mosque suicide attack http://t.co/geEKnwJJSz,Violence/Attack/Terrorism
5327,10494,#chattanooga The Latest: California governor headed to site of wildfire http://t.co/D6E7IICW5W,Fire/Wildfire
5328,3842,#hiphop #news #indie Apollo Brown ÛÒ ÛÏDetonateÛ Ft. M.O.P. - &lt;a href='http://t.co/WnowfVCbMs... http://t.co/JxWOjxqndC,Other disaster
5329,2025,@gtiso Fair enough. Change always has unfortunate casualties. I like that @NzMorningReport utilises both Welly &amp; Aucklnd. We'll see.,Not a disaster
5330,8605,[10:45:27JST Aug06:First Alert] M4.1 at 'E off Chiba pref.' under 10km (35.8140.8). Estimated max seismic# is 3,Earthquake
5331,4796,Grass fire burns past Roosevelt Wash. prompts evacuation http://t.co/BSuDXCPrSG #fire #firefighter,Fire/Wildfire
5332,2755,ARA news reporting JaN fighters infiltrated Ashrafiyah district of Afrin with aim of carrying out suicide attacks. YPG have imposed a curfew,Violence/Attack/Terrorism
5333,9729,"@TOIIndiaNews ofcourse 

Just 8 minute b4 tragedy another train had crossed this place 

N a flash flood caued washing of tracks..",Flood
5334,7225,Washi is indeed 'A Natural Disaster' ????,Not a disaster
5335,8048,Newlyweds feed Syrian refugees at their wedding http://t.co/DGjBuGxH9E #changetheworld #SyrianRefugees,Not a disaster
5336,9649,Pretty bad ass thunderstorm,Storm/Hurricane/Tornado
5337,10604,Police officer wounded suspect dead after exchanging shots: A Richmond police officer was wounded and a suspe... http://t.co/FzQPiQeCHB,Not a disaster
5338,8106,Rescued Med migrants arrive in Sicily http://t.co/nekm1RPohU,Other disaster
5339,5829,Calgary pounded with hail on second day of storms https://t.co/2BE7BwcMpl,Storm/Hurricane/Tornado
5340,10948,The ground shook violently during an earthquake in Jakarta.,Earthquake
5341,5474,@ClockworkHeart When I read it this morning I had  a Mrs White moment ('Flames on the side of my face...') GAH.,Not a disaster
5342,5190,The RCMP are reporting fatalities and serious injuries as a result of the collision on the TCH near Whitbourne.,Accident/Crash
5343,4376,USGS EQ: M 1.9 - 15km E of Anchorage Alaska: Time2015-08-06 00:11:16 UTC2015-08-05 16:11:16 -08:0... http://t.co/OjQ0KFg5ub #EarthQuake,Earthquake
5344,9699,Calgary area tornado warnings end as thunderstorms move eastward - CBC.ca: CBC.ca Calgary area tornado warnings endÛ_ http://t.co/ST9jPZ8Y24,Storm/Hurricane/Tornado
5345,1233,xoxoxxxooo : rutinaofficial NBCHannibal When #Hannibal asks will 'Have you seen blood in tÛ_ http://t.co/T7ldlcyC9g http://t.co/JLRw0Oi9ee,Not a disaster
5346,9101,Pic of 16yr old PKK suicide bomber who detonated bomb in Turkey Army trench released http://t.co/pOL92mn8YZ,Explosion
5347,9191,#?? #?? #??? #??? Suicide bomber kills 15 in Saudi security site mosque - Reuters  http://t.co/txg7K2DO9v,Explosion
5348,6285,Who is Tomislav Salopek the Islamic State's Most Recent Hostage? http://t.co/puT3LgsDnf,Violence/Attack/Terrorism
5349,10413,My #mantra this morning!! Heading out to Make a whirlwind trip down southÛ_ https://t.co/geht4sKI86,Not a disaster
5350,11095,The ground shook violently during an earthquake in New Orleans.,Earthquake
5351,9255,Japan FUSO Class Battleship YAMASHIRO Naval Cover 1999 PHOTO Cachet SUNK WWII http://t.co/Aq5ZliM7l4 http://t.co/FvR9jDQ71a,Other disaster
5352,4148,I'm incredibly sad &amp; heartbroken so I'm just going to drown my sorrows in food &amp; watch tv all night ?? http://t.co/yQiZ2p1rSm,Not a disaster
5353,2221,Emergency crews respond to chemical spill downtown beaumont #benews http://t.co/PME0HOJVYA,Other disaster
5354,7518,DTN Brazil: Refugio oil spill may have been costlier bigger than projected: A Plains All American Pipeline oi... http://t.co/pDOSrg8Cf7,Other disaster
5355,2539,#Colorado #News Motorcyclist bicyclist injured in Denver collision on Broadway: At least two people were tak... http://t.co/2iAFPmqJeP,Accident/Crash
5356,9977,She kept it wet like tsunami she think she saw the titanic I get it hot like wasabi,Not a disaster
5357,5372,SIGALERT UPDATE #3***N-133 CLOSED AT 5 FWY UFN***- TRASH TRUCK FIRE,Fire/Wildfire
5358,1277,it wasnt a very big stab but it was a deep stab and theres like blood everwhe,Other disaster
5359,6307,IS Egypt affiliate threatens to kill Croatian hostage in 48 hours' - http://t.co/3LcgidRQpb,Violence/Attack/Terrorism
5360,1426,Photo: bonesymcbones: Beartooth - Body Bag (x) http://t.co/kNH4HLFuMa,Not a disaster
5361,9130,Iraq - Hashd Shaabi Theft ISIS Suicide Car bomb http://t.co/2AG9auABr3 #ISIS http://t.co/Qna4TUBnWh,Explosion
5362,8296,@accionempresa ChinaÛªs stock market crash this summer has sparked interest from bargain hunt... http://t.co/s0Eyq1wEHE @gerenciatodos å¨,Accident/Crash
5363,10840,#Sismo DETECTADO #JapÌ_n 15:41:07 Seismic intensity 0 Iwate Miyagi JST #?? http://t.co/gMoUl9zQ2Q,Earthquake
5364,7906,Radiation emergency #preparedness starts with knowing to: get inside stay inside and stay tuned http://t.co/RFFPqBAz2F via @CDCgov,Other disaster
5365,11209,Authorities issued a flood warning for Miami.,Flood
5366,7869,"gmtTy mhtw4fnet

Officials: Alabama home quarantined over possible Ebola case - Washington Times",Other disaster
5367,9743,These women all bonded through tragedy. All of em were broken in some way,Not a disaster
5368,3724,@freeMurphy Your hot take on Canada's hitchhiking garbage-bot (destroyed in Philly) was sorely needed.,Other disaster
5369,11011,The earthquake in Berlin caused power outages and road damage.,Earthquake
5370,5256,I added a video to a @YouTube playlist http://t.co/O7QOgmOegU S@X 109 - SWS | Fatality (Captain Falcon) Vs. Snow (Fox) SSB4 Losers,Not a disaster
5371,7979,The Latest: More Homes Razed by Northern California Wildfire - ABC News http://t.co/ATokCD74bA,Fire/Wildfire
5372,5098,@SavageNation Reminds me when the Peasants destroyed their food when Stalin's army came to 'redistribute the wealth'. It caused famine/death,Other disaster
5373,3494,.@unsuckdcmetro Is the train half-derailed or half-railed? #deepthoughts,Other disaster
5374,969,@OVOIzic @BaddieMoneySign blaze it,Not a disaster
5375,2180,How should a society respond to a looming crisis of uncertain timing but of catastrophic proportions?' http://t.co/rIiesTP9zY,Not a disaster
5376,6407,My back is so sunburned :(,Other disaster
5377,515,VICTORINOX SWISS ARMY DATE WOMEN'S RUBBER MOP WATCH 241487 http://t.co/q6VCJaTfjx http://t.co/m1cpEw7kbh,Not a disaster
5378,2467,An Eau Claire man who police said was drunk when his SUV collided with a train was sentenced in Chippewa County: http://t.co/kQpkY7Dthj,Other disaster
5379,7117,No joke military men are the hottest thing.,Not a disaster
5380,5972,Precious cargo onesie recalled for choking hazard. http://t.co/0PAMznyYuw,Not a disaster
5381,1451,Jersey's artist Wolfgangjoc pays homage to the late great Biggie Smalls by body bagging  his hypnotize beat.... http://t.co/x0jKnOxJHA,Not a disaster
5382,201,@AlexAllTimeLow awwww they're on an airplane accident and they're gonna die what a cuties ???? good job!,Accident/Crash
5383,5158,11-Year-Old Boy Charged With Manslaughter of Toddler: Report: An 11-year-old boy has been charged with manslaughter over the fatal sh...,Not a disaster
5384,9845,Your brain is particularly vulnerable to trauma at two distinct ages http://t.co/Wvq0Rf6UAm,Not a disaster
5385,4745,US govt refuses to evacuate 1000s of Americans from Yemen https://t.co/wQy3JOKuMH #yemen #usa #evacuation #abandoned,Other disaster
5386,4825,. @VELDFest announces refunds after Day two's extreme weather evacuation: http://t.co/PP05eTlK7t http://t.co/3Ol8MhhPMa,Other disaster
5387,3714,WHAT a day's cricket that was. Has destroyed any plans I had for exercise today.,Not a disaster
5388,3818,@NickKristof Contradictory: 'We should've tried [to detonate on an uninhabited island]' &amp; then 'the alternatives'ÛÓcategoricallyÛÓwere worse,Not a disaster
5389,4737,louis is sad. cancel the show now. everyone leave. evacuate. this CANNOT go on.,Not a disaster
5390,10569,@t_litt44 I seen you that one day look like you went threw a windstorm ??,Storm/Hurricane/Tornado
5391,9669,(AR)  Severe Thunderstorm Warning issued August 05 at 9:12PM CDT until August 05 at 9:45PM CDT by NWS http://t.co/AYfdjeB7Hy #arwx,Storm/Hurricane/Tornado
5392,4082,.POTUS #StrategicPatience is a strategy for #Genocide; refugees; IDP Internally displaced people; horror; etc. https://t.co/8owC41FMBR,Not a disaster
5393,7716,@ScarFacedCully Really cause you're spending more time panicking when you could be there,Not a disaster
5394,1524,@asymbina @tithenai I'm hampered by only liking cross-body bags. I really like Ella Vickers bags: machine washable. http://t.co/YsFYEahpVg,Not a disaster
5395,5769,#HeartDisease U.S. Forest Service says spending more than half of budget on fires http://t.co/KzfiGkEeva,Fire/Wildfire
5396,9220,Turkish troops killed in Kurdish militant 'suicide attack' http://t.co/7cIbxls55f,Violence/Attack/Terrorism
5397,849,FedEx no longer to transport bioterror germs in wake of anthrax lab mishaps http://t.co/P96rgBbaYL #news #phone #apple #mobile,Violence/Attack/Terrorism
5398,3483,three episodes left the end is nigh,Not a disaster
5399,1722,i'm a Gemini' *children screaming buildings burning police sirens in the distance*,Other disaster
5400,10085,Price of vegetables rises on Typhoon Soudelor concerns http://t.co/GeI58Vhbw6,Storm/Hurricane/Tornado
5401,4327,"I NEED THE DUST STORM FILM ASAP

ALSO

*watches the trailer for the 500th time* @duststormfilm",Not a disaster
5402,5431,Volunteers served first responders today during a tanker fire in Eufaula. Provided cold drinks and food. #okwx #tankerfire,Fire/Wildfire
5403,5973,Eden Hazard John Terry and Sergio Aguero. An honourable mention for Nemanja Matic. https://t.co/4nzj9qoOay,Not a disaster
5404,2302,@NTSouthWest Looks very tasty but the problem is the cliff might fall into the sea due to coastal erosion so it would be crumbly then,Not a disaster
5405,6240,The Murderous Story Of AmericaÛªs First Hijacking http://t.co/cbPs1gskvO,Other disaster
5406,873,#FedEx no longer to transport bioterror germs in wake of anthrax lab mishaps http://t.co/S4SiCMYRmH,Violence/Attack/Terrorism
5407,10229,M1.94 [01:04 UTC]?5km S of Volcano Hawaii. http://t.co/zDtoyd8EbJ,Other disaster
5408,8789,@FEVWarrior -with the screeching siren accompanying it just before he walked out.,Not a disaster
5409,7755,A Santa Ana Police Union Blocks Video of the Raid at Sky High Holistic Pot Dispensary - The Atlantic http://t.co/yvV1RlghfT #SmartNews,Other disaster
5410,7258,Less consuming less energy to avoid nuclear disaster again and again.,Not a disaster
5411,8935,Photo: mothernaturenetwork: What is thundersnow? Hearing thunder during a snowstorm is extremely uncommon.... http://t.co/eYdAPauPvG,Storm/Hurricane/Tornado
5412,8831,What's going on in Hollywood? #abc7eyewitness @ABC7 helicopters and sirens. #HometownGlory,Not a disaster
5413,1773,Fire hazard associated with installation of non-compliant external cladding on http://t.co/4I0Kz2aKly - By @www.cbplawyers,Not a disaster
5414,6225,Governor Allows Parole for School Bus Hijacker http://t.co/i7PIJK6XtM liveleakfun ? http://t.co/IONWArVRFy,Not a disaster
5415,4065,9000 Photographs from 1800's British Mandate of Palestine - with no trace of 'Palestinians' http://t.co/X8i0mHYRmN,Other disaster
5416,5093,I would rather dwell in the land of famine and be in God's perfect will than to rest in the confines of Egypt... http://t.co/P14oePCrW0,Not a disaster
5417,3734,@kaytlinmartinez dude those enormous blizzards we destroyed from DQ ??,Not a disaster
5418,4048,Heat wave adding to the misery of internally-displaced Gazans http://t.co/jW3hN9ewFT via @PressTV http://t.co/NYWrkRQ7Kn,Not a disaster
5419,4586,Calgary takes another beating from summer storms; City activates emergency plan: Calgary Airdrie Okotoks and... http://t.co/i7QX4hAz6R,Storm/Hurricane/Tornado
5420,6362,Barak will Tell the American People that the lives of the Hostages in Iran depends on Congress Voting to give Terrorist a Nuke for hostages.,Violence/Attack/Terrorism
5421,5239,come from south like ya name asher d' big h does come with some fatality bars in his minor lotm 'battle,Not a disaster
5422,9019,I was there to see @JimmieJohnson wreck in 2000 in person. My first thought was he's leaving on a stretcher!,Accident/Crash
5423,1993,[WATCH] Mother Nature halts Australia Blue Mountains bushfire http://t.co/xxA4rmFZ01,Fire/Wildfire
5424,3898,Obama Declares Disaster for Typhoon-Devastated Saipan,Storm/Hurricane/Tornado
5425,10458,Wild fires freak me the fuck out. Like hell no,Fire/Wildfire
5426,2020,Need to stop bottling things up because when everything eventually explodes the casualties just keep getting higher and higher,Other disaster
5427,7948,Welcome to Avery County! Just your everyday rainstorm. https://t.co/0Lw6GyeAgB,Storm/Hurricane/Tornado
5428,8738,The #Tribe just keeps sinking everyday it seems faster. As for this year it's been a titanic disaster.,Other disaster
5429,7055,@rymathieson are you coming to meltdown!,Not a disaster
5430,11037,Residents reported strong tremors after an earthquake hit Kathmandu.,Earthquake
5431,7325,Finnish ministers: Fennovoima nuclear reactor will go ahead via /r/worldnews http://t.co/fRkOdEstuK,Not a disaster
5432,3054,Bigamist and his Û÷firstÛª wife are charged in the deaths of his Û÷secondÛª pregnant wife her child 8 her mother her nephew 1 and their uÛ_,Not a disaster
5433,8669,Sinkhole swallows Brooklyn intersection ÛÒ video http://t.co/1yBE5mgZL4 http://t.co/7Zog3DpdU9,Other disaster
5434,11117,Authorities confirmed seismic activity near Sydney moments ago.,Earthquake
5435,10506,Wildfire Burns On California U.s. China Economic Net Û_ : http://t.co/U2dO2mC2ri  http://t.co/3oM3xw6CZ8,Fire/Wildfire
5436,5948,"NVIDIA recalls some Shield Tablets because of possible fire hazard

http://t.co/M3nSIx073I

#nvidia",Fire/Wildfire
5437,2789,@AnnaEsterly dude you were only out 4 mins past curfew give your self a break.,Not a disaster
5438,6973,Remember this was a massacre of civilians. #Hiroshima http://t.co/qw8qk165Sb,Other disaster
5439,1681,@AkinwunmiAmbode Urgentthere is currently a 3 storey building at church B/stop Oworoshoki Third mainland bridge which likely to collapse,Not a disaster
5440,5160,Investigators shift focus to cause of fatal Waimate fire http://t.co/GoeTJGIhOp,Fire/Wildfire
5441,2481,#maritime The sand carrier Shinto Maru and chemical tanker Hoshin Maru collided on 7 nautical miles off Honshu... http://t.co/2bnfoAGpzD,Not a disaster
5442,355,U.S National Park Services Tonto National Forest: Stop the Annihilation of the Salt River Wild Horse... https://t.co/m8MvDSPJp7 via @Change,Not a disaster
5443,10961,A sudden quake caused damage to structures in New Orleans.,Earthquake
5444,4578,Cruise's 'M:I 5' emergency plan: Awesome fail http://t.co/H3dCh6Fyaw,Not a disaster
5445,1859,OMG so last week i accidentally burned myself with a cigarette lol only i would do that,Accident/Crash
5446,8479,I have never screamed nor cried so much at one concert,Not a disaster
5447,10214,1.94 earthquake occurred 5km S of Volcano Hawaii at 01:04 UTC! #earthquake #Volcano http://t.co/auf4J4Owj1,Earthquake
5448,4762,Does anyone know why #murfreesboro #walmart was evacuated this evening? @dnj_com,Other disaster
5449,5914,Politicians are using false allegations to attack #PlannedParenthood &amp; harm women. We aren't fooled we #StandwithPP http://t.co/JhseGQLbYq,Violence/Attack/Terrorism
5450,29,Fuck off!,Not a disaster
5451,7229,We have overrun a Natural Disaster Survival server!,Other disaster
5452,3779,Crackdown 3 Destruction Restricted to Multiplayer: Crackdown 3 impressed earlier this week with a demonstratio... http://t.co/ma9LLiKcjk,Not a disaster
5453,4451,christie keeps telling me that i need to be electrocuted,Not a disaster
5454,2623,Bin Laden family plane crashed after 'avoiding microlight and landing too far down runway': Three members of t... http://t.co/ZlBOeMXo2T,Accident/Crash
5455,1288,@LauradeHolanda I have the Forrest version from '83 that's bloody awful as well :))) xxx,Not a disaster
5456,1418,genuine Leather man Bag Messenger fit iPad mini 4 tablet case cross body air jp - Full reaÛ_ http://t.co/rcBurZSb2b http://t.co/eHsfKlgRI3,Not a disaster
5457,8175,Rescuers are searching for hundreds of migrants in the Mediterranean after a boat carrying as many as 600 people capsized off the coast ofÛ_,Other disaster
5458,10547,Insurance News:Texas Seeks Comment on Rules for Changes to Windstorm Insurer,Storm/Hurricane/Tornado
5459,10746,KUALA LUMPUR (Reuters) - A piece of a wing that washed up on an Indian Ocean island beach last week was part of the wreckage of Malaysian A,Accident/Crash
5460,5901,Is inner man wayward on route to harm spent replacing online surveys?: qZLOreMfT,Not a disaster
5461,5648,Now WoW folks I'm sorry for all the 'prepared' jokes that must be flooding your feeds right now.,Flood
5462,7829,Metal detectors protect public places from guns. Why not mental illness detectors to stop crazy shooters? And quarantine weirdos w/weapons..,Not a disaster
5463,8877,Send me flying off a cliff straight through the smoke of my spliff,Not a disaster
5464,2800,Big 30?? Hanging Out NO CURFEW,Not a disaster
5465,5718,Grass fire near Forest Grove contained. Sparked by a rock being struck by a tractor. #LiveOnK2 @JackieKATU http://t.co/Yr9mmIS7jT,Fire/Wildfire
5466,1040,you can stab me in the back but I promise you'll be the one bleeding,Other disaster
5467,10459,California wild fires blow my mind every time,Fire/Wildfire
5468,3664,@Beyonce @NicoleKidman @Oprah these money grubbing kikes need to get a clueI have no money but I can still destroy with telekinesis. Watch.,Other disaster
5469,2218,THE CHEMICAL BROTHERS to play The Armory in SF tomorrow night!: EMERGENCY BAY AREA EDM ANNOUNCEMENT ÛÒ THE CHEM... http://t.co/Uhgx7uQoBd,Not a disaster
5470,5161,@noobde @comingsoonnet YEEESSSS!!!! I will buy him twice!! No KP2 jus release kombatants stages alternate kostumes and fatalities at will,Not a disaster
5471,5768,People come and go. Some are cigarette breaks others are forest fires.,Fire/Wildfire
5472,9092,International News Û¢åÊ'Nigeria suicide bomb kills at least seven at market ' via @233liveOnline. Full story at http://t.co/MtTdvy6141,Explosion
5473,2073,Benzema increasingly looks to be a casualty of Benitez's new look squad. Arsenal bound? 50-50 chance I think,Other disaster
5474,1435,Bagging the last spot on Body Attack ?????? #getin #traintuesday #lesmills,Violence/Attack/Terrorism
5475,10526,Wildfire near Columbia River town is 50 percent contained - http://t.co/yTPiPXpqr9 http://t.co/HCUQ6jpBtL,Fire/Wildfire
5476,8139,New-born piglet running down a national speed limit road is rescued #oink #Dorset http://t.co/dOMvOx2Oui http://t.co/iEVdj6KBU2,Not a disaster
5477,6619,inundated with Westeros Between Storm of Swords as a book on tape &amp; finishing S5 of Game of Thrones I don't know my Starks from my Greyjoys.,Not a disaster
5478,4783,Just got evacuated from the movie theatre for an emergency. Saw people running from another they're.,Other disaster
5479,5402,Truck driver died in Turnpike fire most lanes still closed police say http://t.co/tTmJgq6ayM via @njdotcom,Fire/Wildfire
5480,10219,The sunset looked like an erupting volcano .... My initial thought was the Pixar short Lava http://t.co/g4sChqFEsT,Not a disaster
5481,4094,Real people. True stories. Real pain &amp; suffering. #displaced #RefugeesMatter #Syria  https://t.co/OEZ7O9AB2C,Other disaster
5482,6054,Activists Protest Pipelines in Canada and Shell in Portland Oh and Prepare for Another Heat Wave http://t.co/aKsYPKjdpB #CampLogistics,Not a disaster
5483,8597,Creating updating and delivering content in channel sales is not an easy task. @Seismicsoftware helps break it down: http://t.co/q4FLTG7tzT,Earthquake
5484,8915,@BigBang_CBS ...wow...ok...um...that was like ice water blizzard snowstorm to the face.,Storm/Hurricane/Tornado
5485,2102,#NowPlaying: Dubstep Hardstyle Trap Messy Mix (event recording) by Alien Casualty on @Mixify http://t.co/m203UL6o7p http://t.co/m203UL6o7p,Other disaster
5486,8748,@kundalini121 @manyvids thank you again... ir truly wonderful,Not a disaster
5487,5815,New warning for Central Hills 1' hail 60 mph winds. NOT affecting Sturgis but could later tonight. #KOTAWeather http://t.co/1EPIYeNQYL,Other disaster
5488,2983,@hlportal Hello! I'm looking for mod Cold Ice. I saw it on your site but link to download dead. Maybe you have it and share with me? Thanks.,Not a disaster
5489,3565,The once desolate valley was transformed into a thriving hub of hiÛÓtech business.,Not a disaster
5490,5646,Heavy Rainfall and Flooding in Northern #VietNam | Situation Report No.2 http://t.co/hVxu1Zcvau http://t.co/iJmCCMHh5G,Flood
5491,3344,@danisnotonfire can you fix the 528472 chargers i've demolished,Fire/Wildfire
5492,10727,I still need to finish the lover but I'm watching this other drama for 8 hours now and I'm an emotional wreck so the lover needs to wait,Not a disaster
5493,3616,Watching Desolation of Smaug and I always love catching the cameos. Caught Jackson at the beginning and Colbert just now.,Not a disaster
5494,2964,Possum problems and dead ducks. http://t.co/x6mZDBntRP,Not a disaster
5495,717,Christian Attacked by Muslims at the Temple Mount after Waving Israeli Flag via Pamela Geller - ... http://t.co/wGWiQmICL1,Violence/Attack/Terrorism
5496,10267,Saipan looks like a war zone though,Not a disaster
5497,8631,#OilandGas Exploration Takes Seismic Shift in #Gabon to #Somalia http://t.co/oHHolJ9vEV via @business,Earthquake
5498,7121,13 reasons why we love women in the military   - lulgzimbestpicts http://t.co/XKMLQ99SjY http://t.co/a3RGQuCUgo,Not a disaster
5499,2093,Keep alive your sound intensity level catering in keeping with auditory effect casualty insurance: hcXvNeoAV,Not a disaster
5500,4266,@HeyImBeeYT its like theres fire in my skin and im drowning from within ????,Fire/Wildfire
5501,11198,Severe flooding has submerged roads in Miami.,Flood
5502,6418,HWRF absolutely lashes Taipei with Hurricane force winds High Storm Surge and 20' of rain. Not good news at all!!! http://t.co/CNkvILe7bE,Storm/Hurricane/Tornado
5503,4,Forest fire near La Ronge Sask. Canada,Fire/Wildfire
5504,9627,iNWS Alert SPSGSP from 8/5/2015 10:40 PM to 11:15 PM EDT for Pickens County: STRONG THUNDERSTORM WILL IMPACT... http://t.co/LdcwKyuaFf,Storm/Hurricane/Tornado
5505,11244,People are stranded after sudden flooding hit Rome.,Flood
5506,10171,#Amsterdam POV video captures violent landing at Amsterdam Airport Schiphol during a st... http://t.co/AlUMrGl40e http://t.co/8h2KCTFB8I,Other disaster
5507,2199,Want to sell my boat of a car for a truck,Not a disaster
5508,8525,Can't stand when ppl BeyoncÌ©'fy certain tunes nd u lot will b screaming 'yaaasss' low it I'm not tryna hear a xfactor rendition of burna boy,Not a disaster
5509,9817,What I Learned About Fat Dating Trauma Through Piggy and Kermit https://t.co/FJwQdThAIh,Not a disaster
5510,5318,almost set the house on fire tryna make fucking hotdogs...,Fire/Wildfire
5511,11192,Rivers overflowed causing widespread flooding in Jakarta.,Flood
5512,3891,WATCH: Israel performs controlled detonation of land mines on Golan Heights - Jerusalem Po... http://t.co/0Y07oA5UeX #israel #israelnews,Not a disaster
5513,866,[JAX Biz Journal] FedEx stops shipping potential bioterror pathogens http://t.co/R33nCvjovC,Violence/Attack/Terrorism
5514,6942,also loki is treated too nicely for the fandom as a mass murderer but we all know why :),Not a disaster
5515,10528,"smHRN mhtw4fnet

Crews gaining on huge Northern California wildfire - CBS News",Fire/Wildfire
5516,4694,Men escape car engulfed in flames in Parley's Canyon crews investigating cause - http://t.co/fxdH3U8Bq3 http://t.co/YZHVobGOcQ,Other disaster
5517,10203,If you were the NWS wth a rotating storm w/ a report of a 'HUGE' / 'MASSIVE' / 'VIOLENT' tornado what would you do? https://t.co/J3dI85IST5,Storm/Hurricane/Tornado
5518,4369,#Children traumatised after the Nepal earthquake are educated on coping mechanisms.   http://t.co/UbwDBydK1a,Earthquake
5519,2290,@MattBuek Some pitchers gracefully lose their stuff. Some fall off a cliff and land on their throwing arm. Hard to tell who gets what.,Not a disaster
5520,39,Love my girlfriend,Not a disaster
5521,11297,Boats are being used for rescues in flooded areas of Manila.,Flood
5522,10756,Wreckage 'Conclusively Confirmed' as From MH370: Malaysia PM: Investigators and the families of those who were... http://t.co/O8sTW4YN8R,Accident/Crash
5523,6618,Ever notice if you follow too many fan sites they all seem to run together &amp; you feel like you are inundated with the same posts over &amp; over,Not a disaster
5524,4648,@snackwave_julie When You Are Engulfed in Cake #LiteraryCakes,Not a disaster
5525,814,A young German stormtrooper engaged in the Battle of the Somme 1916. [800 ÌÑ 582 ] http://t.co/yxvMifLvc4,Storm/Hurricane/Tornado
5526,3523,"CHICAGO FD
STILL &amp; BOX ALARM/EMS PLAN I 
 61ST &amp; CALUMET FOR THE EL TRAIN DERAILMENT
CINS/TG",Other disaster
5527,6895,Like bro they just committed a mass murder. You think they're gonna be scared to get guns illegally ????,Not a disaster
5528,869,FedEx no longer to transport bioterror germs in wake of anthrax lab mishaps http://t.co/RghHkWtKLR #newsdict #news  #FedEx,Violence/Attack/Terrorism
5529,4390,1.9 magnitude #earthquake. 16 km from Anchorage AK #UnitedStates http://t.co/wVu08yJGOK,Earthquake
5530,1797,Buildings on fire behind Tisa's in Niceville @tristapnwfdn https://t.co/ACl1baBacR,Fire/Wildfire
5531,1739,"Messi: has tattoos so he can't donate blood
Ronaldo: runs into burning buildings to save dogs #respect",Other disaster
5532,7135,@UniversityofLaw For the people who died in Human Experiments by Unit 731 of Japanese military http://t.co/vVPLFQv58P http://t.co/eG1fsKqBv6,Other disaster
5533,4830,Run out evacuation hospital indexing remedial of angioplasty dissertation at power elite hospitals dismayed:Û_ http://t.co/VGvJGr8zoO,Other disaster
5534,9108,reaad/ plsss Pic of 16yr old PKK suicide bomber who detonated bomb in Turkey Army trench released,Explosion
5535,590,Arson suspect linked to 30 fires caught in Northern California http://t.co/HkFPyNb4PS,Fire/Wildfire
5536,9791,@BoyInAHorsemask its a panda trapped in a dogs body,Other disaster
5537,1943,Burning buildings? Media outrage? http://t.co/pHixZnv1YN,Other disaster
5538,9739,Rly tragedy in MP: Some live to recount horror: ÛÏWhen I saw coaches of my train plunging into water I called ... http://t.co/0Xh758OnUP,Other disaster
5539,5716,Fire in Pisgah National Forest grows to 375 acres http://t.co/d7zxZ42QW1,Fire/Wildfire
5540,8053,reaad/ plsss 12000 Nigerian refugees repatriated from Cameroon,Not a disaster
5541,6172,Swansea ?plot hijack transfer move for Southampton target Virgil van Dijk? http://t.co/DNZjWwTAkI,Not a disaster
5542,4013,#MicrosoftÛªs #Nokia acquisition was an even bigger #disaster than we ever imagined http://t.co/CV0mrisFt3,Not a disaster
5543,10675,Court back in session. Testimony continues with med. examiner discussing gunshot wounds #KerrickTrial,Not a disaster
5544,562,RT @an_opus: Elliott will be on probation for two years and will have to pay fines up to $1179.  http://t.co/72bcyfbTj3,Not a disaster
5545,7955,Rainstorm Destroys 600 Houses in Yobe State http://t.co/nU0D3uANNZ,Storm/Hurricane/Tornado
5546,10945,Authorities confirmed seismic activity near Sydney moments ago.,Earthquake
5547,6382,#hot  C-130 specially modified to land in a stadium and rescue hostages in Iran in 1980 http://t.co/OnvD9D4NKg #prebreak #best,Violence/Attack/Terrorism
5548,6215,Governor allows parole for California school bus hijacker: Local... http://t.co/tAM6aoskoJ http://t.co/eL24mnFcHw,Other disaster
5549,6227,Demco 8550013 Hijacker 5th Wheel Hitch 21K Ultra Series Double Pivot http://t.co/hRdwGfbFYq http://t.co/nUOhKmPZFj,Not a disaster
5550,883,#anthrax #bioterrorism CDC To Carry Out Extensive Review of Lab Safety And Pathogen Handling Procedures http://t.co/bCLqpWFDOd,Violence/Attack/Terrorism
5551,10781,RT @australian Debris found on an Indian Ocean island confirmed to be from flight #MH370. http://t.co/gY9MrSl6x2,Not a disaster
5552,4302,OH SHIT DUST'S STORM ATTACK AND FIDGET'S BULLET THING MADE SOME CRAZY RICOCHET ATTACK,Storm/Hurricane/Tornado
5553,4341,@deadlydemi even staying up all night to he barrier for tÌüp and then having to run through a dust storm and almost passing out?,Storm/Hurricane/Tornado
5554,2034,@Catwoman1775 Another shooting in a movie theater this is getting more crazier but I'm glad they got the shooter &amp; no casualties.,Violence/Attack/Terrorism
5555,11006,The earthquake in Miami caused power outages and road damage.,Earthquake
5556,2823,@ERPESTAR i aint a bitch girl popobawa revolves around you the cyclone,Storm/Hurricane/Tornado
5557,8371,Why does my family have to ruin something that is actually going good for me??,Not a disaster
5558,7747,Police: Gunman reported dead at Nashville area theater: A suspect who carried a gun and a hatchet at the Carmi... http://t.co/kqvN1uTpMM,Other disaster
5559,5696,Typhoon Soudelor approaches after 7 killed 2 missing in floods in Philippines http://t.co/hALJNnWrwi via @abc7chicago,Flood
5560,4389,1.57 magnitude #earthquake. 27 km from #Ramona CA #UnitedStates http://t.co/ZtOlVGkDuk,Earthquake
5561,5665,@pmharper don't worry I'm sure climate has nothing to do with hail floods tornados in Alberta &amp; Ontario. I'm sure god's just mad at you.,Flood
5562,7505,Refugio oil spill may have been costlier bigger than projected http://t.co/OSJUrFDDkt,Other disaster
5563,8909,Had a dream that @woodelijah was driving me through a snowstorm.  We went to a restaurant and I left my journal behind.  #writerslife,Storm/Hurricane/Tornado
5564,2193,Learning from the Legacy of a Catastrophic Eruption - The New Yorker http://t.co/t344PhNpy9,Other disaster
5565,8038,"@fadelurker @dalinthanelan &lt; right now.

Even after two years there were still refugees camped just south of Redcliffe village and Aidan &gt;",Other disaster
5566,5719,@Sweet2Young -runs at her for setting my forest on fire and bites the shit out of her neck-,Fire/Wildfire
5567,2243,Chemical spill at a house in Hammondville. Emergency services attending. #BreakingNews #7News http://t.co/bQ94MjYgfe,Not a disaster
5568,11247,Flooding shut down major roads in Mexico City today.,Flood
5569,2835,Like a cyclone imperialism spins across the globe; militarism crushes peoples and sucks their blood like a... http://t.co/n3VbTC6NCa,Storm/Hurricane/Tornado
5570,56,Barbados #Bridgetown JAMAICA ÛÒ Two cars set ablaze: SANTA CRUZ ÛÓ Head of the St Elizabeth Police Superintende...  http://t.co/wDUEaj8Q4J,Other disaster
5571,34,What a wonderful day!,Not a disaster
5572,4324,Let it be gone away like a dust in the wind .... Big Wind like a Tornado with Blizzard Thunder and Storm its that what I always want it,Storm/Hurricane/Tornado
5573,305,Cop pulls drunk driver to safety SECONDS before his car is hit by train. http://t.co/cSsc8HcsXnåÊ http://t.co/jBlGyLCsAy via @ViralSpell,Not a disaster
5574,4552,Municipal Emergency Plan deactivated! Crisis averted.  https://t.co/37L4qUAAVu,Not a disaster
5575,1657,@snapharmony : Bells toll in Hiroshima as Japan marks 70 years since atomic bombing http://t.co/yPvvqZ8jzt,Explosion
5576,10286,70 years ago today the U.S.  dropped a nuclear weapon on Japan. Here are some articles that share my opinion on that decisionÛ_,Other disaster
5577,2631,#News Bin Laden family plane crashed after 'avoiding microlight and landing too far down runway' http://t.co/x9MDHocpda,Accident/Crash
5578,2818,@Aliyeskii @wquddin @tunkhin80 @MaungKyawNu @drkhubybe @nslwin @ibrahimdubashi @mdskar @zarnikyaw @kyawthu043 After cyclone,Storm/Hurricane/Tornado
5579,108,Coincidence Or #Curse? Still #Unresolved Secrets From Past http://t.co/7VG8Df9pLE #accident,Accident/Crash
5580,3958,70 Years After Atomic Bombs Japan Still Struggles With Wartime Past: The anniversary of the devastation wroug... http://t.co/EfsA6pbeMC,Explosion
5581,1136,Poor Jack ??,Not a disaster
5582,9027,Lately I been stressing make me wanna put a fuck nigga on a stretcher!,Not a disaster
5583,450,ouvindo Peace Love &amp; Armageddon,Not a disaster
5584,10607,GENERAL AUDIENCE: On Wounded Families | ZENIT - The World Seen From Rome http://t.co/hFvnyfT78C,Not a disaster
5585,11008,Emergency crews are responding after an earthquake rattled Mexico City.,Earthquake
5586,525,Hope the Salvation Army at least gave you a tax receipt.  https://t.co/Ir9c545rZy,Not a disaster
5587,6901,Asad is also a mass murderer.  https://t.co/dZOReZpxvR,Not a disaster
5588,4290,Migrants drowning - we will be erecting monuments 100 years from now and shed tears for the most powerful nations' greed of letting them die,Not a disaster
5589,5854,Twin Storms Blow Through Calgary ~ 1 http://t.co/rzaGDnWTAH http://t.co/uqEttaGSCU,Storm/Hurricane/Tornado
5590,3276,NOTHING YOU MIDGET I WILL DEMOLISH YOU SHOW SOME RESPECT,Not a disaster
5591,8041,Top story: @ViralSpell: 'Couple spend wedding day feeding 4000 Syrian refugeesÛ_ http://t.co/5lMo710D5f see more http://t.co/G9LREAlToJ,Not a disaster
5592,9429,@ShaunKing Check this out: Tribute to survivors of sexual assault by law enforcement officers on facebook.,Not a disaster
5593,2996,For everyone that doesn't know Chris Prater was struck by a train this morning and pronounced dead on scene. Prayers to his family.,Not a disaster
5594,1829,This is why you should be burned at the stake ! https://t.co/YpezipY2NY,Not a disaster
5595,5268,Bear Markets Are Driven By Fear And Fear Has Taken Over Many European Markets. Don't ... - http://t.co/MlaxoJ1kCJ http://t.co/yGfgndIBpo,Not a disaster
5596,1868,I'm proud of my heart it's been played stabbed cheated burned and broken. But somehow still works,Not a disaster
5597,1187,Oh I see we are now tied?  Sweet!  It's all in the Blizzard,Not a disaster
5598,7073,CommoditiesåÊAre Crashing Like It's 2008 All Over Again http://t.co/nJD1N5TxXe via @business,Not a disaster
5599,8128,Young children among those rescued from capsized boat off Libya http://t.co/Kot9zVD2H7 via @IrishTimesWorld,Other disaster
5600,10848,I just heard a really loud bang and everyone is asleep great,Not a disaster
5601,9759,"Leitchfield KY:

 Bella Edward &amp; Rosalie need rescue/adoption/local foster home(s)/sponsorships.

 Trapped &amp;... http://t.co/Ajay0sNPlg",Other disaster
5602,3877,Don't miss Chris #Appy's detonation of the myths obscuring our crime in #Hiroshima 70 yrs ago this month. @salon http://t.co/DlP8kPkt2k,Other disaster
5603,3348,That ball was fucking demolished,Not a disaster
5604,2144,#nar #phuket Ultimate #preparedness library: http://t.co/qYAeNDvDGC Prepare Yourself For Any Catastrophe. Over http://t.co/3Zp6Ahnsxn,Other disaster
5605,4315,Photo: susfu: Dust storm rolling onto the base by cptesco August 03 2008 at 09:39PM http://t.co/ekkruDQzbv,Storm/Hurricane/Tornado
5606,10540,Reality Training: Train falls off elevated tracks during windstorm http://t.co/JIOMnrCygT #Paramedic #EMS,Storm/Hurricane/Tornado
5607,2743,So many Youtube commenters saying the Dothraki would get crushed if they came to Westeros...nah bro you underestimate the Dothraki,Other disaster
5608,4113,Treasures revealed as California drought drains lakes http://t.co/kAH1KmTrj7,Other disaster
5609,5023,#Fracking #Ecocide Eyewitness to Extreme Weather: 11 Social Media Posts that Show Just How Crazy T... http://t.co/dEdDH8Rme8 #Revolution,Not a disaster
5610,1832,when you're taking a shower and someone flushes the toilet and you have .1 second to GTFO or you get burned??????????????????????????????????????????????????,Not a disaster
5611,6676,So cool @GarbanzoBean23 in the news! Cutest INDOT worker but I might be a little bias ?? http://t.co/g7K9TqVQbk,Not a disaster
5612,3808,"Apollo Brown - Detonate (ft. M.O.P.) [Single] http://t.co/S5mU04L2rl
@ApolloBrown",Not a disaster
5613,10516,Wildfire near Columbia River town is 50 percent contained http://t.co/gzGpWSqyMW #FireNews #WA http://t.co/ay49MTYyL8,Fire/Wildfire
5614,6195,The Hijacker-Turned-SAT-Tutor Who Evaded Authorities for Three Decades http://t.co/cSXvwXUZ6t via @slate,Other disaster
5615,11127,Homes were damaged as floodwaters surged through Bangkok.,Flood
5616,516,One Direction Is my pick for http://t.co/q2eBlOKeVE Fan Army #Directioners http://t.co/eNCmhz6y34 x1392,Other disaster
5617,6311,@EvaHanderek @MarleyKnysh great times until the bus driver held us hostage in the mall parking lot lmfao,Violence/Attack/Terrorism
5618,9847,Your brain is particularly vulnerable to trauma at two distinct ages http://t.co/RAv8iMVvZB via @qz,Not a disaster
5619,964,Property losses from #California wildfire nearly double as week-old blaze rages: The fireÛ_ http://t.co/MsdizftZ2g,Fire/Wildfire
5620,9516,@VICE no sympathyONLF is a terrorist group affiliated with AL shabab This is war! Go report on  war crimes committed by Western powers!,Violence/Attack/Terrorism
5621,3426,Related News: Here&amp;#8217;s what caused a Metro train to derail in downtown D.C. - Local - The Washington Post |  http://t.co/4AoNQ9vnhs,Not a disaster
5622,1144,"Imagine if 2 Old Gods were awakened to start a Blight 2.0
@BioMarkDarrah @Mike_Laidlaw",Not a disaster
5623,10348,I liked a @YouTube video from @dannyonpc http://t.co/AAuIzGGc9Q Battlefield Hardline - 11 NEW WEAPONS - New map - Throwingknifes!,Not a disaster
5624,3720,Flood: Two people dead 60 houses destroyed in Kaduna http://t.co/8H2SP6Ze3o,Flood
5625,5394,Mark your Calendars: Fire truck parade returns to Raleigh! http://t.co/QGCAqdfEKf,Fire/Wildfire
5626,6198,School Bus Hijacker Given Parole After 39 Years http://t.co/HmRt98OydJ,Other disaster
5627,6679,Method in contemplation of incident an leading bridal landslide: wiWNpFXA http://t.co/xysNXUM29T,Other disaster
5628,4510,11000 SEEDS 30 VEGETABLE FRUIT VARIETY GARDEN KIT EMERGENCY SURVIVAL GEAR MRE  - Full reaÛ_ http://t.co/OH4YSttyCo http://t.co/X8Kv8tZZE8,Not a disaster
5629,1742,kou is like [CASH REGISTER] [BUILDINGS BURNING],Not a disaster
5630,4499,Survival Kit Whistle Fire Starter Wire Saw Cree Torch Emergency Blanket S knife  - Full reÛ_ http://t.co/cm7HqwWUlZ http://t.co/KdwAzHQTov,Fire/Wildfire
5631,9398,The Cafe Run by Acid Attack Survivors in #India http://t.co/XtVRJMRREs http://t.co/ndvlAPJvQL,Violence/Attack/Terrorism
5632,9538,Isn't it ironic that on the anniversary of Hiroshima our current President is helping a terrorist nation acquire nuclear weapons. #TRAITOR,Violence/Attack/Terrorism
5633,3472,It's so freeing to name a new .doc 'NEWIDEA' and then get back to #writing w/out having derailed yourself thinking of a title. Or w/twitter.,Not a disaster
5634,2341,#Greece's tax revenues collapse as debt crisis continues via @guardian #bailout http://t.co/cJvbQXw83s ^mp,Other disaster
5635,9003,? Stretcher in 5 min // Speaker Deck http://t.co/gXgJqQu3hU #pctool,Not a disaster
5636,6081,Good morning. Slept about 6 hours. The heat wave hits Japan... The hot days still continue. I guess some people were killed by this climate.,Not a disaster
5637,10202,Slow clap for this pilot. Dramatic Video Shows Plane Landing During Violent Storm http://t.co/CgVUY3RcxO,Storm/Hurricane/Tornado
5638,1047,You cut me open and I keep bleeding. #BleedingLove #LeonaLewis #acapella #singer #canadiansingerÛ_ https://t.co/51pfEIlPNK,Not a disaster
5639,9103,Look at the previous battles. Citizens were committing suicide so to not be under American control. The bomb was the only way. @NBCNews,Explosion
5640,7706,BizInsider: People are finally panicking about cable TV - Traditional TV is continuing to have trouble competing w... http://t.co/X0Xnpc1y3t,Not a disaster
5641,677,Police: Assailant in latest US movie theatre attack was homeless had psychological issues http://t.co/zdCvlYq6qK,Violence/Attack/Terrorism
5642,2710,@AmyRamponi But theyÛªre not crushed? It doesnÛªt set up some negative self-fulfilling prophecy or negative self-talk? #psychat,Not a disaster
5643,7247,beforeitsnews : 3 former executives to be prosecuted in Fukushima nuclear disaster Û_ http://t.co/FgVN2vCrrX) http://t.co/kftVNU7nvf,Other disaster
5644,990,Bit pacquiao vs marquez 3 unfilled blazing swarm online: DuRvOd http://t.co/6VJA8R4YXA,Not a disaster
5645,3243,Businesses are deluged with invoices. Make yours stand ogt with colomr or shape and it's likely to rise to the top of the pay' pile.,Not a disaster
5646,217,Horrible Accident  Man Died In Wings of AirplaneåÊ(29-07-2015) http://t.co/5ZRKZdhODe,Accident/Crash
5647,6443,Experienced urogyn trying to help mesh injured women talks the worst offenders. http://t.co/NpOQLkqUP9 @meshnewsdesk,Other disaster
5648,3138,#KAMINDOZ #reuters Debris confirmed from MH370; relatives hope for discovery of crash s... http://t.co/xrdwR8CDvM http://t.co/fxtfFL4aXy,Accident/Crash
5649,4002,Trying to route my sister into W. Lafayette from the Indy airport. Suggested I-74 to SR 25 west of Crawfordsville. Hope it's not a disaster.,Not a disaster
5650,398,will there be another jocelyn birthday apocalypse,Not a disaster
5651,5568,If you decide to get rid of #flood damaged #furniture solid waste will pick it up for a fee. You can call #Tampa Solid Waste at 813-274-8811,Flood
5652,7744,why are people panicking about results day though hahahah like worrying is going to change your results,Not a disaster
5653,1191,Stats http://t.co/U7vavyrGv9,Not a disaster
5654,4853,New evacuation ordered for 25 homes in danger of Hwy. 8 fire near Roosevelt Wash. http://t.co/SQsyUeh4yI #KOIN6News http://t.co/199t7ND0pm,Fire/Wildfire
5655,10999,Emergency crews are responding after an earthquake rattled Jakarta.,Earthquake
5656,7252,"?#FUKUSHIMA?#TEPCO?
Fukushima Nuclear Disaster | Increased Thyroid Cancer in #US - Integrative Cancer Answers
http://t.co/7Y2GNVA2eV",Other disaster
5657,20,Damage to school bus on 80 in multi car crash #BREAKING ,Accident/Crash
5658,1076,wouldn't want me to quit even if I was bleeding,Not a disaster
5659,8418,Watch This Airport Get Swallowed Up By A Sandstorm In Under A Minute http://t.co/sEquWmvFx4,Storm/Hurricane/Tornado
5660,9745,Robert Gagnon reviews the catastrophe of imposing same-sex marriage and how Christians should respond http://t.co/HIpklxpHnp,Other disaster
5661,10988,People evacuated buildings after feeling a strong quake in Rome.,Earthquake
5662,4800,KATUNews: #SR14 remains closed as brush fire burns 1700 acres: http://t.co/QposKp3MWj #LiveOnK2 http://t.co/mTQjsvupwy,Fire/Wildfire
5663,896,@MeyerBjoern @thelonevirologi @MackayIM of a major American newspaper running a series on all the alleged bioterrorism research going on 2/n,Violence/Attack/Terrorism
5664,7304,"Nuclear-Deal: Indo-Japan pact lies at the heart of two US reactor-based projects - The Indian Express 

Read more... http://t.co/FMxmNNRDFe",Not a disaster
5665,7552,More than 40 families affected by the fatal outbreak of Legionnaires' disease in Edinburgh are to sue two comp... http://t.co/vsoXioOy78,Other disaster
5666,3084,It's Time To Reduce Gun Deaths http://t.co/ilADQEBxPn,Other disaster
5667,3618,Watching 'The Desolation of Smaug' in Spanish is a hell of a drug,Not a disaster
5668,6547,California LawÛÓNegligence and Fireworks Explosion Incidents http://t.co/d5w2zynP7b,Fire/Wildfire
5669,3824,52.214904 5.139055 Nuke please. Target Hilversum please detonate 800 meters below surface.,Other disaster
5670,11151,People are stranded after sudden flooding hit Auckland.,Flood
5671,7091,Byproduct of metal price meltdown is a higher silver price http://t.co/cZWjw4UV7i,Other disaster
5672,876,USATODAY: On today's #frontpage: #Bioterror lab faced secret sanctions. #RickPerry doesn't make the cut for FoxNewÛ_ http://t.co/xFHh2XF9Ga,Violence/Attack/Terrorism
5673,7289,70 years ago today 1945 #Hiroshima was the first nuclear atomic bomb leaving a major disaster in the wake. http://t.co/oW4GeXyNbH,Explosion
5674,5334,I just watched Halt and Catch Fire 2x10 'Heaven is a Place' https://t.co/jcPxOrV3AU #trakt,Fire/Wildfire
5675,8096,4 kidnapped ladies rescued by police in Enugu | Nigerian Tribune http://t.co/xYyEV89WIz,Other disaster
5676,1224,SEAN END CAREER sG Blizzard vs KNOCKOUT ... http://t.co/nyv51681uE,Not a disaster
5677,3484,So a train derailed and instead of me getting to work early like I would've I'm now late as fuck,Other disaster
5678,9487,"Truth...
https://t.co/n1K5nlib9X
#News
#BBC
#CNN
#Islam
#Truth
#god
#ISIS
#terrorism
#Quran
#Lies http://t.co/CGz84MUOCZ",Violence/Attack/Terrorism
5679,5104,#Russian food crematoria provokes outrage amid crisis famine memories http://t.co/FjeaFgbZfJ,Other disaster
5680,5213,@Truly_Stings Yo Dm me,Other disaster
5681,3853,Ignition Knock (Detonation) Sensor-Senso Standard KS94 http://t.co/IhphZCkm41 http://t.co/wuICdTTUhf,Other disaster
5682,6424,HURRICANE GUILLERMO LIVE NOAA TRACKING / LOOPING WED.AUG.5TH ~ http://t.co/QktRt2J1o8 ~  http://t.co/b0JxS5QKkh http://t.co/KP05TOwSfM,Storm/Hurricane/Tornado
5683,4862,my damn head feel like it's gone explode ??,Not a disaster
5684,5094,Russian 'food crematoria' provoke outrage amid crisis famine memories http://t.co/h6Z7hXUqtu via @YahooNews,Other disaster
5685,8814,I'm falling to pieces and I won't be whole until you let me in ? Heroine by Sleeping With Sirens ÛÓ https://t.co/tQxLQUKq7z,Not a disaster
5686,4904,I feel like I'm going to explode with excitement! Wonder begins within the hourÛ_Û_ https://t.co/zDZJ5kRbzr,Not a disaster
5687,8758,So when r u getting married'@Foxy__Siren: Oh finally Jennifer Aniston got married??????... I'm so happy for her ??????,Not a disaster
5688,7407,@breakingnewslh @bree_mars watch cnn's the seventies terrorism episode. Iran has always hated the U.S. They want us obliterated.,Violence/Attack/Terrorism
5689,5277,"...@jeremycorbyn must be willing to fight and 2 call a spade a spade. Other wise very savvy piece by @OwenJones84 
http://t.co/fabsyxQlQI",Not a disaster
5690,7317,Nuclear #Solar Power #Japanese #Fukushima Reactor Energy Japan Temperature No. Fuel Pool More  http://t.co/YS3nMwWyVc http://t.co/AlpotNB7q3,Other disaster
5691,4227,So I pick myself off the ground and swam before I drowned. Hit the bottom so hard I bounced twice suffice this time around is different.,Other disaster
5692,365,@willienelson We need help! Horses will die!Please RT &amp; sign petition!Take a stand &amp; be a voice for them! #gilbert23 https://t.co/e8dl1lNCVu,Other disaster
5693,10002,Drunk #BBMeg! ??????,Not a disaster
5694,8115,Three suspects in police net for kidnapping &amp; trafficking a 4month old Baby from Kontagora to Aba# Baby rescued alive.,Not a disaster
5695,7584,Families to sue over Legionnaires' disease outbreak in Edinburgh - BBC News http://t.co/rM6CNzkSzL,Other disaster
5696,8408,SANDSTORM!!! WOO HOO!!,Storm/Hurricane/Tornado
5697,3871,Detonation fashionable mountaineering electronic watch water-resistant couples leisure tabÛ_ http://t.co/GH48B54riS http://t.co/2PqTm06Lid,Not a disaster
5698,9586,The thunder shook my house woke my sister and made car alarms go off ????,Other disaster
5699,93,@nxwestmidlands huge fire at Wholesale markets ablaze http://t.co/rwzbFVNXER,Fire/Wildfire
5700,2478,The 2 cars right in front of me collided and If I hadnt stopped in time it would've been me too. #ButGod ????,Other disaster
5701,4675,@godsfirstson1 and she wrapped his coat around herself. It practically engulfed her.,Other disaster
5702,11281,Flash floods swept through Los Angeles after heavy rainfall.,Flood
5703,10577,Texas Seeks Comment on Rules for Changes to Windstorm Insurer: The Texas Department of Insurance is seeking pu... http://t.co/NGF9n8Jquu,Storm/Hurricane/Tornado
5704,7076,http://t.co/HFqlwo1kMy E-Mini SP 500: Earnings letdown equals market meltdown! http://t.co/LEi9dWVllq #Amazon,Not a disaster
5705,4885,Facebook Influence 2.0: Simple strategy to explode your Facebook page and create moreÛ_ http://t.co/rWPRtMIbHl,Not a disaster
5706,5983,8/6/2015@1:08 PM: HAZARD IN HIGH TRAFFIC AREA at 1500 WRIGHTSBORO RD http://t.co/DdUxtHvVnr,Other disaster
5707,2805,Here comes the next Episode #Scorpion #Cyclone @ScorpionCBS,Storm/Hurricane/Tornado
5708,10797,@Nathan26_RFC thought you said Saturday night there and near died lolol you'll be wrecked!!,Accident/Crash
5709,246,Early wake up call from my sister begging me to come over &amp; ride w/her in the ambulance to the hospital #RODKiai,Other disaster
5710,9584,#FatLoss #Diet How Can You Find The Best Ways To Reduce Weight? http://t.co/czcC7NIEoX #Thunder #Health,Not a disaster
5711,1652,Japan Marks 70th Anniversary of Hiroshima Atomic Bombing http://t.co/jzgxwRgFQg,Explosion
5712,2581,This is hilarious! Look at all of you! We got: Hairity Rainbow Crash Spitty Pie #Spikebot,Accident/Crash
5713,5977,@SuperBobbyPires Hazard Ronaldo Cantona Pepe and all those who lashed out before him.,Not a disaster
5714,11187,Residents are evacuating due to rising floodwaters in Manila.,Flood
5715,596,Contra Costa Co. authorities arrest suspected serial arsonist: Authorities believe thatÛ_ http://t.co/bzCmzM7bi5 | http://t.co/LBQldyKgdp,Not a disaster
5716,5405,Photo: xshanemichaelsx: instaxbooty: ?? @johnnyxphixxle ?? (via TumbleOn) Is that a fire truck ? I need to... http://t.co/WZ809L8zP5,Fire/Wildfire
5717,886,@DarrellIssa Does that 'great Iran deal' cover bioterrorism? You got cut off terrible of them. Keep up the good work.,Violence/Attack/Terrorism
5718,2145,not a catastrophe at all I'm perfectly content. being the only one means nothing when I'm being controlled. text me if you got crap to say,Not a disaster
5719,7988,The Latest: More Homes Razed by Northern California Wildfire - ABC News http://t.co/2872J5d4HB,Fire/Wildfire
5720,8779,Ebay Snipe RT? http://t.co/tRw1OmykQz Whelen Sa-314  Siren Pa Speaker Mount Bracket Universal  With Screws ?Please Favorite &amp; Share,Not a disaster
5721,3199,Here I'm the UK there isn't a deluge of Canadian themed tops around...The timing was perfect. I can't quite believe it. Mad.,Other disaster
5722,8982,@DovahSwag @Gray_Greymane DotA 2 &gt; Heroes Of The Storm &gt; League Of Legends,Storm/Hurricane/Tornado
5723,1578,My aunt just gave me this drink at the game and it's bomb???? I'll never tell what in it though shhhh??????? http://t.co/vsFS7zr1gI,Explosion
5724,6028,Drums of Hazardous Waste Dumped Around Kodiak Island: Someone has dumped drums of hazardous was... http://t.co/ZSnnrULaWo &gt;@alaskapublic,Not a disaster
5725,4348,#Earthquake #Sismo M 1.4 - 4km E of Interlaken California: Time2015-08-06 00:52:25 UTC2015-08-05 17:52:25 -07... http://t.co/wA5C77F8vQ,Earthquake
5726,1626,Storm in RI worse than last hurricane. My city&amp;3others hardest hit. My yard looks like it was bombed. Around 20000K still without power,Storm/Hurricane/Tornado
5727,6442,@NewsBreaker @sothathappened SO wheres the story? Anybody injured? Where did this happen?,Not a disaster
5728,5305,The number of people denying climate change on the polar bear article makes me fear for the future of the US but also humanity in general.,Not a disaster
